time,real,pred_4,pred_8,pred_12
2025-01-11 00:00:00,8.7,7.0254965,7.0422177,7.716541
2025-01-11 01:00:00,9.900000000000002,7.0338306,7.151993,7.6054606
2025-01-11 02:00:00,8.6,6.901065,6.9848294,7.241619
2025-01-11 03:00:00,9.0,6.760432,6.563715,6.923026
2025-01-11 04:00:00,9.900000000000002,6.627132,6.314101,6.604143
2025-01-11 05:00:00,9.900000000000002,6.389673,6.1461687,6.2685785
2025-01-11 06:00:00,10.6,6.315512,5.972702,5.8377132
2025-01-11 07:00:00,10.6,5.859807,5.8060455,5.606879
2025-01-11 08:00:00,10.8,5.863987,5.6307173,5.4793434
2025-01-11 09:00:00,10.9,6.2599554,5.472412,5.558689
2025-01-11 10:00:00,11.5,7.474278,6.4106226,6.269785
2025-01-11 11:00:00,11.5,9.510643,8.8229885,8.322841
2025-01-11 12:00:00,11.8,10.891542,10.696267,10.130873
2025-01-11 13:00:00,13.1,12.428907,12.212714,11.7595215
2025-01-11 14:00:00,14.3,13.36921,13.160397,13.124645
2025-01-11 15:00:00,14.6,14.209067,13.526123,13.750004
2025-01-11 16:00:00,14.5,14.25655,13.699944,13.930051
2025-01-11 17:00:00,13.3,13.800126,13.883098,13.625486
2025-01-11 18:00:00,12.1,12.9296,13.172172,12.465248
2025-01-11 19:00:00,11.2,10.627638,11.659394,10.416626
2025-01-11 20:00:00,9.2,8.590872,9.348331,9.562799
2025-01-11 21:00:00,8.8,7.717374,7.805252,8.953286
2025-01-11 22:00:00,7.6,7.5637326,7.0943027,7.9756136
2025-01-11 23:00:00,7.5,7.345613,6.750357,7.314915
2025-01-12 00:00:00,6.5,6.7833667,6.2651954,6.330135
2025-01-12 01:00:00,5.800000000000001,6.1361246,5.8762655,5.61032
2025-01-12 02:00:00,6.1,5.5817184,5.6135044,5.2635803
2025-01-12 03:00:00,5.5,4.8918924,5.196533,4.83834
2025-01-12 04:00:00,5.300000000000001,4.692074,4.6970606,4.5218906
2025-01-12 05:00:00,5.300000000000001,4.3219833,4.230646,4.4012785
2025-01-12 06:00:00,4.800000000000001,3.956891,4.151354,4.180091
2025-01-12 07:00:00,4.1,3.8675652,4.0980177,3.7620401
2025-01-12 08:00:00,3.6999999999999993,3.582344,4.269082,3.3552046
2025-01-12 09:00:00,3.5,3.226963,4.297859,3.226925
2025-01-12 10:00:00,5.699999999999999,4.3622646,4.866605,4.223233
2025-01-12 11:00:00,8.1,9.216581,8.117769,7.9597487
2025-01-12 12:00:00,9.8,11.270901,10.336113,10.287407
2025-01-12 13:00:00,10.7,12.770731,11.81736,11.646986
2025-01-12 14:00:00,11.5,13.701077,13.086722,12.824276
2025-01-12 15:00:00,10.7,14.018824,13.946728,13.851973
2025-01-12 16:00:00,10.1,13.619668,13.756344,14.182797
2025-01-12 17:00:00,9.1,12.264255,13.095632,13.739454
2025-01-12 18:00:00,7.6,10.037075,11.513812,12.226994
2025-01-12 19:00:00,6.5,8.239745,9.159645,9.046198
2025-01-12 20:00:00,5.800000000000001,7.4983783,7.657391,7.820548
2025-01-12 21:00:00,5.5,7.152618,6.607808,7.0906377
2025-01-12 22:00:00,4.800000000000001,6.808685,5.9165936,5.949065
2025-01-12 23:00:00,4.0,6.013195,5.635212,5.029437
2025-01-13 00:00:00,3.4000000000000004,5.2133713,5.531376,4.5700254
2025-01-13 01:00:00,2.5,4.6275043,5.3324986,4.052702
2025-01-13 02:00:00,2.5,4.181451,4.959894,3.7804174
2025-01-13 03:00:00,1.8000000000000007,3.6623287,4.2598495,3.76857
2025-01-13 04:00:00,1.0999999999999996,3.1224813,3.7810335,3.7050266
2025-01-13 05:00:00,0.5999999999999996,2.665802,3.5838585,3.4803658
2025-01-13 06:00:00,0.8000000000000007,2.319747,3.5603704,3.203641
2025-01-13 07:00:00,0.8000000000000007,2.1408796,3.5230112,2.7261658
2025-01-13 08:00:00,0.5,1.8104706,3.2275019,2.6581984
2025-01-13 09:00:00,0.3000000000000007,1.4744873,2.7143726,2.948576
2025-01-13 10:00:00,2.6999999999999993,1.7761488,2.8385963,3.6720037
2025-01-13 11:00:00,6.2,2.939499,3.4362783,4.2935295
2025-01-13 12:00:00,8.8,3.7457561,4.281063,4.596298
2025-01-13 13:00:00,9.8,4.4769564,5.340844,5.2063465
2025-01-13 14:00:00,10.9,4.930771,5.967059,5.959158
2025-01-13 15:00:00,10.4,5.4912806,6.144661,6.2733107
2025-01-13 16:00:00,9.7,5.4937534,5.8179207,6.1902266
2025-01-13 17:00:00,8.5,4.8260756,5.234497,5.8615522
2025-01-13 18:00:00,5.4,4.212125,4.6697836,5.248596
2025-01-13 19:00:00,2.6999999999999993,3.4044886,4.15479,4.726697
2025-01-13 20:00:00,1.5,2.3820753,3.9269104,4.339405
2025-01-13 21:00:00,1.1999999999999993,1.7163773,3.7142143,4.056347
2025-01-13 22:00:00,0.8000000000000007,1.69489,3.506382,3.81744
2025-01-13 23:00:00,-0.09999999999999964,2.1052294,3.4829655,3.5515985
2025-01-14 00:00:00,-1.0,2.5374851,3.5115652,3.4438887
2025-01-14 01:00:00,-0.3000000000000007,2.857995,3.643898,3.3687973
2025-01-14 02:00:00,0.09999999999999964,3.0703354,3.746829,3.571907
2025-01-14 03:00:00,-0.3000000000000007,3.1719446,3.5164537,4.2233353
2025-01-14 04:00:00,-0.6999999999999993,3.1297512,3.3227358,4.2892685
2025-01-14 05:00:00,-0.8000000000000007,3.074274,3.2130308,4.090069
2025-01-14 06:00:00,-0.8000000000000007,2.9409847,3.0318775,3.9224968
2025-01-14 07:00:00,-0.3000000000000007,2.8165026,2.7526903,3.8056135
2025-01-14 08:00:00,-0.1999999999999993,2.7174196,2.426342,3.4022818
2025-01-14 09:00:00,0.0,2.362217,2.049282,2.9490242
2025-01-14 10:00:00,2.9000000000000004,1.7766266,1.8314619,2.7762222
2025-01-14 11:00:00,5.1,4.684862,4.3419037,4.2930565
2025-01-14 12:00:00,6.6,7.3183284,6.9181433,5.916744
2025-01-14 13:00:00,7.6,8.742903,8.704195,7.313908
2025-01-14 14:00:00,8.8,9.684908,9.9106,9.11314
2025-01-14 15:00:00,8.8,10.195014,10.245703,10.323665
2025-01-14 16:00:00,8.9,9.916054,10.24303,10.808431
2025-01-14 17:00:00,7.9,9.597154,9.866404,10.667906
2025-01-14 18:00:00,4.300000000000001,8.084148,8.570034,9.391135
2025-01-14 19:00:00,3.0999999999999996,5.282404,5.6933537,6.068696
2025-01-14 20:00:00,0.09999999999999964,4.005912,3.8751097,4.074335
2025-01-14 21:00:00,-1.6999999999999993,3.2258625,3.1626568,3.3063345
2025-01-14 22:00:00,-2.3000000000000007,3.1406727,2.9627008,2.943244
2025-01-14 23:00:00,-1.5999999999999996,3.2472496,2.9267054,2.9137383
2025-01-15 00:00:00,-0.09999999999999964,3.2015343,2.903325,2.4813852
2025-01-15 01:00:00,0.5999999999999996,3.1921835,3.0184002,2.3289661
2025-01-15 02:00:00,0.5,3.0832434,2.9682827,2.1141262
2025-01-15 03:00:00,-0.09999999999999964,2.8838444,2.6293411,2.1498146
2025-01-15 04:00:00,-0.3000000000000007,2.6734734,2.422449,2.160634
2025-01-15 05:00:00,-0.1999999999999993,2.4522438,2.3132582,2.180089
2025-01-15 06:00:00,-0.3000000000000007,2.2831202,2.17389,2.1505995
2025-01-15 07:00:00,-0.6999999999999993,2.2145576,1.9766855,1.889224
2025-01-15 08:00:00,-1.0,2.2520227,1.7974739,1.9036484
2025-01-15 09:00:00,-0.6999999999999993,1.9815102,1.502346,1.7829103
2025-01-15 10:00:00,2.4000000000000004,1.4506054,1.0757637,1.4832458
2025-01-15 11:00:00,6.4,3.1056366,2.4412909,2.4311008
2025-01-15 12:00:00,8.8,5.668832,5.5485754,4.534219
2025-01-15 13:00:00,9.900000000000002,7.546789,7.380923,6.141369
2025-01-15 14:00:00,11.6,9.0288105,8.911596,7.7132487
2025-01-15 15:00:00,11.3,10.392704,9.775412,9.267702
2025-01-15 16:00:00,10.5,11.360935,10.364755,10.240992
2025-01-15 17:00:00,8.1,11.165945,10.710643,10.554159
2025-01-15 18:00:00,4.9,10.746306,10.628475,10.381665
2025-01-15 19:00:00,3.0,9.204448,10.228657,9.616424
2025-01-15 20:00:00,3.0,6.1205072,8.006271,7.5458755
2025-01-15 21:00:00,3.0999999999999996,4.4654713,5.2058506,4.566429
2025-01-15 22:00:00,3.0,3.096016,3.7599401,3.8888588
2025-01-15 23:00:00,2.9000000000000004,2.526143,2.9289055,3.2545424
2025-01-16 00:00:00,3.0999999999999996,2.2150803,2.480548,3.176199
2025-01-16 01:00:00,2.6999999999999993,2.0711756,2.1561718,2.561654
2025-01-16 02:00:00,2.8000000000000007,1.8719015,1.8187294,2.2805529
2025-01-16 03:00:00,2.6999999999999993,1.6609364,1.5787306,2.303196
2025-01-16 04:00:00,2.5999999999999996,1.4502821,1.5651035,2.1756372
2025-01-16 05:00:00,2.4000000000000004,1.2830191,1.4581947,1.9653292
2025-01-16 06:00:00,2.1999999999999993,1.0900259,1.2473736,1.5660992
2025-01-16 07:00:00,2.0,1.0381136,1.1141863,0.5270338
2025-01-16 08:00:00,1.9000000000000004,1.0624733,0.97783756,0.46668625
2025-01-16 09:00:00,1.6999999999999993,1.3101444,0.88990974,0.47362328
2025-01-16 10:00:00,4.1,2.0346231,1.7185278,0.4584484
2025-01-16 11:00:00,7.4,2.7511673,2.7913036,1.3902512
2025-01-16 12:00:00,8.7,3.5323496,3.940671,2.784811
2025-01-16 13:00:00,9.2,4.620555,4.9386673,4.035735
2025-01-16 14:00:00,10.4,5.950054,5.78281,4.629575
2025-01-16 15:00:00,10.1,7.5336275,6.367622,5.113864
2025-01-16 16:00:00,9.6,8.535164,6.661544,5.2886124
2025-01-16 17:00:00,8.6,8.894379,6.9184127,5.3414927
2025-01-16 18:00:00,6.2,8.11404,6.786935,5.2114735
2025-01-16 19:00:00,6.4,6.603881,5.8637257,4.6618814
2025-01-16 20:00:00,5.300000000000001,3.9023495,3.865016,3.1859522
2025-01-16 21:00:00,4.1,3.3283892,3.1830044,2.443883
2025-01-16 22:00:00,3.6999999999999993,2.895194,2.959114,2.1060076
2025-01-16 23:00:00,2.9000000000000004,2.5669413,3.142869,2.133212
2025-01-17 00:00:00,2.1999999999999993,2.6185255,2.9814634,1.8966732
2025-01-17 01:00:00,1.8000000000000007,2.4203167,2.6761093,2.2105074
2025-01-17 02:00:00,1.1999999999999993,2.271657,2.4553986,2.3419495
2025-01-17 03:00:00,1.0,2.2398605,2.1281872,2.5048542
2025-01-17 04:00:00,1.1999999999999993,2.1189966,2.0791855,2.4545422
2025-01-17 05:00:00,1.0999999999999996,2.050828,1.946599,2.3376904
2025-01-17 06:00:00,0.6999999999999993,1.9762259,1.8467503,2.1999464
2025-01-17 07:00:00,0.9000000000000004,1.9507704,1.7946186,1.8879404
2025-01-17 08:00:00,0.8000000000000007,1.9752388,1.7422371,1.7792988
2025-01-17 09:00:00,0.5999999999999996,1.986229,1.7632895,1.7593889
2025-01-17 10:00:00,2.6999999999999993,2.142047,1.8560133,2.1975374
2025-01-17 11:00:00,4.5,3.2053423,2.6625881,3.2399044
2025-01-17 12:00:00,5.6,4.5376234,3.7483244,3.9734955
2025-01-17 13:00:00,6.4,5.831115,5.1095715,5.055437
2025-01-17 14:00:00,7.2,6.516583,6.8158345,6.4728093
2025-01-17 15:00:00,7.7,7.461527,7.9857883,7.319996
2025-01-17 16:00:00,7.5,8.14245,8.809916,7.587467
2025-01-17 17:00:00,7.1,8.374643,9.216192,7.6063795
2025-01-17 18:00:00,4.599999999999998,8.501808,8.91857,7.5063586
2025-01-17 19:00:00,3.3000000000000007,7.8904843,8.115782,6.8337193
2025-01-17 20:00:00,2.9000000000000004,6.0338717,5.397957,4.7984924
2025-01-17 21:00:00,1.9000000000000004,4.23666,3.7427511,3.8092232
2025-01-17 22:00:00,1.4000000000000004,3.8984947,3.6160994,3.421608
2025-01-17 23:00:00,0.5999999999999996,2.9939833,3.5438366,3.0432663
2025-01-18 00:00:00,-0.3000000000000007,2.643569,3.5678492,2.5970068
2025-01-18 01:00:00,-0.3000000000000007,2.4853163,3.3522263,2.2609024
2025-01-18 02:00:00,-0.8000000000000007,2.2189121,3.0302095,2.159338
2025-01-18 03:00:00,-0.1999999999999993,1.9070616,2.4179916,2.1341372
2025-01-18 04:00:00,-0.09999999999999964,1.568387,2.0463629,2.1753626
2025-01-18 05:00:00,-0.9000000000000004,1.324172,1.6415482,2.0443573
2025-01-18 06:00:00,-1.5,1.0410519,1.2181787,1.7952547
2025-01-18 07:00:00,-1.8999999999999986,0.7784872,0.7621107,1.6442833
2025-01-18 08:00:00,-1.8999999999999986,0.592947,0.34936523,1.2142353
2025-01-18 09:00:00,-1.5,0.4558916,0.23102856,0.8556843
2025-01-18 10:00:00,2.9000000000000004,1.3372221,0.55868053,1.066762
2025-01-18 11:00:00,6.5,2.938572,2.9922657,3.15833
2025-01-18 12:00:00,8.0,3.8052979,4.2230043,4.926549
2025-01-18 13:00:00,8.7,4.6384716,5.1052504,6.0754757
2025-01-18 14:00:00,9.0,5.417548,6.069682,6.874049
2025-01-18 15:00:00,8.8,6.048851,6.5525875,7.125555
2025-01-18 16:00:00,8.3,7.0211926,6.7013335,7.0122313
2025-01-18 17:00:00,6.8,7.972176,6.335722,6.738063
2025-01-18 18:00:00,2.8000000000000007,7.6056824,5.382207,5.6068115
2025-01-18 19:00:00,1.3000000000000007,5.5528927,3.6332636,3.5602865
2025-01-18 20:00:00,-1.5,3.4603825,2.9369144,2.608305
2025-01-18 21:00:00,-2.0,2.9959936,3.220024,2.3162851
2025-01-18 22:00:00,-0.9000000000000004,2.4853916,2.8646326,2.2017097
2025-01-18 23:00:00,-0.6999999999999993,2.2928448,2.7297897,1.474328
2025-01-19 00:00:00,-1.0999999999999996,2.4268265,2.5981226,1.9326334
2025-01-19 01:00:00,-1.4000000000000004,2.507882,2.3780622,2.3520985
2025-01-19 02:00:00,-0.09999999999999964,2.4350233,2.2633228,2.5080967
2025-01-19 03:00:00,0.5,2.2761354,2.1555824,2.5312462
2025-01-19 04:00:00,0.5,2.1500034,2.2291927,2.35106
2025-01-19 05:00:00,-0.09999999999999964,2.0617104,2.1283474,2.215539
2025-01-19 06:00:00,-0.6999999999999993,2.0093079,1.9319782,2.2320414
2025-01-19 07:00:00,-1.0,1.8979149,1.7289801,2.1031876
2025-01-19 08:00:00,-1.5,1.9855385,1.6073141,1.9960108
2025-01-19 09:00:00,-1.0999999999999996,1.9913139,1.2754021,1.8003263
2025-01-19 10:00:00,1.9000000000000004,1.3902664,0.8319273,1.3371782
2025-01-19 11:00:00,4.0,1.2607603,2.0687551,2.5192318
2025-01-19 12:00:00,5.199999999999999,3.5020485,5.0777273,5.7033577
2025-01-19 13:00:00,6.1,5.588888,6.6374936,6.9308434
2025-01-19 14:00:00,6.9,6.923534,7.498896,7.6084757
2025-01-19 15:00:00,7.0,7.4084306,7.661858,7.9507933
2025-01-19 16:00:00,6.8,7.0885897,7.5787086,8.053864
2025-01-19 17:00:00,5.9,6.5047545,7.122085,7.7936125
2025-01-19 18:00:00,2.1999999999999993,5.411051,6.1916037,6.9940715
2025-01-19 19:00:00,2.0999999999999996,3.8041306,3.862093,5.1038055
2025-01-19 20:00:00,1.9000000000000004,1.9487314,2.4678926,3.1546774
2025-01-19 21:00:00,2.4000000000000004,1.2622976,2.0515156,2.3675604
2025-01-19 22:00:00,1.9000000000000004,0.6914835,1.4463892,2.0994282
2025-01-19 23:00:00,2.6999999999999993,0.29632187,1.1501303,1.4795074
2025-01-20 00:00:00,2.5,0.47248268,0.9792652,1.5142393
2025-01-20 01:00:00,2.0999999999999996,0.80904293,1.1926651,1.5169668
2025-01-20 02:00:00,3.3000000000000007,1.2059813,1.657342,1.5848446
2025-01-20 03:00:00,3.0,1.7539682,2.031333,1.8084164
2025-01-20 04:00:00,2.5999999999999996,1.8349123,2.3925543,2.2713833
2025-01-20 05:00:00,2.5999999999999996,2.049137,2.6650858,2.812995
2025-01-20 06:00:00,2.4000000000000004,2.109891,2.8063068,3.2491522
2025-01-20 07:00:00,1.9000000000000004,2.085021,2.7165594,3.3388624
2025-01-20 08:00:00,2.0,2.2513437,2.6200218,3.4213133
2025-01-20 09:00:00,2.1999999999999993,2.635356,2.703844,3.3807774
2025-01-20 10:00:00,2.6999999999999993,3.0244074,3.1973095,3.3259945
2025-01-20 11:00:00,3.3000000000000007,3.835309,3.9345627,3.746189
2025-01-20 12:00:00,4.1,5.0461836,4.7135696,4.4009686
2025-01-20 13:00:00,4.699999999999999,5.447609,5.164222,5.182166
2025-01-20 14:00:00,3.8000000000000007,5.6454277,5.7100153,5.7918386
2025-01-20 15:00:00,4.300000000000001,5.6782866,6.004347,5.910241
2025-01-20 16:00:00,4.199999999999999,5.5000725,5.474346,6.2056365
2025-01-20 17:00:00,4.199999999999999,4.8727026,4.8080454,5.378578
2025-01-20 18:00:00,3.6999999999999993,4.613945,4.2408113,4.7135725
2025-01-20 19:00:00,3.3000000000000007,4.1038847,3.75043,4.0798025
2025-01-20 20:00:00,3.6999999999999993,3.8914146,3.5967445,3.2205
2025-01-20 21:00:00,3.6999999999999993,3.9311323,3.9018793,3.4459677
2025-01-20 22:00:00,4.1,4.068323,4.065295,3.6623268
2025-01-20 23:00:00,3.9000000000000004,4.1469,4.2163887,3.807661
2025-01-21 00:00:00,4.1,4.391325,4.3207817,4.034876
2025-01-21 01:00:00,4.199999999999999,4.638056,4.3575497,4.3586855
2025-01-21 02:00:00,4.400000000000002,4.899564,4.4567204,4.389291
2025-01-21 03:00:00,4.400000000000002,4.9696198,4.6047373,4.343561
2025-01-21 04:00:00,4.400000000000002,5.1196003,4.8344707,4.3579855
2025-01-21 05:00:00,4.400000000000002,5.28211,5.1137733,4.3362827
2025-01-21 06:00:00,4.599999999999998,5.3720217,5.0305834,4.3709517
2025-01-21 07:00:00,4.599999999999998,5.2023745,5.08531,4.5173416
2025-01-21 08:00:00,4.699999999999999,5.218033,5.2300634,4.8241005
2025-01-21 09:00:00,5.0,5.249591,5.372101,5.2109413
2025-01-21 10:00:00,5.6,5.4169216,5.602854,5.102255
2025-01-21 11:00:00,6.2,5.8986673,5.9347677,6.1151743
2025-01-21 12:00:00,6.6,6.7579203,6.4336042,6.8795953
2025-01-21 13:00:00,7.0,7.515989,6.9749,7.199281
2025-01-21 14:00:00,7.2,8.274027,7.8390455,7.295562
2025-01-21 15:00:00,7.1,8.867523,8.342278,7.506499
2025-01-21 16:00:00,7.3,8.938601,8.815794,8.44224
2025-01-21 17:00:00,7.3,8.585701,8.955778,8.922161
2025-01-21 18:00:00,7.1,7.8200135,8.650409,8.868825
2025-01-21 19:00:00,7.1,7.1514707,7.878781,8.874842
2025-01-21 20:00:00,7.5,6.8107166,7.0912385,7.2346296
2025-01-21 21:00:00,7.1,6.7567563,6.704084,6.473756
2025-01-21 22:00:00,6.9,6.668154,6.8497167,6.515469
2025-01-21 23:00:00,6.8,6.6294847,6.8962903,6.6428175
2025-01-22 00:00:00,6.6,6.6796284,6.809833,6.9593496
2025-01-22 01:00:00,6.6,6.685745,6.7875843,7.2495184
2025-01-22 02:00:00,7.6,6.7573,6.69881,7.3455095
2025-01-22 03:00:00,7.4,6.827924,6.586557,7.1884284
2025-01-22 04:00:00,7.2,6.720852,6.506369,6.9652042
2025-01-22 05:00:00,7.0,6.6805487,6.368112,6.860886
2025-01-22 06:00:00,6.8,6.6605544,6.222057,6.648197
2025-01-22 07:00:00,6.8,6.4877443,6.118635,6.350945
2025-01-22 08:00:00,6.6,6.5643325,5.8686275,6.061203
2025-01-22 09:00:00,6.5,6.649354,5.954875,5.690406
2025-01-22 10:00:00,6.7,7.0538144,6.560084,6.712415
2025-01-22 11:00:00,7.5,7.594285,7.178374,7.691224
2025-01-22 12:00:00,7.9,8.11322,7.9488006,8.572321
2025-01-22 13:00:00,8.7,8.577835,8.632065,9.235186
2025-01-22 14:00:00,8.6,9.1032505,9.047037,9.505663
2025-01-22 15:00:00,9.0,9.549754,9.324663,9.576883
2025-01-22 16:00:00,8.4,9.890213,9.60294,9.393014
2025-01-22 17:00:00,8.7,9.888378,9.762254,9.150525
2025-01-22 18:00:00,8.3,9.396188,9.504357,8.671095
2025-01-22 19:00:00,8.1,7.709219,8.613754,8.216688
2025-01-22 20:00:00,7.8,6.887298,7.0655746,7.3974667
2025-01-22 21:00:00,7.9,6.40343,6.3726296,6.782344
2025-01-22 22:00:00,7.9,5.980117,6.1045275,6.4242396
2025-01-22 23:00:00,7.8,6.045662,5.839755,5.998271
2025-01-23 00:00:00,7.8,6.2032957,6.066292,5.192603
2025-01-23 01:00:00,7.8,6.4981503,6.190262,5.3966036
2025-01-23 02:00:00,7.8,6.6827755,6.2736893,6.24564
2025-01-23 03:00:00,6.9,6.7957497,6.407608,6.5560517
2025-01-23 04:00:00,6.9,6.8681006,6.4569025,6.7613864
2025-01-23 05:00:00,7.1,6.79309,6.478668,6.642793
2025-01-23 06:00:00,7.1,6.8009973,6.458685,6.4955964
2025-01-23 07:00:00,7.2,6.7532315,6.439123,6.544989
2025-01-23 08:00:00,7.2,6.632247,6.495829,6.555578
2025-01-23 09:00:00,7.2,6.325521,6.6602335,6.580311
2025-01-23 10:00:00,7.7,6.958658,7.5314903,6.946956
2025-01-23 11:00:00,8.4,7.973091,8.255253,8.029594
2025-01-23 12:00:00,9.2,9.0181465,8.83723,8.930791
2025-01-23 13:00:00,10.1,10.138403,9.987027,9.757772
2025-01-23 14:00:00,10.6,10.591951,11.109475,10.254207
2025-01-23 15:00:00,11.8,10.517765,11.355446,10.415234
2025-01-23 16:00:00,12.5,10.594111,11.41137,10.236088
2025-01-23 17:00:00,12.2,10.952555,11.064859,10.384901
2025-01-23 18:00:00,10.7,10.918783,10.677985,10.192619
2025-01-23 19:00:00,8.5,10.383169,10.159063,9.8295965
2025-01-23 20:00:00,7.4,9.528859,9.085417,9.070168
2025-01-23 21:00:00,7.4,8.65246,7.8800573,8.073313
2025-01-23 22:00:00,6.8,7.9872327,7.571804,7.3842554
2025-01-23 23:00:00,5.699999999999999,7.500373,7.52276,6.8565445
2025-01-24 00:00:00,5.4,7.092996,7.3905015,6.632044
2025-01-24 01:00:00,5.4,6.838416,7.200931,6.4932127
2025-01-24 02:00:00,7.1,6.777664,7.0623527,6.801217
2025-01-24 03:00:00,7.7,6.754624,7.003055,6.948014
2025-01-24 04:00:00,7.6,6.661012,6.9180107,6.844145
2025-01-24 05:00:00,7.7,6.4427476,6.7547483,6.6512504
2025-01-24 06:00:00,7.8,6.214654,6.5867457,6.565262
2025-01-24 07:00:00,7.6,6.1132784,6.4396324,6.5561457
2025-01-24 08:00:00,7.6,6.1047297,6.3077374,6.4895015
2025-01-24 09:00:00,7.8,6.262342,6.3658295,6.3469706
2025-01-24 10:00:00,8.2,7.0438747,6.900184,6.9763427
2025-01-24 11:00:00,8.5,7.963672,7.586895,7.713237
2025-01-24 12:00:00,8.5,8.577804,8.426222,8.468416
2025-01-24 13:00:00,8.6,9.075787,9.218885,9.114801
2025-01-24 14:00:00,10.6,9.600095,9.686449,9.660196
2025-01-24 15:00:00,10.1,9.835049,10.045185,10.099511
2025-01-24 16:00:00,10.5,9.948547,10.244823,10.29688
2025-01-24 17:00:00,10.3,9.958406,10.20257,10.319754
2025-01-24 18:00:00,9.2,9.780579,9.93832,10.083183
2025-01-24 19:00:00,7.8,9.451151,9.463619,9.78587
2025-01-24 20:00:00,7.2,9.065224,8.998714,9.42376
2025-01-24 21:00:00,7.4,8.771389,8.561026,9.05618
2025-01-24 22:00:00,7.7,8.455429,8.2967205,8.680416
2025-01-24 23:00:00,7.6,8.161982,8.113436,8.484842
2025-01-25 00:00:00,7.6,7.568152,7.8606815,8.278166
2025-01-25 01:00:00,7.5,7.089663,7.5967655,7.9014916
2025-01-25 02:00:00,7.4,6.7324595,7.1171265,7.6373067
2025-01-25 03:00:00,7.3,6.4389596,6.618795,7.41352
2025-01-25 04:00:00,7.1,6.2272005,5.9981575,7.1083007
2025-01-25 05:00:00,5.9,6.0440626,5.580081,6.6146016
2025-01-25 06:00:00,5.9,5.872156,5.442051,5.9059963
2025-01-25 07:00:00,6.4,5.6127367,5.4141607,5.3773594
2025-01-25 08:00:00,6.6,5.393324,5.4946632,5.004895
2025-01-25 09:00:00,6.9,5.2224607,5.5384474,4.961152
2025-01-25 10:00:00,7.0,5.2017956,5.5682755,5.300887
2025-01-25 11:00:00,7.0,5.768978,5.7638273,6.1346235
2025-01-25 12:00:00,7.1,6.3505177,6.22988,6.9960737
2025-01-25 13:00:00,7.6,6.567251,6.5486603,7.7391715
2025-01-25 14:00:00,8.9,6.607544,6.697143,8.2127495
2025-01-25 15:00:00,10.2,6.865547,6.6745176,8.232398
2025-01-25 16:00:00,10.2,7.196381,6.653488,7.878779
2025-01-25 17:00:00,9.5,7.356717,6.6456757,7.352075
2025-01-25 18:00:00,7.9,7.2998548,6.5938277,6.731215
2025-01-25 19:00:00,5.9,6.92347,6.336102,6.1941357
2025-01-25 20:00:00,5.0,6.4180737,6.0219154,5.773755
2025-01-25 21:00:00,3.8000000000000007,5.9329147,5.8253365,5.3197584
2025-01-25 22:00:00,3.5999999999999996,5.7032146,5.6877975,4.965417
2025-01-25 23:00:00,3.0,5.578944,5.4891024,4.763852
2025-01-26 00:00:00,2.5,5.309844,5.3487473,5.1846056
2025-01-26 01:00:00,2.8000000000000007,5.1795893,5.1957674,5.1940346
2025-01-26 02:00:00,2.8000000000000007,4.934963,5.2382593,5.365823
2025-01-26 03:00:00,2.0,4.749485,5.413122,5.417433
2025-01-26 04:00:00,2.3000000000000007,4.622781,5.1943417,5.447937
2025-01-26 05:00:00,1.8000000000000007,4.3986073,4.8853207,5.343014
2025-01-26 06:00:00,2.0,4.3423147,4.595374,5.4315786
2025-01-26 07:00:00,3.4000000000000004,4.0602884,4.370661,5.71196
2025-01-26 08:00:00,3.5999999999999996,3.7680874,4.2681456,5.365053
2025-01-26 09:00:00,3.9000000000000004,3.7562857,4.13803,4.9072924
2025-01-26 10:00:00,4.5,3.9363718,4.4789743,4.443762
2025-01-26 11:00:00,4.9,4.854783,5.4485455,5.293416
2025-01-26 12:00:00,5.6,6.005084,6.5547347,6.928465
2025-01-26 13:00:00,6.0,6.7328134,7.2564507,8.169378
2025-01-26 14:00:00,6.6,7.3827662,7.578378,8.507089
2025-01-26 15:00:00,7.2,7.665571,7.676533,8.792739
2025-01-26 16:00:00,7.5,7.648091,7.62054,8.62308
2025-01-26 17:00:00,7.7,7.579489,7.5010104,8.142029
2025-01-26 18:00:00,8.1,7.1677876,7.0801783,7.510559
2025-01-26 19:00:00,8.5,6.802328,6.463325,6.766808
2025-01-26 20:00:00,8.6,6.789777,6.1170645,6.179266
2025-01-26 21:00:00,8.8,6.8943286,6.1193314,5.946863
2025-01-26 22:00:00,9.2,7.1137843,6.157465,5.95737
2025-01-26 23:00:00,9.3,7.4722652,6.321138,6.2059436
2025-01-27 00:00:00,9.6,7.9298997,6.4827433,6.24497
2025-01-27 01:00:00,9.900000000000002,8.036691,6.576335,6.2125583
2025-01-27 02:00:00,11.0,8.171084,6.9031487,6.136692
2025-01-27 03:00:00,10.7,8.212332,7.352517,6.0802526
2025-01-27 04:00:00,10.3,8.185366,7.5761304,6.168586
2025-01-27 05:00:00,10.0,7.980382,7.527118,6.273712
2025-01-27 06:00:00,10.1,7.761724,7.4079056,6.6812983
2025-01-27 07:00:00,10.3,7.7790613,7.218466,7.075125
2025-01-27 08:00:00,9.8,7.3992767,6.9328513,7.0817122
2025-01-27 09:00:00,10.0,6.9995832,6.5743103,6.9318376
2025-01-27 10:00:00,9.6,6.2875524,6.2565145,6.6863093
2025-01-27 11:00:00,10.2,6.5123825,6.4950476,6.4906816
2025-01-27 12:00:00,11.7,7.597083,6.96084,6.754537
2025-01-27 13:00:00,11.5,8.394863,7.2839994,7.0054655
2025-01-27 14:00:00,11.8,9.208004,8.155752,7.3016257
2025-01-27 15:00:00,11.5,9.740866,7.9046273,7.693666
2025-01-27 16:00:00,11.5,9.565907,7.9207187,7.661179
2025-01-27 17:00:00,9.8,9.066627,7.5326767,7.393387
2025-01-27 18:00:00,8.8,8.049374,6.688158,7.8193383
2025-01-27 19:00:00,7.7,7.222635,6.336722,6.61793
2025-01-27 20:00:00,6.4,6.915397,5.7461386,5.427104
2025-01-27 21:00:00,6.0,6.6164966,5.487853,4.713954
2025-01-27 22:00:00,5.4,6.333224,5.3610735,4.0316477
2025-01-27 23:00:00,4.800000000000001,6.028715,5.152116,4.0690937
2025-01-28 00:00:00,4.599999999999998,5.894202,5.4592876,3.766574
2025-01-28 01:00:00,4.300000000000001,5.493079,5.416416,4.186182
2025-01-28 02:00:00,3.9000000000000004,5.232029,5.1220474,4.663128
2025-01-28 03:00:00,3.3000000000000007,4.712799,4.8070974,4.760561
2025-01-28 04:00:00,3.5,4.2072344,4.646102,5.0171957
2025-01-28 05:00:00,3.4000000000000004,4.2992897,4.5419474,4.9598
2025-01-28 06:00:00,3.5,4.4230385,4.5539627,4.780076
2025-01-28 07:00:00,3.5999999999999996,4.447175,4.5921717,4.5229845
2025-01-28 08:00:00,3.8000000000000007,4.527133,4.683408,4.3916445
2025-01-28 09:00:00,3.5999999999999996,4.69633,4.900139,4.420892
2025-01-28 10:00:00,4.599999999999998,4.6598845,5.096835,4.61691
2025-01-28 11:00:00,5.699999999999999,4.766201,5.4825277,5.0530596
2025-01-28 12:00:00,6.6,5.1052046,5.911454,5.548234
2025-01-28 13:00:00,7.0,5.6953163,6.333276,5.962117
2025-01-28 14:00:00,7.8,5.948353,6.5373774,6.3724203
2025-01-28 15:00:00,7.9,5.833785,6.5450683,6.436913
2025-01-28 16:00:00,7.6,5.4357233,6.359673,6.4523816
2025-01-28 17:00:00,6.7,5.143379,5.89806,6.454064
2025-01-28 18:00:00,6.1,5.1651144,5.303276,6.2071056
2025-01-28 19:00:00,5.300000000000001,5.560525,5.291671,5.709484
2025-01-28 20:00:00,5.1,5.892996,5.509452,5.3549395
2025-01-28 21:00:00,4.699999999999999,6.1064835,5.8228273,5.344599
2025-01-28 22:00:00,4.599999999999998,6.2193084,6.3549128,5.6372843
2025-01-28 23:00:00,4.1,6.3313875,6.9676447,6.3132696
2025-01-29 00:00:00,3.3000000000000007,6.3078566,7.2530503,6.9244757
2025-01-29 01:00:00,2.9000000000000004,6.0259266,7.2819347,7.443473
2025-01-29 02:00:00,4.1,5.610467,7.1787148,7.8603806
2025-01-29 03:00:00,3.8000000000000007,5.3926334,6.997862,8.1163025
2025-01-29 04:00:00,2.3000000000000007,5.112322,6.610168,8.043232
2025-01-29 05:00:00,1.3000000000000007,4.987894,6.1332607,7.8313723
2025-01-29 06:00:00,1.4000000000000004,4.7001667,5.652978,7.5329223
2025-01-29 07:00:00,1.9000000000000004,5.0430984,5.324815,7.0782137
2025-01-29 08:00:00,2.0,4.750308,5.1033535,6.4330535
2025-01-29 09:00:00,2.5,4.1404686,4.836293,5.830471
2025-01-29 10:00:00,3.3000000000000007,4.641306,5.3192816,5.6681356
2025-01-29 11:00:00,3.5999999999999996,6.582832,7.23531,7.1602473
2025-01-29 12:00:00,4.0,8.156603,8.682116,8.845268
2025-01-29 13:00:00,4.300000000000001,9.32675,9.580299,10.126093
2025-01-29 14:00:00,4.800000000000001,10.076849,10.620531,11.242514
2025-01-29 15:00:00,5.300000000000001,10.4428005,11.301073,12.377316
2025-01-29 16:00:00,5.5,10.134777,11.51398,12.318649
2025-01-29 17:00:00,5.300000000000001,8.987796,10.957215,11.857547
2025-01-29 18:00:00,5.0,7.2009406,9.549381,10.323021
2025-01-29 19:00:00,3.5999999999999996,5.864684,7.587852,7.60506
2025-01-29 20:00:00,2.4000000000000004,5.574106,6.9691443,7.166625
2025-01-29 21:00:00,1.5999999999999996,5.3320665,6.276552,7.1765313
2025-01-29 22:00:00,0.40000000000000036,5.733673,5.438656,6.932132
2025-01-29 23:00:00,-0.3000000000000007,5.252225,5.0262938,6.5835614
2025-01-30 00:00:00,-0.3000000000000007,4.679551,5.112937,6.1455994
2025-01-30 01:00:00,1.0,4.557377,5.2183714,5.8652945
2025-01-30 02:00:00,0.40000000000000036,4.52983,5.440716,5.285576
2025-01-30 03:00:00,1.1999999999999993,4.608572,5.1258087,4.8056707
2025-01-30 04:00:00,2.6999999999999993,4.669671,4.761284,4.96471
2025-01-30 05:00:00,3.4000000000000004,4.6580343,4.6119146,5.2090664
2025-01-30 06:00:00,3.3000000000000007,4.6256313,4.544773,5.1853886
2025-01-30 07:00:00,3.0,4.3888454,4.5350847,4.9501047
2025-01-30 08:00:00,3.3000000000000007,4.3344994,4.555482,4.6966925
2025-01-30 09:00:00,3.3000000000000007,4.4676056,4.4576464,4.593417
2025-01-30 10:00:00,3.9000000000000004,4.540391,4.287465,4.485016
2025-01-30 11:00:00,4.9,4.8233795,4.2035055,4.375596
2025-01-30 12:00:00,5.800000000000001,5.2607994,4.717716,4.3599195
2025-01-30 13:00:00,6.5,5.5343304,5.5013247,4.5734205
2025-01-30 14:00:00,6.9,5.8321333,6.188102,5.6151743
2025-01-30 15:00:00,7.5,6.340033,6.226723,6.0453043
2025-01-30 16:00:00,8.0,6.376479,6.1673098,6.1278934
2025-01-30 17:00:00,7.2,5.941949,6.197993,6.131193
2025-01-30 18:00:00,6.0,5.3415756,5.9126015,5.719455
2025-01-30 19:00:00,4.300000000000001,4.7027855,5.4016113,4.980913
2025-01-30 20:00:00,3.3000000000000007,4.287401,4.97083,4.662998
2025-01-30 21:00:00,2.4000000000000004,4.084882,4.4410973,4.5920515
2025-01-30 22:00:00,1.9000000000000004,3.6785297,4.0131283,4.946396
2025-01-30 23:00:00,1.8000000000000007,3.2483253,3.5539217,5.1916018
2025-01-31 00:00:00,1.9000000000000004,2.7913923,3.1497173,4.8525314
2025-01-31 01:00:00,1.9000000000000004,2.3739977,2.8317308,4.2330694
2025-01-31 02:00:00,1.5,1.9977818,2.2705784,3.603383
2025-01-31 03:00:00,1.5999999999999996,1.6377068,1.765049,2.8859015
2025-01-31 04:00:00,1.0999999999999996,1.4061956,1.3036699,2.2787943
2025-01-31 05:00:00,1.0,1.1504812,0.9735594,1.852128
2025-01-31 06:00:00,0.8000000000000007,0.81627274,0.8093529,1.2710972
2025-01-31 07:00:00,0.5,0.4418993,0.7981119,0.95989704
2025-01-31 08:00:00,0.09999999999999964,0.24611378,0.81335163,0.8548937
2025-01-31 09:00:00,0.6999999999999993,0.17049122,0.7397518,0.9254608
2025-01-31 10:00:00,2.5,0.4540062,0.7603674,1.0962858
2025-01-31 11:00:00,4.400000000000002,2.813733,2.7958698,2.2210455
2025-01-31 12:00:00,6.1,4.4882565,4.9310904,4.1757793
2025-01-31 13:00:00,7.2,6.203141,6.6878533,6.5588393
2025-01-31 14:00:00,8.1,7.408691,8.443541,8.913591
2025-01-31 15:00:00,8.5,8.250132,9.186441,10.352257
2025-01-31 16:00:00,8.3,8.774297,9.323972,11.081272
2025-01-31 17:00:00,7.3,8.260204,8.792835,10.834472
2025-01-31 18:00:00,5.699999999999999,6.830302,7.5635056,9.386061
2025-01-31 19:00:00,3.5,4.4899073,5.5128374,5.841221
2025-01-31 20:00:00,2.1999999999999993,3.4288502,4.4644613,4.330284
2025-01-31 21:00:00,1.9000000000000004,2.9529963,3.4303722,3.3483753
2025-01-31 22:00:00,1.9000000000000004,2.8295088,2.7148476,2.5871038
2025-01-31 23:00:00,2.0999999999999996,2.712348,2.2338705,2.3159485
2025-02-01 00:00:00,2.0999999999999996,2.7065496,2.1643648,1.9615898
2025-02-01 01:00:00,2.1999999999999993,2.7019367,2.4380245,1.7011585
2025-02-01 02:00:00,2.3000000000000007,2.5968494,2.623927,1.9931564
2025-02-01 03:00:00,2.1999999999999993,2.485281,2.5951576,2.2515821
2025-02-01 04:00:00,2.1999999999999993,2.384429,2.5244446,2.3632097
2025-02-01 05:00:00,2.0,2.234806,2.236928,2.4784756
2025-02-01 06:00:00,1.5999999999999996,2.1531248,1.9464445,2.4250174
2025-02-01 07:00:00,1.3000000000000007,2.0912943,1.8019552,2.212471
2025-02-01 08:00:00,1.0999999999999996,1.9513369,1.77841,1.7777061
2025-02-01 09:00:00,1.5999999999999996,1.5554447,1.6669455,1.3185549
2025-02-01 10:00:00,4.599999999999998,1.2014627,1.7430401,1.7687283
2025-02-01 11:00:00,6.8,3.0685282,4.021839,4.586485
2025-02-01 12:00:00,7.8,5.7993937,6.071451,6.8309135
2025-02-01 13:00:00,8.3,8.113138,7.740029,8.298946
2025-02-01 14:00:00,8.7,9.526756,9.029457,9.3161545
2025-02-01 15:00:00,8.7,10.217018,9.775311,9.714415
2025-02-01 16:00:00,9.1,10.235518,10.166155,9.795145
2025-02-01 17:00:00,8.9,9.85039,9.905289,9.522793
2025-02-01 18:00:00,8.1,8.624748,8.538149,8.400584
2025-02-01 19:00:00,6.0,5.7726154,5.488867,5.93161
2025-02-01 20:00:00,5.9,4.474987,4.0865145,4.9145412
2025-02-01 21:00:00,5.1,4.017706,3.2581234,4.0401535
2025-02-01 22:00:00,4.5,3.7335596,2.9644003,3.1069584
2025-02-01 23:00:00,3.3000000000000007,3.3881845,2.792369,2.3793316
2025-02-02 00:00:00,2.1999999999999993,2.837799,2.594758,2.2646494
2025-02-02 01:00:00,1.3000000000000007,2.9222727,2.5745506,2.3090668
2025-02-02 02:00:00,0.9000000000000004,2.929822,2.7328157,2.451086
2025-02-02 03:00:00,0.1999999999999993,3.067934,2.9918938,2.498086
2025-02-02 04:00:00,-0.3000000000000007,3.0471687,3.1886663,2.4279795
2025-02-02 05:00:00,-0.8000000000000007,2.9580297,3.3829508,2.3984432
2025-02-02 06:00:00,-1.0999999999999996,2.9681616,3.4083557,2.671606
2025-02-02 07:00:00,-1.3000000000000007,2.928811,3.5485249,3.2829542
2025-02-02 08:00:00,-0.9000000000000004,2.9596004,3.669631,3.690401
2025-02-02 09:00:00,-0.5999999999999996,3.0396109,3.5582018,3.470192
2025-02-02 10:00:00,3.5,2.878418,3.683216,3.4022055
2025-02-02 11:00:00,6.4,3.3147516,4.322645,4.1603613
2025-02-02 12:00:00,8.3,4.379569,5.0095224,4.9013433
2025-02-02 13:00:00,9.6,5.883212,6.0266085,6.220938
2025-02-02 14:00:00,8.6,6.873256,7.149918,7.7947
2025-02-02 15:00:00,8.2,7.399065,7.5233674,8.256029
2025-02-02 16:00:00,7.3,8.239872,7.752114,8.155275
2025-02-02 17:00:00,6.1,8.794707,7.4768124,7.7218637
2025-02-02 18:00:00,5.300000000000001,8.484951,6.403912,6.362389
2025-02-02 19:00:00,4.300000000000001,5.5139437,4.1791725,3.7800732
2025-02-02 20:00:00,3.8000000000000007,2.8570127,3.3866673,2.900054
2025-02-02 21:00:00,3.1999999999999993,1.9018707,2.770875,2.3815746
2025-02-02 22:00:00,3.1999999999999993,1.6125574,2.3369007,1.7244778
2025-02-02 23:00:00,3.1999999999999993,1.6700478,1.2893238,0.96175194
2025-02-03 00:00:00,2.6999999999999993,1.5022898,0.94285583,0.92677975
2025-02-03 01:00:00,2.4000000000000004,1.319951,0.9211216,1.0751772
2025-02-03 02:00:00,3.0999999999999996,1.1073875,0.8983803,1.9454079
2025-02-03 03:00:00,2.6999999999999993,0.9818859,0.9200916,1.6333075
2025-02-03 04:00:00,1.9000000000000004,0.8810053,0.6859951,1.0380011
2025-02-03 05:00:00,1.4000000000000004,0.55351067,0.52466106,0.64271355
2025-02-03 06:00:00,0.8000000000000007,0.3890133,0.4975958,0.36642647
2025-02-03 07:00:00,0.09999999999999964,0.7699871,0.6744194,0.5135689
2025-02-03 08:00:00,-0.3000000000000007,1.0676413,0.9611254,0.6990013
2025-02-03 09:00:00,-0.09999999999999964,1.394906,1.1109505,1.0120544
2025-02-03 10:00:00,3.9000000000000004,2.0862503,1.6645927,2.0332613
2025-02-03 11:00:00,6.300000000000001,4.3950367,4.6467123,4.979354
2025-02-03 12:00:00,7.8,6.2232013,5.913189,6.6059537
2025-02-03 13:00:00,8.5,7.4408326,6.997947,7.60683
2025-02-03 14:00:00,9.6,8.267036,7.7409234,8.301218
2025-02-03 15:00:00,10.3,8.806572,8.588003,8.379591
2025-02-03 16:00:00,10.5,8.771664,9.16064,8.481092
2025-02-03 17:00:00,9.900000000000002,8.196243,9.230331,8.370571
2025-02-03 18:00:00,7.7,7.2816005,8.179764,7.9795184
2025-02-03 19:00:00,4.599999999999998,5.618223,5.406289,6.479902
2025-02-03 20:00:00,2.6999999999999993,4.08547,4.066704,4.898225
2025-02-03 21:00:00,2.4000000000000004,4.158511,3.796709,4.340455
2025-02-03 22:00:00,2.8000000000000007,4.025976,3.6455984,3.9819975
2025-02-03 23:00:00,2.8000000000000007,3.8157082,3.5656548,3.5395632
2025-02-04 00:00:00,1.9000000000000004,3.2999706,3.6153622,3.330659
2025-02-04 01:00:00,1.6999999999999993,3.0579834,3.6131306,2.8861675
2025-02-04 02:00:00,2.9000000000000004,2.7824793,3.4346561,2.397602
2025-02-04 03:00:00,2.4000000000000004,2.3706188,3.1386547,2.2952394
2025-02-04 04:00:00,2.5,1.9645586,2.6965246,2.2401276
2025-02-04 05:00:00,3.0,1.6210117,2.3435535,2.115573
2025-02-04 06:00:00,2.5,1.4031267,1.6831465,2.1077356
2025-02-04 07:00:00,1.4000000000000004,1.1295881,1.131978,2.120719
2025-02-04 08:00:00,1.1999999999999993,1.1074476,1.0250406,1.7164516
2025-02-04 09:00:00,2.1999999999999993,1.1814642,1.0334015,1.2942047
2025-02-04 10:00:00,5.199999999999999,1.4319096,1.7315207,1.2806892
2025-02-04 11:00:00,7.5,4.215904,4.650468,4.4557924
2025-02-04 12:00:00,9.1,7.34868,7.507775,6.9594703
2025-02-04 13:00:00,10.2,8.562706,8.554732,8.2553215
2025-02-04 14:00:00,11.3,9.271093,9.188972,9.169552
2025-02-04 15:00:00,11.9,9.915429,9.829416,9.530523
2025-02-04 16:00:00,11.8,10.25176,10.120645,9.630083
2025-02-04 17:00:00,11.1,9.974318,10.208037,9.51038
2025-02-04 18:00:00,8.8,9.2730255,9.5585785,9.014681
2025-02-04 19:00:00,5.4,7.6769404,7.526214,6.5048604
2025-02-04 20:00:00,3.4000000000000004,4.97495,5.1401634,4.6427364
2025-02-04 21:00:00,3.0,4.460146,4.7403536,4.1097374
2025-02-04 22:00:00,3.6999999999999993,4.1759443,4.0381184,3.6793766
2025-02-04 23:00:00,3.6999999999999993,4.126483,3.81637,3.8207388
2025-02-05 00:00:00,3.0999999999999996,3.916256,3.8153563,4.0575914
2025-02-05 01:00:00,2.5999999999999996,3.835578,3.7275524,3.836708
2025-02-05 02:00:00,1.9000000000000004,3.737339,3.6042347,3.0255156
2025-02-05 03:00:00,0.6999999999999993,3.56188,3.5095139,2.6028004
2025-02-05 04:00:00,0.5,3.226263,3.416442,2.6712332
2025-02-05 05:00:00,0.5999999999999996,2.8692856,3.2077808,2.7168055
2025-02-05 06:00:00,0.5,2.4880714,2.7002125,2.6849642
2025-02-05 07:00:00,0.0,2.2925968,2.2987432,2.5585194
2025-02-05 08:00:00,-0.9000000000000004,2.22301,2.1329699,2.3592072
2025-02-05 09:00:00,-0.5,1.9015732,1.7386103,1.7710676
2025-02-05 10:00:00,4.5,1.5745106,1.8257942,2.1712599
2025-02-05 11:00:00,8.6,4.2781153,4.417577,5.0556116
2025-02-05 12:00:00,10.1,6.854858,6.6000266,7.0364523
2025-02-05 13:00:00,11.0,8.364439,8.085468,8.481752
2025-02-05 14:00:00,12.1,9.089913,9.100134,9.442953
2025-02-05 15:00:00,12.4,10.470894,9.874523,10.083574
2025-02-05 16:00:00,12.5,11.250116,10.509682,10.484709
2025-02-05 17:00:00,11.9,11.489647,10.73085,10.591723
2025-02-05 18:00:00,9.4,11.175416,10.336833,10.35714
2025-02-05 19:00:00,6.0,10.108032,9.050846,9.037553
2025-02-05 20:00:00,4.0,7.6304474,6.528897,6.193061
2025-02-05 21:00:00,3.4000000000000004,6.205111,5.1919975,4.9034758
2025-02-05 22:00:00,3.1999999999999993,5.346837,4.375746,3.8484554
2025-02-05 23:00:00,2.9000000000000004,4.7042007,3.949338,3.5634956
2025-02-06 00:00:00,2.5,3.8122168,3.5924873,3.0116968
2025-02-06 01:00:00,1.8000000000000007,3.098279,3.3455858,2.6111193
2025-02-06 02:00:00,1.3000000000000007,2.7473564,3.092247,2.5514917
2025-02-06 03:00:00,2.3000000000000007,2.3686228,2.7137842,2.4896965
2025-02-06 04:00:00,2.4000000000000004,1.9165115,2.2939463,2.3792791
2025-02-06 05:00:00,2.5,1.4730577,1.628624,2.2423964
2025-02-06 06:00:00,2.3000000000000007,1.0955801,1.0929422,2.029274
2025-02-06 07:00:00,3.0999999999999996,1.0341043,0.8685932,1.69732
2025-02-06 08:00:00,3.0999999999999996,1.0186176,0.8274307,1.4166365
2025-02-06 09:00:00,3.5999999999999996,1.0781765,0.8491211,1.359992
2025-02-06 10:00:00,6.9,1.5043793,1.7729387,1.5021915
2025-02-06 11:00:00,8.4,3.95712,4.700363,3.1007729
2025-02-06 12:00:00,9.4,7.041676,7.1242967,6.9697495
2025-02-06 13:00:00,10.2,8.835401,8.622536,8.721878
2025-02-06 14:00:00,11.1,10.256645,9.834021,9.979498
2025-02-06 15:00:00,11.4,11.501047,10.814409,10.863238
2025-02-06 16:00:00,11.4,11.786175,11.400149,11.286108
2025-02-06 17:00:00,10.8,11.693212,11.4305105,11.34413
2025-02-06 18:00:00,8.9,11.337748,11.036654,11.005974
2025-02-06 19:00:00,5.199999999999999,9.926129,9.820278,9.63545
2025-02-06 20:00:00,4.400000000000002,6.9289904,7.0473404,6.81288
2025-02-06 21:00:00,2.0999999999999996,5.8097563,6.2837853,5.830511
2025-02-06 22:00:00,0.3000000000000007,5.0158815,5.5193777,5.2180777
2025-02-06 23:00:00,-0.09999999999999964,4.6048117,5.122999,5.4969654
2025-02-07 00:00:00,0.40000000000000036,3.8406763,4.5294485,5.1015778
2025-02-07 01:00:00,1.3000000000000007,3.521719,3.8293276,4.3775454
2025-02-07 02:00:00,1.9000000000000004,3.0731401,3.2803326,3.8595648
2025-02-07 03:00:00,1.8000000000000007,2.7044172,2.8455667,3.4351683
2025-02-07 04:00:00,1.5999999999999996,2.392064,2.413107,2.9248495
2025-02-07 05:00:00,1.1999999999999993,2.2282333,2.2716951,2.3957071
2025-02-07 06:00:00,1.1999999999999993,2.034459,2.04844,1.8595695
2025-02-07 07:00:00,1.3000000000000007,1.8225384,1.8047953,1.4887629
2025-02-07 08:00:00,1.0,1.7374783,1.6154528,1.4018383
2025-02-07 09:00:00,1.6999999999999993,1.9230986,1.6062794,1.5857067
2025-02-07 10:00:00,2.9000000000000004,2.441372,2.0733204,2.3854055
2025-02-07 11:00:00,3.9000000000000004,3.3844614,3.0010872,3.1046648
2025-02-07 12:00:00,4.400000000000002,4.14917,3.8296032,3.8035402
2025-02-07 13:00:00,3.5,4.634453,4.418482,4.616684
2025-02-07 14:00:00,3.5,4.748225,4.8485746,5.425189
2025-02-07 15:00:00,3.4000000000000004,5.34334,5.2750807,5.899872
2025-02-07 16:00:00,5.1,5.8813553,5.4969187,5.9981976
2025-02-07 17:00:00,4.9,6.0046215,5.4603233,5.938901
2025-02-07 18:00:00,4.599999999999998,5.5789204,5.794141,5.7890997
2025-02-07 19:00:00,4.1,5.217332,5.919739,5.773115
2025-02-07 20:00:00,4.1,4.8576603,5.3858414,5.7225714
2025-02-07 21:00:00,4.1,4.113887,4.540721,5.532648
2025-02-07 22:00:00,4.5,3.8822289,4.0294437,5.5305166
2025-02-07 23:00:00,5.199999999999999,4.2848215,3.7688828,4.8600044
2025-02-08 00:00:00,5.6,4.5759325,3.699319,4.1645555
2025-02-08 01:00:00,5.699999999999999,4.490304,3.426836,3.6681585
2025-02-08 02:00:00,4.0,4.224043,3.2835598,3.2774754
2025-02-08 03:00:00,3.0999999999999996,4.125207,3.2391472,2.8517694
2025-02-08 04:00:00,3.5,4.148822,3.1761913,2.825099
2025-02-08 05:00:00,3.1999999999999993,4.061743,3.145689,2.7763863
2025-02-08 06:00:00,2.6999999999999993,3.862485,2.986292,2.6419668
2025-02-08 07:00:00,1.9000000000000004,2.628893,2.8305588,2.3002024
2025-02-08 08:00:00,0.5,1.9739361,2.6340628,1.8971462
2025-02-08 09:00:00,0.40000000000000036,1.800683,2.4785852,1.9194927
2025-02-08 10:00:00,3.5,2.4552536,2.7222033,2.5593805
2025-02-08 11:00:00,5.9,4.502864,4.441807,3.9609299
2025-02-08 12:00:00,7.5,6.0603704,5.6542664,5.1561394
2025-02-08 13:00:00,8.7,7.353738,7.014279,6.5567856
2025-02-08 14:00:00,9.4,7.947507,8.278635,7.9098964
2025-02-08 15:00:00,10.2,8.455334,8.946123,8.3316345
2025-02-08 16:00:00,10.6,8.939956,9.295387,8.424061
2025-02-08 17:00:00,10.4,8.952057,8.991143,8.7034645
2025-02-08 18:00:00,8.3,7.9196076,7.9125423,8.244938
2025-02-08 19:00:00,4.599999999999998,5.8867216,5.571927,6.690682
2025-02-08 20:00:00,3.4000000000000004,4.9426823,5.2382812,5.607134
2025-02-08 21:00:00,2.0999999999999996,4.463234,5.066304,5.058465
2025-02-08 22:00:00,2.0,4.050214,4.526387,3.9775457
2025-02-08 23:00:00,2.5,3.596902,3.4673176,3.2273703
2025-02-09 00:00:00,3.0999999999999996,3.1367846,2.8563976,3.1710548
2025-02-09 01:00:00,3.4000000000000004,3.0642214,2.8852262,3.0213203
2025-02-09 02:00:00,4.300000000000001,2.673849,2.8578634,2.6919804
2025-02-09 03:00:00,4.5,2.3065138,2.6853466,2.3978024
2025-02-09 04:00:00,4.0,2.0344734,2.429491,2.5619202
2025-02-09 05:00:00,4.800000000000001,1.7348337,2.1520386,2.6472034
2025-02-09 06:00:00,4.9,1.5162725,1.7894726,2.4176445
2025-02-09 07:00:00,5.9,1.4246407,1.5185452,1.9371262
2025-02-09 08:00:00,5.800000000000001,1.3497753,1.4290009,1.5150118
2025-02-09 09:00:00,5.699999999999999,1.2948866,1.3082228,1.4065266
2025-02-09 10:00:00,7.0,1.868351,1.3960724,2.401641
2025-02-09 11:00:00,8.6,3.7656736,3.8011389,4.101678
2025-02-09 12:00:00,10.9,5.3655767,5.6005964,5.4901896
2025-02-09 13:00:00,12.4,6.31271,6.4431086,6.765143
2025-02-09 14:00:00,12.8,6.920371,7.1108108,7.5463157
2025-02-09 15:00:00,13.2,7.390918,7.5117183,7.7848234
2025-02-09 16:00:00,12.5,7.91588,7.6510005,7.7529926
2025-02-09 17:00:00,11.8,8.503082,7.3419976,7.655319
2025-02-09 18:00:00,10.4,8.526385,7.328213,7.5395103
2025-02-09 19:00:00,8.4,8.143637,7.280186,7.1996093
2025-02-09 20:00:00,7.7,7.6466393,7.305513,6.497743
2025-02-09 21:00:00,6.9,7.225146,7.6792116,6.104558
2025-02-09 22:00:00,6.5,6.96185,7.6943364,6.0565386
2025-02-09 23:00:00,5.9,6.7793994,7.505385,6.529842
2025-02-10 00:00:00,5.699999999999999,6.6205106,7.385792,7.250637
2025-02-10 01:00:00,7.1,6.6216106,7.277085,7.8050942
2025-02-10 02:00:00,7.0,6.6377687,7.207257,7.831928
2025-02-10 03:00:00,6.4,6.5966606,7.08383,7.6781635
2025-02-10 04:00:00,6.1,6.480306,6.732188,7.5397196
2025-02-10 05:00:00,5.6,6.2624993,6.4506264,7.401563
2025-02-10 06:00:00,5.199999999999999,6.179903,6.1000195,7.196478
2025-02-10 07:00:00,5.300000000000001,5.9743595,5.808628,6.862407
2025-02-10 08:00:00,5.4,5.643944,5.5031424,6.2633376
2025-02-10 09:00:00,6.300000000000001,5.12142,4.948823,5.865347
2025-02-10 10:00:00,8.6,5.036187,4.594825,5.9158583
2025-02-10 11:00:00,9.7,7.3531537,6.828354,7.1949453
2025-02-10 12:00:00,10.5,9.158651,8.685255,8.656939
2025-02-10 13:00:00,11.3,10.205961,9.9109535,10.253948
2025-02-10 14:00:00,10.9,10.760399,10.683452,11.08358
2025-02-10 15:00:00,11.1,10.993313,10.852597,11.238518
2025-02-10 16:00:00,10.8,10.838318,10.743477,11.022541
2025-02-10 17:00:00,10.0,10.536718,10.558816,10.7869215
2025-02-10 18:00:00,9.6,9.854124,10.127538,10.256341
2025-02-10 19:00:00,8.6,8.163212,8.597235,8.781835
2025-02-10 20:00:00,7.7,7.431822,7.3403187,7.575538
2025-02-10 21:00:00,7.0,7.129064,7.0346403,6.7924995
2025-02-10 22:00:00,6.5,6.7641425,6.6697435,6.19016
2025-02-10 23:00:00,6.0,6.467153,6.51836,6.590023
2025-02-11 00:00:00,5.9,6.4472413,6.468147,6.404354
2025-02-11 01:00:00,5.300000000000001,6.4284196,6.4972878,6.286417
2025-02-11 02:00:00,6.2,6.547032,6.5090985,6.4264536
2025-02-11 03:00:00,5.6,6.4940786,6.654954,6.908802
2025-02-11 04:00:00,5.5,6.4334025,6.787696,7.3748116
2025-02-11 05:00:00,5.199999999999999,6.187066,6.4883704,7.750416
2025-02-11 06:00:00,4.400000000000002,5.966689,6.120021,7.613522
2025-02-11 07:00:00,4.300000000000001,5.664957,5.6944914,7.7532344
2025-02-11 08:00:00,4.699999999999999,5.2153196,5.2694445,7.601385
2025-02-11 09:00:00,5.4,4.915106,4.790724,6.819842
2025-02-11 10:00:00,6.2,5.727497,5.8479614,7.337559
2025-02-11 11:00:00,6.7,8.250381,8.75168,8.834982
2025-02-11 12:00:00,7.5,9.787257,10.422428,10.391148
2025-02-11 13:00:00,9.2,11.276132,12.008024,12.240069
2025-02-11 14:00:00,9.4,12.384479,13.193134,13.402402
2025-02-11 15:00:00,10.6,12.913056,13.906398,14.040601
2025-02-11 16:00:00,10.7,12.879041,13.987836,14.112603
2025-02-11 17:00:00,10.9,12.286038,13.617076,13.805173
2025-02-11 18:00:00,9.8,11.08905,12.761654,13.185934
2025-02-11 19:00:00,8.4,9.219424,10.643136,11.358868
2025-02-11 20:00:00,7.8,8.040368,8.615341,9.540496
2025-02-11 21:00:00,7.1,7.4007897,8.051884,8.645818
2025-02-11 22:00:00,6.8,7.072505,7.4551716,7.924414
2025-02-11 23:00:00,6.5,6.6546736,6.9882913,7.348607
2025-02-12 00:00:00,6.300000000000001,6.4407525,6.5766706,6.988229
2025-02-12 01:00:00,6.1,6.3325596,6.402322,6.8001404
2025-02-12 02:00:00,6.2,6.309063,6.3078437,6.404338
2025-02-12 03:00:00,6.300000000000001,6.15189,6.1688337,5.9502983
2025-02-12 04:00:00,6.300000000000001,5.9050865,5.8925686,5.608325
2025-02-12 05:00:00,6.300000000000001,5.7150927,5.6144705,5.48621
2025-02-12 06:00:00,5.9,5.5603676,5.340537,5.3458805
2025-02-12 07:00:00,6.7,4.9728813,4.9464254,5.2544355
2025-02-12 08:00:00,6.5,4.633918,4.6370687,5.207365
2025-02-12 09:00:00,6.8,4.5946865,4.5203676,5.1667595
2025-02-12 10:00:00,6.8,4.7067556,4.557623,5.1739836
2025-02-12 11:00:00,7.0,5.4373293,5.161459,5.556898
2025-02-12 12:00:00,7.7,6.3453135,6.0736065,6.546827
2025-02-12 13:00:00,9.3,7.4859767,6.9115257,7.162593
2025-02-12 14:00:00,9.8,8.850494,7.953035,7.557322
2025-02-12 15:00:00,10.1,9.521297,8.859594,8.2739315
2025-02-12 16:00:00,9.4,9.799324,9.249714,8.753212
2025-02-12 17:00:00,9.2,9.631177,9.455166,8.619936
2025-02-12 18:00:00,8.7,9.08275,9.392868,8.407921
2025-02-12 19:00:00,7.1,8.12435,8.436499,7.9116907
2025-02-12 20:00:00,6.300000000000001,7.2002163,7.038784,6.9429593
2025-02-12 21:00:00,5.4,6.2219596,6.5691004,6.149679
2025-02-12 22:00:00,4.400000000000002,5.5599794,6.412875,5.518505
2025-02-12 23:00:00,3.9000000000000004,5.1973677,6.1795387,4.9454536
2025-02-13 00:00:00,3.9000000000000004,4.709014,5.7983894,4.8850555
2025-02-13 01:00:00,3.8000000000000007,4.376849,4.7908297,5.0191984
2025-02-13 02:00:00,3.1999999999999993,4.1378813,4.1146994,5.277746
2025-02-13 03:00:00,3.1999999999999993,4.0667067,3.8401146,5.1236315
2025-02-13 04:00:00,3.5,4.007103,3.5196934,4.53685
2025-02-13 05:00:00,3.8000000000000007,3.8856,3.3481693,3.2728043
2025-02-13 06:00:00,4.1,3.6581278,3.3439531,2.867384
2025-02-13 07:00:00,3.6999999999999993,3.418785,3.387535,2.9105473
2025-02-13 08:00:00,3.0,3.2762928,3.3748484,2.9137793
2025-02-13 09:00:00,3.4000000000000004,3.3035326,3.599944,2.9817924
2025-02-13 10:00:00,7.2,4.0937815,4.758151,4.70352
2025-02-13 11:00:00,9.6,5.770767,6.104147,6.577719
2025-02-13 12:00:00,11.0,7.6474786,7.5791264,8.200223
2025-02-13 13:00:00,13.1,9.444836,9.305115,9.65684
2025-02-13 14:00:00,13.1,10.518628,10.736843,10.471358
2025-02-13 15:00:00,13.2,11.716496,11.548241,10.985566
2025-02-13 16:00:00,13.3,12.152827,11.68994,11.260527
2025-02-13 17:00:00,12.8,12.061028,11.338927,11.289925
2025-02-13 18:00:00,12.0,11.35484,10.404936,10.876853
2025-02-13 19:00:00,8.5,9.593855,9.26136,9.09263
2025-02-13 20:00:00,7.4,8.918108,9.128264,7.061899
2025-02-13 21:00:00,5.1,8.689119,8.867199,6.653208
2025-02-13 22:00:00,3.9000000000000004,8.430424,8.625879,6.7986803
2025-02-13 23:00:00,3.8000000000000007,8.453925,8.450413,7.9870152
2025-02-14 00:00:00,3.9000000000000004,8.386156,8.339252,8.388498
2025-02-14 01:00:00,4.0,8.446098,8.910322,8.398743
2025-02-14 02:00:00,,8.1309185,9.304403,8.568925
2025-02-14 03:00:00,,7.883125,9.616419,8.723095
2025-02-14 04:00:00,,7.604757,9.589739,8.764235
2025-02-14 05:00:00,,7.226683,9.37817,9.509999
2025-02-14 06:00:00,,6.5487833,8.454711,9.898134
2025-02-14 07:00:00,,,7.78299,10.307682
2025-02-14 08:00:00,,,7.3324146,10.224855
2025-02-14 09:00:00,,,6.846897,9.868721
2025-02-14 10:00:00,,,6.207681,8.912136
2025-02-14 11:00:00,,,,8.598111
2025-02-14 12:00:00,,,,8.686161
2025-02-14 13:00:00,,,,8.603872
2025-02-14 14:00:00,,,,8.59465
2025-02-14 15:00:00,,,,
