time,real_temp,pred_temp_4,pred_temp_8,pred_temp_12,real_rain,pred_rain_4,pred_rain_8,pred_rain_12
2025-01-11 00:00:00,8.7,6.734048,6.6064754,6.4531484,0.0,0.0046109036,0.01081574,0.0141251385
2025-01-11 01:00:00,9.900000000000002,7.7923713,7.0552726,6.0084763,0.0,0.007772848,0.009546228,0.016103279
2025-01-11 02:00:00,8.6,8.027862,7.798794,5.4603996,0.0,0.008727871,0.00878837,0.014582116
2025-01-11 03:00:00,9.0,7.7011023,6.7408404,5.253436,0.0,0.008142687,0.008484758,0.011379305
2025-01-11 04:00:00,9.900000000000002,7.8278913,6.0582848,5.617936,0.0,0.007825635,0.006962791,0.010299984
2025-01-11 05:00:00,9.900000000000002,7.7679625,7.1455493,6.074127,0.1,0.007674411,0.0072719827,0.009241916
2025-01-11 06:00:00,10.6,8.655751,7.4824724,6.888135,0.1,0.009120546,0.0065052956,0.00807073
2025-01-11 07:00:00,10.6,7.6476884,7.19339,5.998127,0.0,0.009568162,0.00479722,0.010096341
2025-01-11 08:00:00,10.8,8.051573,7.348682,5.4888134,0.0,0.0126544945,0.0037939847,0.010251716
2025-01-11 09:00:00,10.9,8.928947,7.6713915,6.72389,0.2,0.015339512,0.0047759935,0.007837012
2025-01-11 10:00:00,11.5,9.594843,9.343327,7.718948,0.1,0.022200305,0.0075264946,0.007428035
2025-01-11 11:00:00,11.5,12.584026,9.861379,8.987303,0.1,0.030437388,0.013814315,0.00823383
2025-01-11 12:00:00,11.8,14.7009735,11.370201,10.70509,0.0,0.039985683,0.021948073,0.009335242
2025-01-11 13:00:00,13.1,15.592191,13.378677,12.12848,0.0,0.044788472,0.034293003,0.012098793
2025-01-11 14:00:00,14.3,15.109916,14.520328,14.121829,0.0,0.050600532,0.04109232,0.020737503
2025-01-11 15:00:00,14.6,15.3741665,16.97805,14.338148,0.0,0.04257065,0.035522014,0.018948503
2025-01-11 16:00:00,14.5,14.077593,17.611853,15.03122,0.0,0.03581894,0.019110955,0.017227996
2025-01-11 17:00:00,13.3,12.812384,17.01399,15.631598,0.0,0.032678343,0.016007967,0.006749414
2025-01-11 18:00:00,12.1,12.3071995,14.714316,14.92398,0.0,0.025282439,0.023530867,0.0044021755
2025-01-11 19:00:00,11.2,12.039808,12.256457,15.611932,0.0,0.018094815,0.02658248,0.0069829673
2025-01-11 20:00:00,9.2,11.550373,9.96675,13.965992,0.0,0.010981917,0.022813112,0.008732073
2025-01-11 21:00:00,8.8,10.8505125,9.244057,11.920783,0.0,0.006883256,0.021557387,0.010352042
2025-01-11 22:00:00,7.6,9.696807,8.950645,9.94567,0.0,0.004363142,0.015352111,0.00655701
2025-01-11 23:00:00,7.5,8.797716,8.985004,8.920214,0.0,0.0029823408,0.012485668,0.0031486973
2025-01-12 00:00:00,6.5,8.4283495,8.876496,7.9981956,0.0,0.0018797591,0.011285681,0.012402695
2025-01-12 01:00:00,5.800000000000001,7.861265,8.657728,7.7544265,0.0,0.0032162592,0.011806749,0.017515197
2025-01-12 02:00:00,6.1,7.8340096,7.995759,7.50927,0.0,0.0077100024,0.011685327,0.0132013
2025-01-12 03:00:00,5.5,7.0168176,7.3214087,7.629436,0.0,0.011209797,0.009784415,0.011773683
2025-01-12 04:00:00,5.300000000000001,6.838533,7.0733438,7.6174364,0.0,0.015391752,0.0071567446,0.0116475
2025-01-12 05:00:00,5.300000000000001,6.1153154,6.736995,7.5216413,0.0,0.018697582,0.0054142103,0.012310345
2025-01-12 06:00:00,4.800000000000001,5.364196,6.8267922,6.923571,0.0,0.01957969,0.0064530373,0.012059618
2025-01-12 07:00:00,4.1,5.0676365,6.0966167,6.256027,0.0,0.020443682,0.008815616,0.010967642
2025-01-12 08:00:00,3.6999999999999993,4.246992,6.0656834,6.134307,0.0,0.018603548,0.012242079,0.00902243
2025-01-12 09:00:00,3.5,4.063938,5.600668,6.2332673,0.0,0.015841082,0.016518842,0.008005768
2025-01-12 10:00:00,5.699999999999999,5.313863,5.5289116,7.145423,0.0,0.012005717,0.019779079,0.0083306655
2025-01-12 11:00:00,8.1,7.1066947,6.834048,8.078684,0.0,0.0068095177,0.02176626,0.009051137
2025-01-12 12:00:00,9.8,9.14991,8.575478,9.671549,0.0,0.0015594661,0.018339809,0.010601241
2025-01-12 13:00:00,10.7,10.59461,10.414816,10.347167,0.0,-0.0023633689,0.014720626,0.012496319
2025-01-12 14:00:00,11.5,10.79202,12.027959,11.267096,0.0,-0.0036987513,0.008968383,0.013185568
2025-01-12 15:00:00,10.7,11.999788,12.869323,12.564935,0.0,-0.0035066754,-6.9633126e-05,0.011535224
2025-01-12 16:00:00,10.1,12.669074,13.092614,13.179737,0.0,-0.0043981075,-0.0074317604,0.005063705
2025-01-12 17:00:00,9.1,12.4386635,12.360364,13.333934,0.0,-0.0009170547,-0.0067677796,-0.00048389286
2025-01-12 18:00:00,7.6,11.342144,9.760355,12.2446165,0.0,-0.0012829304,-0.011492141,-0.009132132
2025-01-12 19:00:00,6.5,9.620741,8.453511,10.557561,0.0,-0.0034898445,-0.005060911,-0.00904385
2025-01-12 20:00:00,5.800000000000001,7.6512856,7.3354497,8.250322,0.0,0.0024770722,0.0016348436,-0.000860095
2025-01-12 21:00:00,5.5,6.667866,6.4964724,6.742019,0.0,0.00530643,0.0042273104,0.0040268824
2025-01-12 22:00:00,4.800000000000001,5.955553,5.901572,5.470354,0.0,0.0039713383,0.004551053,0.006333351
2025-01-12 23:00:00,4.0,5.3105125,5.701804,5.3324547,0.0,0.0011003241,0.0055521876,0.0068939775
2025-01-13 00:00:00,3.4000000000000004,5.06207,5.172904,5.097701,0.0,-0.0005696714,0.008973539,0.0067512617
2025-01-13 01:00:00,2.5,4.9745197,4.7775326,4.8201475,0.0,-0.0008033663,0.010616634,0.0071475506
2025-01-13 02:00:00,2.5,4.761999,4.457753,4.594487,0.0,-0.00028569996,0.010561567,0.008263536
2025-01-13 03:00:00,1.8000000000000007,3.733636,4.159087,4.551379,0.0,0.0014154017,0.009883031,0.00933871
2025-01-13 04:00:00,1.0999999999999996,2.8082142,4.0705624,4.1746883,0.0,0.002540186,0.008214332,0.011148371
2025-01-13 05:00:00,0.5999999999999996,2.2118864,3.983656,3.8731985,0.0,0.002733618,0.0062512383,0.011875108
2025-01-13 06:00:00,0.8000000000000007,1.4705753,3.6802177,3.588396,0.0,0.0027299672,0.0043513104,0.011045806
2025-01-13 07:00:00,0.8000000000000007,1.4960423,2.6841192,3.2885733,0.0,0.0027189106,0.0016586259,0.009047553
2025-01-13 08:00:00,0.5,1.2537193,1.9129734,3.137247,0.0,0.0029391944,-0.0007411614,0.006795883
2025-01-13 09:00:00,0.3000000000000007,1.2770662,1.6769876,3.182208,0.0,0.003326781,-0.001522556,0.0053704977
2025-01-13 10:00:00,2.6999999999999993,1.9781437,2.3464785,3.6653633,0.0,0.002326399,-0.0020365044,0.0045360923
2025-01-13 11:00:00,6.2,3.8065987,4.9224033,4.7012787,0.0,-0.0030057207,-0.0016511604,0.0040634796
2025-01-13 12:00:00,8.8,5.706623,7.0018215,6.058546,0.0,-0.009089269,-0.004242711,0.004000917
2025-01-13 13:00:00,9.8,7.2690797,8.358528,7.8330064,0.0,-0.011433631,-0.0057605803,0.0016099438
2025-01-13 14:00:00,10.9,7.9974008,9.169651,9.202882,0.0,-0.009260513,-0.004725106,-0.0009978414
2025-01-13 15:00:00,10.4,9.080429,9.784109,10.345093,0.0,-0.0031586736,-0.0038753077,-0.0034301952
2025-01-13 16:00:00,9.7,10.528164,9.806124,10.483376,0.0,0.00027303398,-0.0043042973,-0.004260637
2025-01-13 17:00:00,8.5,10.708053,8.6901,9.702291,0.0,-0.0008183718,-0.006531641,-0.0067819133
2025-01-13 18:00:00,5.4,9.534746,6.637717,8.154919,0.0,-0.0032911524,-0.008476719,-0.008700177
2025-01-13 19:00:00,2.6999999999999993,7.4292917,5.439892,6.7359157,0.0,-0.0113222,-0.0060393065,-0.006056018
2025-01-13 20:00:00,1.5,5.284954,5.4440575,5.441345,0.0,-0.010322981,-0.003095463,-0.0021585003
2025-01-13 21:00:00,1.1999999999999993,3.994854,4.769677,3.7443218,0.0,-0.0065848157,-0.0014261529,0.00065127015
2025-01-13 22:00:00,0.8000000000000007,2.9714184,4.0040197,2.2647448,0.0,-0.0032444745,-0.0003129691,0.00011315197
2025-01-13 23:00:00,-0.09999999999999964,1.3244905,3.2087822,2.5124006,0.0,0.0011799932,-0.00010802597,0.0027100146
2025-01-14 00:00:00,-1.0,0.34421253,2.4921741,3.5711823,0.0,0.001576975,0.00073385984,0.005110562
2025-01-14 01:00:00,-0.3000000000000007,0.2152996,2.207183,3.3527899,0.0,4.2781234e-05,0.0004492253,0.005144261
2025-01-14 02:00:00,0.09999999999999964,0.37653637,1.8190479,2.9092064,0.0,-0.000153929,0.00038202852,0.0054576695
2025-01-14 03:00:00,-0.3000000000000007,0.41206932,0.5444212,2.3797855,0.0,0.00042437017,-0.0014497489,0.0028397143
2025-01-14 04:00:00,-0.6999999999999993,0.07903004,-0.23763943,1.8115816,0.0,0.000860773,-0.005534634,-0.0011354312
2025-01-14 05:00:00,-0.8000000000000007,-0.5360203,-0.24457836,1.6009521,0.0,0.00033920258,-0.006908737,-0.0025671944
2025-01-14 06:00:00,-0.8000000000000007,-0.5101166,-0.04937458,1.3428421,0.0,0.00047838688,-0.0060513914,-0.0026631877
2025-01-14 07:00:00,-0.3000000000000007,-0.3756466,0.021043777,0.45376492,0.0,0.0013705269,-0.005007349,-0.005267903
2025-01-14 08:00:00,-0.1999999999999993,-0.32797623,-0.17400646,0.05712986,0.0,0.0002092123,-0.0047614053,-0.007852569
2025-01-14 09:00:00,0.0,0.04298401,-0.34934235,0.6849508,0.0,0.00036852807,-0.0059114844,-0.008497879
2025-01-14 10:00:00,2.9000000000000004,1.2189102,0.42816734,1.8320827,0.0,0.0010203198,-0.005268201,-0.007545635
2025-01-14 11:00:00,5.1,3.0116901,2.6382074,2.9681091,0.0,-0.0014922544,-0.0030926168,-0.004682012
2025-01-14 12:00:00,6.6,5.3169966,3.8242445,4.2307625,0.0,-0.0047199056,-0.005776264,-0.00059078634
2025-01-14 13:00:00,7.6,7.4552894,6.086071,5.91022,0.0,-0.009500086,0.0029143915,0.004277386
2025-01-14 14:00:00,8.8,8.168871,7.767882,7.493531,0.0,-0.009584978,-0.00028786808,0.0052052587
2025-01-14 15:00:00,8.8,9.207729,8.811597,8.894636,0.0,-0.008015215,-0.006730497,0.002622597
2025-01-14 16:00:00,8.9,9.807198,9.290577,8.576721,0.0,-0.006467931,-0.010820493,0.006271854
2025-01-14 17:00:00,7.9,9.502224,7.98869,8.478035,0.0,-0.007206984,-0.012735337,-0.0014283881
2025-01-14 18:00:00,4.300000000000001,8.407597,5.939883,7.385521,0.0,-0.00967776,-0.012570657,-0.009253167
2025-01-14 19:00:00,3.0999999999999996,5.885768,4.878276,6.1605425,0.0,-0.01141721,-0.011764757,-0.0085531995
2025-01-14 20:00:00,0.09999999999999964,3.287284,4.658821,4.8681955,0.0,-0.00620275,-0.008612029,-0.005067244
2025-01-14 21:00:00,-1.6999999999999993,2.8778534,3.7111378,3.6073904,0.0,-0.006059304,-0.0064292625,-0.001520507
2025-01-14 22:00:00,-2.3000000000000007,2.6329699,3.008419,2.496996,0.0,-0.0044244677,-0.0036242828,-0.00064017624
2025-01-14 23:00:00,-1.5999999999999996,0.8518162,2.590599,2.4183846,0.0,0.0031812117,-0.001159735,-0.0005509481
2025-01-15 00:00:00,-0.09999999999999964,0.43289185,1.895031,2.6621437,0.0,0.003401272,0.0004811883,0.0013896823
2025-01-15 01:00:00,0.5999999999999996,-0.38074493,2.2402601,2.3172226,0.0,0.003548503,0.00056571513,0.0009286329
2025-01-15 02:00:00,0.5,-0.68032265,2.3285341,2.109437,0.0,0.0025610328,0.000637725,0.0004375279
2025-01-15 03:00:00,-0.09999999999999964,-0.7618923,0.46578026,2.0248737,0.0,0.00055559725,-0.0010279864,-0.00048790127
2025-01-15 04:00:00,-0.3000000000000007,-0.5707407,0.081952095,1.5597572,0.0,2.6911497e-05,-0.0036243275,-0.0013662279
2025-01-15 05:00:00,-0.1999999999999993,-0.25557613,-0.6636257,1.8370924,0.0,0.0018505082,-0.0059374273,-0.00044086576
2025-01-15 06:00:00,-0.3000000000000007,-0.11595726,-0.93751335,1.8703318,0.0,0.0040250644,-0.007981263,9.249151e-05
2025-01-15 07:00:00,-0.6999999999999993,-0.21131802,-0.9605913,0.46241856,0.0,0.0059608147,-0.008434199,-0.0044671968
2025-01-15 08:00:00,-1.0,-0.33773613,-0.77716064,0.2163372,0.0,0.0077475607,-0.0071736723,-0.0056727454
2025-01-15 09:00:00,-0.6999999999999993,-0.11178112,-0.5023823,-0.08396053,0.0,0.009894479,-0.005803466,-0.007875301
2025-01-15 10:00:00,2.4000000000000004,0.6767502,-0.21193886,0.48029423,0.0,0.011256199,-0.0043656155,-0.010056309
2025-01-15 11:00:00,6.4,2.0199528,0.6889267,2.087965,0.0,0.007732168,-0.002676256,-0.008853681
2025-01-15 12:00:00,8.8,3.5183153,3.2548208,2.9947767,0.0,-0.0005475506,-0.0016723871,-0.0069337934
2025-01-15 13:00:00,9.900000000000002,5.0093145,5.6811695,4.066904,0.0,-0.009191923,-0.0018949583,-0.0028569847
2025-01-15 14:00:00,11.6,5.6205835,7.2007146,5.842595,0.0,-0.012893833,-0.005654618,0.0033164546
2025-01-15 15:00:00,11.3,7.267828,7.8386097,7.4651127,0.0,-0.010277972,-0.008362621,0.0024216846
2025-01-15 16:00:00,10.5,9.705581,7.61413,8.2403,0.0,-0.0025336295,-0.009342775,-0.0015942007
2025-01-15 17:00:00,8.1,9.993573,6.067528,8.017885,0.0,-0.0029193014,-0.0089957565,-0.0045453385
2025-01-15 18:00:00,4.9,9.132717,3.9081125,6.61398,0.0,-0.007849649,-0.0066001415,-0.0064812526
2025-01-15 19:00:00,3.0,8.06382,3.7965622,5.3229227,0.0,-0.012851372,-0.0058763176,-0.0053371936
2025-01-15 20:00:00,3.0,5.5803137,5.169735,3.9798002,0.0,-0.0116506815,-0.006789528,-0.0020864904
2025-01-15 21:00:00,3.0999999999999996,4.2150345,4.763502,2.164938,0.0,-0.008918755,-0.004571013,0.00013180077
2025-01-15 22:00:00,3.0,2.8418503,4.121003,0.74452305,0.0,-0.006182641,-0.002335392,-0.0026366487
2025-01-15 23:00:00,2.9000000000000004,1.2415638,4.07211,1.2766533,0.0,-0.0020612925,-0.0011926591,-0.00060065836
2025-01-16 00:00:00,3.0999999999999996,0.7223358,3.4320145,3.3021545,0.0,-0.0016173199,-0.00022215396,0.0037622675
2025-01-16 01:00:00,2.6999999999999993,0.8797293,3.071332,3.308545,0.0,-0.0011813492,-0.00040330738,0.0048517585
2025-01-16 02:00:00,2.8000000000000007,1.0453739,2.3714533,3.1219416,0.0,3.350526e-05,-0.00048293173,0.0058139265
2025-01-16 03:00:00,2.6999999999999993,1.0412197,0.7774887,3.2712088,0.0,0.0015569329,-0.0028169677,0.005344555
2025-01-16 04:00:00,2.5999999999999996,0.992219,0.2247858,2.6706238,0.0,0.0029731467,-0.0044003874,0.0016572848
2025-01-16 05:00:00,2.4000000000000004,0.98023224,0.3124857,2.3332214,0.0,0.0048130676,-0.0048624203,-0.00019530952
2025-01-16 06:00:00,2.1999999999999993,0.7387657,0.44541264,1.8504763,0.0,0.00611379,-0.004434772,-0.000832282
2025-01-16 07:00:00,2.0,0.786294,0.46212673,0.6289816,0.0,0.0067334026,-0.00402008,-0.0049930736
2025-01-16 08:00:00,1.9000000000000004,0.8292942,0.4617281,0.30125046,0.0,0.0071813017,-0.003439568,-0.0064188913
2025-01-16 09:00:00,1.6999999999999993,1.0934267,0.56854725,0.8325558,0.0,0.007199429,-0.002037488,-0.0064819604
2025-01-16 10:00:00,4.1,1.8215694,0.9859333,1.7653551,0.0,0.005705051,-0.0006048754,-0.005972728
2025-01-16 11:00:00,7.4,3.2898083,3.1043768,2.8895311,0.0,0.0009288117,-5.2183867e-05,-0.0034964606
2025-01-16 12:00:00,8.7,5.0882807,5.6799736,4.4466686,0.0,-0.004893109,-0.002120234,0.0008901432
2025-01-16 13:00:00,9.2,6.752378,7.630355,6.192727,0.0,-0.007785052,-0.0062376335,0.0029884279
2025-01-16 14:00:00,10.4,6.897231,8.855437,7.8146067,0.0,-0.007583119,-0.009161957,-0.0005423799
2025-01-16 15:00:00,10.1,8.73831,9.427387,9.22036,0.0,-0.0029524788,-0.00993143,-0.006135531
2025-01-16 16:00:00,9.6,10.640848,9.25247,9.989505,0.0,0.0003900081,-0.009093121,-0.008761011
2025-01-16 17:00:00,8.6,10.32049,7.9070997,10.051651,0.0,-0.00063144416,-0.00890407,-0.011315353
2025-01-16 18:00:00,6.2,9.272882,5.6543503,9.107395,0.0,-0.008252285,-0.007685095,-0.014117919
2025-01-16 19:00:00,6.4,8.191533,5.64058,7.5038323,0.0,-0.012719028,-0.007329114,-0.012119092
2025-01-16 20:00:00,5.300000000000001,5.971369,6.0865946,5.643463,0.0,-0.008211218,-0.0027036443,-0.0057806894
2025-01-16 21:00:00,4.1,4.137417,5.3577433,3.6201563,0.0,-0.0031155795,0.0007655546,-0.00027243048
2025-01-16 22:00:00,3.6999999999999993,3.0330687,4.265689,1.9261436,0.0,-0.0019032508,0.0018375516,-0.0009904578
2025-01-16 23:00:00,2.9000000000000004,1.7762508,3.9329443,2.9974442,0.0,0.0007193312,0.0030195713,0.003734544
2025-01-17 00:00:00,2.1999999999999993,2.1043758,3.0460472,4.0158243,0.0,0.00032506883,0.004197262,0.0068809763
2025-01-17 01:00:00,1.8000000000000007,1.8839483,2.3255043,3.5659733,0.0,0.0024547055,0.0045414716,0.008471221
2025-01-17 02:00:00,1.1999999999999993,1.6860962,2.0197897,3.097536,0.0,0.0043382198,0.004630469,0.007857099
2025-01-17 03:00:00,1.0,1.7323503,1.1722345,3.1073055,0.0,0.005302623,0.003812112,0.0075042844
2025-01-17 04:00:00,1.1999999999999993,1.3548012,1.8278809,2.477993,0.0,0.0041655004,0.0045521483,0.00456699
2025-01-17 05:00:00,1.0999999999999996,0.84073544,1.6871958,1.9765863,0.0,0.003160283,0.0030083507,0.002537705
2025-01-17 06:00:00,0.6999999999999993,0.5151329,1.2836428,1.8212233,0.0,0.0018821508,0.0012774095,0.0025088787
2025-01-17 07:00:00,0.9000000000000004,0.3610897,1.1972713,1.2023907,0.0,0.0005886778,0.0018417016,0.00073732436
2025-01-17 08:00:00,0.8000000000000007,0.56153965,0.9400501,1.7225981,0.0,0.00021936,0.0016510785,0.0031718686
2025-01-17 09:00:00,0.5999999999999996,1.099515,0.8503189,1.5066576,0.0,-0.00011372566,0.0006847903,0.0020722747
2025-01-17 10:00:00,2.6999999999999993,1.9484653,1.5471096,1.8968573,0.0,-0.0013329834,-0.0005987659,0.0010789856
2025-01-17 11:00:00,4.5,3.264758,2.715269,3.777111,0.0,-0.0045477077,-0.0030704737,0.00341288
2025-01-17 12:00:00,5.6,5.0723,4.1614256,5.2124424,0.0,-0.0072740912,-0.0029106364,0.00793241
2025-01-17 13:00:00,6.4,6.383635,5.783311,5.9723406,0.0,-0.005215414,0.0026490241,0.012820557
2025-01-17 14:00:00,7.2,6.7637143,7.370572,6.5840764,0.0,-0.0010253862,0.0049142614,0.016677529
2025-01-17 15:00:00,7.7,8.130757,8.584745,7.0276012,0.0,0.0006912872,-0.0012021437,0.016438693
2025-01-17 16:00:00,7.5,8.694264,9.368676,7.6822457,0.0,-0.0011821687,-0.0076174587,0.0120653175
2025-01-17 17:00:00,7.1,7.5762334,9.151281,8.457566,0.0,-0.0025619715,-0.009463787,0.0024987608
2025-01-17 18:00:00,4.599999999999998,5.438239,7.683156,8.5518055,0.0,-0.001038976,-0.0076376647,-0.0059403926
2025-01-17 19:00:00,3.3000000000000007,3.8356571,6.4167533,7.771915,0.0,0.00053019077,-0.008247249,-0.009975985
2025-01-17 20:00:00,2.9000000000000004,3.089672,5.0669394,6.6340437,0.0,0.0010678098,-0.0056077167,-0.008770913
2025-01-17 21:00:00,1.9000000000000004,2.4220028,3.417698,5.3589954,0.0,0.0011096746,0.00091125816,-0.0046881214
2025-01-17 22:00:00,1.4000000000000004,1.9075336,1.9415789,3.7913904,0.0,0.0006849244,0.00434269,0.00072775036
2025-01-17 23:00:00,0.5999999999999996,0.8156824,1.1118946,3.014783,0.0,0.002626516,0.0028822124,0.0026305541
2025-01-18 00:00:00,-0.3000000000000007,0.31706715,0.8019457,2.4870892,0.0,0.0033874363,0.0014092252,0.0028707013
2025-01-18 01:00:00,-0.3000000000000007,0.4051113,0.48763657,1.5868864,0.0,0.0022758022,-2.3886561e-05,0.001587987
2025-01-18 02:00:00,-0.8000000000000007,0.31821632,0.29067326,0.88188076,0.0,0.0021386296,-0.0011238009,-0.000715971
2025-01-18 03:00:00,-0.1999999999999993,0.2071104,-0.37166882,0.5767584,0.0,0.0018177629,-0.0017665774,-0.0027674437
2025-01-18 04:00:00,-0.09999999999999964,-0.19102001,-0.5187807,0.45079613,0.0,0.00095687807,-0.0024805516,-0.003775984
2025-01-18 05:00:00,-0.9000000000000004,-0.48502636,-0.26085663,0.2402916,0.0,0.0009523928,-0.0029212162,-0.0048132613
2025-01-18 06:00:00,-1.5,-0.53994656,-0.27359104,0.10612774,0.0,0.00026074797,-0.0039922595,-0.005514413
2025-01-18 07:00:00,-1.8999999999999986,-0.6545515,-0.28335094,-0.43241596,0.0,5.543977e-05,-0.004667327,-0.0058516487
2025-01-18 08:00:00,-1.8999999999999986,-0.38766193,-0.3268156,-0.47337914,0.0,0.00123474,-0.0045057535,-0.0062776506
2025-01-18 09:00:00,-1.5,0.10776329,-0.064284325,-0.008785248,0.0,0.0032241046,-0.0034755468,-0.00530044
2025-01-18 10:00:00,2.9000000000000004,1.2976103,0.98409176,1.2693205,0.0,0.0023221374,-0.0027132407,-0.0051602796
2025-01-18 11:00:00,6.5,3.0504427,2.5089846,3.7319946,0.0,-0.0031803995,-0.0043361112,-0.0011819899
2025-01-18 12:00:00,8.0,4.3303623,4.388644,5.4648056,0.0,-0.0046668723,-0.0013470724,0.0037733093
2025-01-18 13:00:00,8.7,4.9570265,5.9845676,5.9845467,0.0,-0.0030305758,0.009645369,0.005261965
2025-01-18 14:00:00,9.0,5.093212,6.947349,6.6481814,0.0,-0.00041968375,0.016904373,0.0073683634
2025-01-18 15:00:00,8.8,7.0440216,7.3998027,6.9429235,0.0,0.004677281,0.019350749,0.010547407
2025-01-18 16:00:00,8.3,9.496073,7.2061715,7.381769,0.0,0.0040347055,0.017372333,0.01353107
2025-01-18 17:00:00,6.8,9.432982,6.427672,7.2843213,0.0,0.010730505,0.014110852,0.010594882
2025-01-18 18:00:00,2.8000000000000007,7.5230355,5.1214285,6.3428855,0.0,-0.0002399832,0.01047207,0.0063374788
2025-01-18 19:00:00,1.3000000000000007,5.1923285,4.4072886,5.3311205,0.0,-0.0017118603,0.003935538,0.0047888085
2025-01-18 20:00:00,-1.5,3.9392729,5.3159704,4.130718,0.0,0.0028657317,-0.0015334561,0.006223649
2025-01-18 21:00:00,-2.0,3.5012245,4.929139,2.9109192,0.0,0.004468873,0.0027744323,0.0081564635
2025-01-18 22:00:00,-0.9000000000000004,3.1452065,3.340742,1.8768368,0.0,0.0052062795,0.005497709,0.007649213
2025-01-18 23:00:00,-0.6999999999999993,1.203722,2.170313,1.6288528,0.0,0.008561783,0.0065201446,0.0050222725
2025-01-19 00:00:00,-1.0999999999999996,0.4662466,1.851059,3.3069448,0.0,0.009528533,0.0067518726,0.007186845
2025-01-19 01:00:00,-1.4000000000000004,-0.42695904,2.1745834,3.4592543,0.0,0.009960309,0.00853274,0.009659965
2025-01-19 02:00:00,-0.09999999999999964,-0.6012058,2.4554949,2.4661884,0.0,0.008078024,0.011104979,0.007606894
2025-01-19 03:00:00,0.5,-0.41578007,0.6435785,1.6069784,0.0,0.004438229,0.0070854872,0.003462769
2025-01-19 04:00:00,0.5,-0.56759167,0.016037941,1.409131,0.0,0.0011252239,0.005764447,0.0027681813
2025-01-19 05:00:00,-0.09999999999999964,-0.67318726,-0.72442436,1.7408476,0.0,8.893013e-05,0.0044201016,0.005865574
2025-01-19 06:00:00,-0.6999999999999993,-0.82677364,-0.8691006,2.021577,0.0,0.0002753362,0.0027084202,0.010320574
2025-01-19 07:00:00,-1.0,-0.59932995,-0.8309345,0.3879652,0.0,0.0019390658,-0.00018655509,0.0039015636
2025-01-19 08:00:00,-1.5,-0.46897125,-0.87417984,-0.1928606,0.0,0.0032062978,-0.0012721941,0.0021605194
2025-01-19 09:00:00,-1.0999999999999996,-0.22467613,-0.8009758,-0.7103138,0.0,0.005363226,-0.0010518804,0.00070877373
2025-01-19 10:00:00,1.9000000000000004,1.0649481,-0.5924692,-0.6620226,0.0,0.007978015,-0.00094141066,-0.0006941706
2025-01-19 11:00:00,4.0,3.469036,0.18500137,1.1634045,0.0,0.00046830624,0.00042019784,-0.002929449
2025-01-19 12:00:00,5.199999999999999,5.0222588,2.4850817,2.858303,0.0,-0.005815625,-0.00042983145,-0.0044032335
2025-01-19 13:00:00,6.1,5.546813,5.4739494,3.6494255,0.0,-0.00798402,0.008944809,-0.0023939908
2025-01-19 14:00:00,6.9,5.857931,7.0478916,4.5062857,0.0,-0.006568514,0.028409787,0.0038449243
2025-01-19 15:00:00,7.0,6.7528358,7.6344237,5.638838,0.0,-0.0025494099,0.037953865,0.016022492
2025-01-19 16:00:00,6.8,7.2049823,7.3324013,6.856874,0.0,0.012954906,0.031639393,0.029955428
2025-01-19 17:00:00,5.9,6.4535317,6.35826,7.522749,0.0,0.02651893,0.01852772,0.036183927
2025-01-19 18:00:00,2.1999999999999993,5.023654,5.0382843,6.701833,0.0,0.012937576,0.007685922,0.020974915
2025-01-19 19:00:00,2.0999999999999996,3.8618927,4.04539,5.51013,0.0,0.005529888,0.0030217841,0.010098394
2025-01-19 20:00:00,1.9000000000000004,2.954321,3.6250029,4.0725555,0.0,0.0047282875,0.006432265,0.008384801
2025-01-19 21:00:00,2.4000000000000004,2.416626,2.3852072,2.7687426,0.0,0.0042055175,0.009227574,0.00903704
2025-01-19 22:00:00,1.9000000000000004,2.171999,1.5479136,1.6986151,0.0,0.0035831183,0.009458214,0.007066153
2025-01-19 23:00:00,2.6999999999999993,0.7814503,0.9699278,1.1408596,0.1,0.0050634295,0.00791768,0.0040170327
2025-01-20 00:00:00,2.5,0.91393566,0.6473131,1.4052343,0.2,0.00442373,0.0062345937,0.0065456107
2025-01-20 01:00:00,2.0999999999999996,1.2087269,0.71128845,1.0069857,0.0,0.003418535,0.0058406293,0.005946107
2025-01-20 02:00:00,3.3000000000000007,2.0165472,1.1167727,0.62495136,0.2,0.0033880249,0.0071277395,0.004616745
2025-01-20 03:00:00,3.0,1.4605799,0.10431957,0.33258915,0.6,0.003954515,0.0054816157,0.0027085766
2025-01-20 04:00:00,2.5999999999999996,1.6936655,0.46698666,0.18208122,0.29999999999999993,0.005326219,0.0056772754,0.0014438555
2025-01-20 05:00:00,2.5999999999999996,1.3571186,0.68791294,0.31496143,0.4,0.010301355,0.0056014135,0.0018206537
2025-01-20 06:00:00,2.4000000000000004,0.6537199,1.126874,0.6723709,0.2,0.01385162,0.009011343,0.004280351
2025-01-20 07:00:00,1.9000000000000004,1.5829849,0.29536152,-0.21900558,0.0,0.029924233,0.007714793,0.0018615872
2025-01-20 08:00:00,2.0,2.8239174,0.50858974,-0.054864883,0.0,0.27506918,0.013869736,0.0031383932
2025-01-20 09:00:00,2.1999999999999993,2.764512,0.91484165,0.22907543,0.1,0.39992353,0.02249977,0.007064283
2025-01-20 10:00:00,2.6999999999999993,3.5861816,1.8547297,1.8196278,0.0,0.28953892,0.030270044,0.025449302
2025-01-20 11:00:00,3.3000000000000007,4.3718367,3.9796944,3.2513866,0.0,0.25079644,0.06862561,0.03979244
2025-01-20 12:00:00,4.1,5.8517637,4.707943,4.6180763,1.1,0.08099363,0.19271015,0.1502385
2025-01-20 13:00:00,4.699999999999999,6.0287104,5.335533,5.055356,0.0,0.074777946,0.16691205,0.3257408
2025-01-20 14:00:00,3.8000000000000007,5.4559155,5.880088,4.9923325,0.0,0.0857275,0.12803857,0.30717045
2025-01-20 15:00:00,4.300000000000001,5.1943226,5.9924927,5.7722073,0.0,0.093593255,0.121372774,0.23710142
2025-01-20 16:00:00,4.199999999999999,4.881234,6.0870924,6.64036,0.0,0.11312682,0.084818736,0.14196166
2025-01-20 17:00:00,4.199999999999999,4.9148493,5.138315,6.163061,0.0,0.1584126,0.05571542,0.1356047
2025-01-20 18:00:00,3.6999999999999993,4.809119,4.4873724,4.930544,0.0,0.091037616,0.087798715,0.12443106
2025-01-20 19:00:00,3.3000000000000007,3.0969849,4.4562206,4.2349043,0.1,0.021151107,0.14645809,0.10740216
2025-01-20 20:00:00,3.6999999999999993,2.7976027,4.8876896,3.3632784,0.1,0.021324787,0.19164038,0.024379365
2025-01-20 21:00:00,3.6999999999999993,2.5955915,4.4792185,2.5608683,0.1,0.024582334,0.12175933,0.020283066
2025-01-20 22:00:00,4.1,2.9235916,4.4774733,2.5819635,0.2,0.039790124,0.11082317,0.029614426
2025-01-20 23:00:00,3.9000000000000004,3.5088186,2.6772604,3.9422827,0.4,0.10460621,0.01729387,0.23247772
2025-01-21 00:00:00,4.1,5.2984533,2.455637,5.3699436,0.29999999999999993,0.4322061,0.027704757,0.24972689
2025-01-21 01:00:00,4.199999999999999,6.7340755,2.4588642,4.0336685,0.29999999999999993,0.7888917,0.0475981,0.2402915
2025-01-21 02:00:00,4.400000000000002,6.48951,3.4402037,4.7978916,0.29999999999999993,0.7051095,0.15798849,0.23215473
2025-01-21 03:00:00,4.400000000000002,6.2456717,4.7866287,2.2476301,0.9000000000000001,0.86443985,0.5649382,0.06683528
2025-01-21 04:00:00,4.400000000000002,5.2870398,4.978115,3.4417982,1.1,0.7094859,1.450086,0.29651684
2025-01-21 05:00:00,4.400000000000002,6.217238,4.820241,4.428176,0.5,0.77049804,1.6155703,0.7210773
2025-01-21 06:00:00,4.599999999999998,6.758532,5.0939207,4.4090424,0.0,0.9962119,1.4767028,1.3408203
2025-01-21 07:00:00,4.599999999999998,6.6196165,5.2731876,4.9109974,0.0,0.94619524,1.0029371,1.373047
2025-01-21 08:00:00,4.699999999999999,5.626644,5.797518,5.9889126,0.0,1.2090632,0.3711255,1.1758406
2025-01-21 09:00:00,5.0,5.235113,5.8385515,6.3259377,0.0,1.7181139,1.1496266,1.8029077
2025-01-21 10:00:00,5.6,5.6637526,5.5316315,6.5256357,0.2,1.7660122,1.2868344,1.8347979
2025-01-21 11:00:00,6.2,6.576392,6.430611,6.465242,0.6,1.266453,1.1747123,1.344497
2025-01-21 12:00:00,6.6,6.6181364,5.423066,6.328736,0.6,1.3720026,1.2598355,0.40760776
2025-01-21 13:00:00,7.0,6.4130135,6.8125906,6.0853214,1.3,1.480041,1.1497432,0.89449966
2025-01-21 14:00:00,7.2,6.1228323,7.2640247,7.0010037,0.9000000000000001,1.6180333,1.021942,1.4152969
2025-01-21 15:00:00,7.1,5.7335434,6.745677,6.8875833,0.6,1.9948807,1.307242,1.2802702
2025-01-21 16:00:00,7.3,5.680029,7.3293843,7.099933,1.0,1.9593188,1.1465861,1.284921
2025-01-21 17:00:00,7.3,5.71809,7.724489,7.8457694,0.9000000000000001,1.8817333,1.054219,1.5022166
2025-01-21 18:00:00,7.1,6.4332733,7.8682528,8.426323,0.8,1.4217271,1.0932796,1.2459868
2025-01-21 19:00:00,7.1,5.9091587,7.7781844,8.026154,1.1,1.5179862,1.4070224,1.3531307
2025-01-21 20:00:00,7.5,5.619755,7.270117,7.9162264,0.7,1.6097695,1.7091384,1.4370359
2025-01-21 21:00:00,7.1,5.883239,7.0264153,7.925952,0.6,1.441543,1.7960956,1.4879067
2025-01-21 22:00:00,6.9,5.8672085,7.210077,7.9294295,0.9000000000000001,1.4600865,1.6697329,1.5222332
2025-01-21 23:00:00,6.8,5.907895,6.7770805,8.16037,0.4,1.4833341,1.829054,1.7348098
2025-01-22 00:00:00,6.6,6.5692005,6.5568495,8.370614,0.29999999999999993,1.3819867,1.8740846,1.7312118
2025-01-22 01:00:00,6.6,7.1562667,6.795307,8.397638,0.6,1.2764443,1.7316841,1.6391737
2025-01-22 02:00:00,7.6,7.6893296,6.8112135,7.98799,0.1,1.2381369,1.6852509,1.3186702
2025-01-22 03:00:00,7.4,7.9195185,6.891257,7.895644,0.4,1.0849128,1.6330948,1.4321189
2025-01-22 04:00:00,7.2,8.118834,6.934291,7.8767085,0.6,1.0020909,1.3740767,1.5239776
2025-01-22 05:00:00,7.0,7.894541,6.01254,7.3363056,0.4,0.95869625,1.0600562,1.2342736
2025-01-22 06:00:00,6.8,7.689414,5.360099,7.103401,1.0,0.71288073,0.53461707,1.1077504
2025-01-22 07:00:00,6.8,7.1034,6.026596,6.695681,1.4,0.5655444,0.42348173,0.8299675
2025-01-22 08:00:00,6.6,7.1258063,6.835411,5.558237,1.9,0.4382739,0.42516315,0.32934275
2025-01-22 09:00:00,6.5,7.3178697,7.272681,4.9603815,1.8,0.37772062,0.41827518,0.24739914
2025-01-22 10:00:00,6.7,7.4791603,7.6228085,5.505761,1.1,0.38594344,0.4169365,0.28553015
2025-01-22 11:00:00,7.5,7.8764715,7.435944,6.47442,0.5,0.4061613,0.41872928,0.29962158
2025-01-22 12:00:00,7.9,8.039803,7.717429,7.30011,0.6,0.52599066,0.46483183,0.33279818
2025-01-22 13:00:00,8.7,8.3255625,8.1576805,7.807075,0.7,0.6579323,0.6118251,0.40393987
2025-01-22 14:00:00,8.6,8.286684,8.382355,8.991547,0.2,0.69069827,1.1075064,1.0366654
2025-01-22 15:00:00,9.0,8.227369,8.917896,9.070498,0.2,0.59680164,1.1958833,1.4298129
2025-01-22 16:00:00,8.4,8.215429,9.30974,9.200622,0.7,0.47432867,0.9384005,1.1779892
2025-01-22 17:00:00,8.7,8.035753,9.660219,8.982485,0.4,0.4270533,0.79605925,0.67780924
2025-01-22 18:00:00,8.3,7.8607044,9.477407,8.344165,0.4,0.43815556,0.6970674,0.3822351
2025-01-22 19:00:00,8.1,7.156841,8.886372,8.614588,0.2,0.43914002,0.5640991,0.31730604
2025-01-22 20:00:00,7.8,7.6033096,7.9539433,9.023404,0.29999999999999993,0.41937155,0.47381207,0.36632252
2025-01-22 21:00:00,7.9,7.7567687,7.2973046,9.637558,0.2,0.29816335,0.37825528,0.4111548
2025-01-22 22:00:00,7.9,7.4433804,6.931609,9.588142,0.2,0.2867699,0.26671863,0.34878075
2025-01-22 23:00:00,7.8,6.8463993,6.3311486,9.189161,0.4,0.25153154,0.16865131,0.28564438
2025-01-23 00:00:00,7.8,6.6745286,6.515331,8.235634,0.4,0.21456526,0.11814226,0.2241616
2025-01-23 01:00:00,7.8,6.595975,6.6686053,7.5788546,0.7,0.15069409,0.08711663,0.19517809
2025-01-23 02:00:00,7.8,6.853204,6.567404,7.079612,0.8,0.08148061,0.06210214,0.17506632
2025-01-23 03:00:00,6.9,6.78484,6.5544357,6.3764873,3.9,0.038163915,0.07346263,0.118661165
2025-01-23 04:00:00,6.9,7.040095,6.780482,6.334751,0.0,0.0386787,0.14974716,0.057365328
2025-01-23 05:00:00,7.1,7.1540127,6.703061,6.2316747,0.0,0.033566345,0.21209173,0.036249116
2025-01-23 06:00:00,7.1,7.3527246,6.749997,6.171978,0.0,0.038455687,0.20064713,0.028920036
2025-01-23 07:00:00,7.2,7.540033,6.7010593,6.2615733,0.1,0.037513815,0.07633289,0.025031585
2025-01-23 08:00:00,7.2,8.888953,7.001033,6.7464986,0.6,0.0387793,0.034650784,0.06335986
2025-01-23 09:00:00,7.2,6.020812,7.4068227,7.074064,0.7,0.01931725,0.026865892,0.16014943
2025-01-23 10:00:00,7.7,6.0783215,7.596264,7.358262,0.4,0.032261297,0.021524597,0.1909163
2025-01-23 11:00:00,8.4,7.271685,7.99082,7.6813445,0.1,0.081361674,0.027938612,0.14860395
2025-01-23 12:00:00,9.2,7.3026004,11.321623,8.499807,0.0,0.094002664,0.0589451,0.12605052
2025-01-23 13:00:00,10.1,8.251693,7.504659,9.083536,0.0,0.19587868,0.036899265,0.11548747
2025-01-23 14:00:00,10.6,8.580941,7.3489585,9.5192795,0.2,0.13776162,0.07696467,0.08382057
2025-01-23 15:00:00,11.8,9.451546,8.6241865,9.710773,0.1,0.1276869,0.14652996,0.09070951
2025-01-23 16:00:00,12.5,10.088705,8.4449835,13.529484,0.1,0.12096083,0.113134,0.07926722
2025-01-23 17:00:00,12.2,9.611935,8.994847,8.648424,0.0,0.09651646,0.0730078,0.04494097
2025-01-23 18:00:00,10.7,9.061248,8.4917,8.239641,0.0,0.06986774,0.05622172,0.076684035
2025-01-23 19:00:00,8.5,9.176697,9.418127,9.147499,0.0,0.060659133,0.068591036,0.1995334
2025-01-23 20:00:00,7.4,8.595379,9.938187,8.159262,0.0,0.05683658,0.08320099,0.0984539
2025-01-23 21:00:00,7.4,8.398991,8.823783,7.7473226,0.0,0.057485778,0.055594593,0.07065111
2025-01-23 22:00:00,6.8,7.706345,8.310453,7.331733,0.0,0.06180662,0.046505567,0.056678995
2025-01-23 23:00:00,5.699999999999999,7.18919,8.263062,8.416365,0.0,0.06917827,0.042569462,0.047828797
2025-01-24 00:00:00,5.4,6.4139624,7.815346,9.203377,0.0,0.08592925,0.057848383,0.06193979
2025-01-24 01:00:00,5.4,5.7523975,7.6465592,8.403731,0.0,0.10377306,0.097119205,0.07264059
2025-01-24 02:00:00,7.1,5.868966,7.475892,7.9430766,0.0,0.12485807,0.29338595,0.13044658
2025-01-24 03:00:00,7.7,5.654296,7.3116245,7.7921534,0.0,0.16093662,0.5601041,0.13897187
2025-01-24 04:00:00,7.6,4.961321,6.8717675,7.526085,0.0,0.22922978,0.96511376,0.45850015
2025-01-24 05:00:00,7.7,4.9405327,6.543658,7.6061482,0.0,0.42624134,1.1197674,0.8972317
2025-01-24 06:00:00,7.8,5.3418875,6.669167,7.4204755,0.0,0.79326653,1.0974494,0.86880493
2025-01-24 07:00:00,7.6,7.6219177,6.4540186,6.9403834,0.1,0.93324566,1.1083935,0.75189877
2025-01-24 08:00:00,7.6,8.402924,5.493766,6.4166093,0.1,0.9191085,1.1283067,0.63333845
2025-01-24 09:00:00,7.8,8.350582,4.551403,6.0369205,0.2,0.8349948,0.9881145,0.55746996
2025-01-24 10:00:00,8.2,8.385863,4.572402,6.0323715,0.2,0.5882741,0.7671019,0.5317234
2025-01-24 11:00:00,8.5,8.116213,6.9593406,5.790284,0.29999999999999993,0.37259856,0.71943617,0.5231252
2025-01-24 12:00:00,8.5,7.198876,7.767857,5.1913643,0.2,0.33956385,0.7151184,0.4848457
2025-01-24 13:00:00,8.6,7.3391185,8.149279,5.2791386,0.2,0.29573327,0.70248127,0.37154868
2025-01-24 14:00:00,10.6,7.9779816,9.069896,6.426669,0.29999999999999993,0.26585227,0.55553937,0.5011724
2025-01-24 15:00:00,10.1,9.080322,9.339571,8.641203,0.1,0.22547159,0.30757475,1.5426319
2025-01-24 16:00:00,10.5,9.502057,8.406428,9.2511425,0.1,0.17946193,0.2007789,1.6097548
2025-01-24 17:00:00,10.3,8.930019,8.14105,9.104204,0.0,0.10695462,0.16385444,1.4643159
2025-01-24 18:00:00,9.2,8.14065,8.126419,8.858799,0.0,0.04723291,0.13419533,1.2598692
2025-01-24 19:00:00,7.8,9.083182,8.588633,8.464999,0.0,0.05776705,0.13655394,0.7103913
2025-01-24 20:00:00,7.2,9.005804,8.223867,7.1416883,0.0,0.035321075,0.09574764,0.3299285
2025-01-24 21:00:00,7.4,9.281134,7.282095,6.293473,0.0,0.04078926,0.043797918,0.16807553
2025-01-24 22:00:00,7.7,9.261274,7.0078645,6.0241127,0.0,0.041779406,0.034301735,0.08876464
2025-01-24 23:00:00,7.6,8.703793,8.294836,6.655198,0.0,0.044116616,0.04429926,0.14500076
2025-01-25 00:00:00,7.6,7.9114985,8.575112,6.594665,0.0,0.040950082,0.036536317,0.072580986
2025-01-25 01:00:00,7.5,7.4974904,8.80895,6.275832,0.0,0.038103014,0.042602524,0.04148458
2025-01-25 02:00:00,7.4,7.6287775,8.789903,6.4578094,0.0,0.03773236,0.04587585,0.03670301
2025-01-25 03:00:00,7.3,7.9005175,8.390717,8.027885,0.0,0.03661707,0.05234524,0.0631721
2025-01-25 04:00:00,7.1,7.942624,7.770332,8.404811,0.0,0.03386385,0.051637396,0.05050385
2025-01-25 05:00:00,5.9,7.986303,7.38651,8.655298,0.0,0.033215027,0.041110992,0.046782676
2025-01-25 06:00:00,5.9,7.9546547,7.4722857,8.627184,0.0,0.030991811,0.034025423,0.03970187
2025-01-25 07:00:00,6.4,7.624519,7.711794,8.318281,0.0,0.027490582,0.027408805,0.039318983
2025-01-25 08:00:00,6.6,7.4085064,7.8033843,7.7790837,0.1,0.025571462,0.02164312,0.034747418
2025-01-25 09:00:00,6.9,7.201063,7.8917913,7.4524994,0.5,0.023543589,0.018706098,0.027745709
2025-01-25 10:00:00,7.0,6.5149045,8.083794,7.615074,1.0,0.022858318,0.019197747,0.025027663
2025-01-25 11:00:00,7.0,7.089685,8.154253,8.026087,0.2,0.028871134,0.020084497,0.02402256
2025-01-25 12:00:00,7.1,8.133779,8.720173,8.484985,0.29999999999999993,0.039251193,0.024803784,0.025323357
2025-01-25 13:00:00,7.6,8.577509,9.371365,9.180195,0.1,0.06308334,0.031470146,0.03060067
2025-01-25 14:00:00,8.9,8.553717,9.219244,10.083393,0.2,0.13810036,0.039514076,0.04166004
2025-01-25 15:00:00,10.2,8.480629,9.755116,10.606247,0.1,0.08162579,0.058441866,0.045517772
2025-01-25 16:00:00,10.2,8.882717,10.463202,11.017286,0.1,0.0652639,0.0774764,0.045523882
2025-01-25 17:00:00,9.5,8.500946,10.226369,11.002615,0.2,0.05189509,0.096750885,0.041381836
2025-01-25 18:00:00,7.9,8.197164,8.73374,9.648355,0.1,0.04115425,0.123298086,0.04942715
2025-01-25 19:00:00,5.9,8.441929,7.727569,9.085907,0.0,0.052306727,0.08706099,0.065972656
2025-01-25 20:00:00,5.0,8.705855,7.842157,8.798466,0.0,0.05700114,0.07568056,0.075746335
2025-01-25 21:00:00,3.8000000000000007,8.393089,7.697049,7.9681616,0.0,0.05264193,0.057781428,0.11277035
2025-01-25 22:00:00,3.5999999999999996,8.000277,7.684971,6.869771,0.0,0.061529804,0.044796154,0.2061884
2025-01-25 23:00:00,3.0,7.451201,7.8109365,7.0300736,0.0,0.048907287,0.037756916,0.18843849
2025-01-26 00:00:00,2.5,6.2194796,7.9353795,7.26828,0.0,0.026369374,0.035772927,0.18411526
2025-01-26 01:00:00,2.8000000000000007,5.424264,7.514662,7.412406,0.0,0.019317947,0.02925083,0.13606802
2025-01-26 02:00:00,2.8000000000000007,4.5740185,7.0810294,7.3369613,0.0,0.011819836,0.028982978,0.060896043
2025-01-26 03:00:00,2.0,4.1949472,6.699072,7.450879,0.0,0.0073404536,0.026378505,0.03560985
2025-01-26 04:00:00,2.3000000000000007,3.6117554,5.630975,7.5438113,0.0,0.0047485605,0.014739417,0.02643983
2025-01-26 05:00:00,1.8000000000000007,3.2273254,4.94401,7.1138315,0.0,0.005086206,0.00950418,0.021386363
2025-01-26 06:00:00,2.0,3.1708374,4.240409,6.6500487,0.0,0.0066848844,0.005394578,0.021532565
2025-01-26 07:00:00,3.4000000000000004,2.7979622,3.903718,6.372856,0.0,0.0075054765,0.0042030066,0.022185985
2025-01-26 08:00:00,3.5999999999999996,2.2098866,3.394456,5.5414915,0.0,0.0073717833,0.0051035583,0.01657296
2025-01-26 09:00:00,3.9000000000000004,2.6262455,3.1314173,5.0595903,0.0,0.009160332,0.007598661,0.013647772
2025-01-26 10:00:00,4.5,3.5048752,3.8740253,4.6283903,0.0,0.010825131,0.009189606,0.012085613
2025-01-26 11:00:00,4.9,4.941429,5.215848,4.776539,0.1,0.012714073,0.010522187,0.011459295
2025-01-26 12:00:00,5.6,6.3909497,6.3238845,5.2060957,0.0,0.015309073,0.012649681,0.011996709
2025-01-26 13:00:00,6.0,7.1090255,7.8316045,6.521805,0.1,0.020021599,0.020168647,0.014647808
2025-01-26 14:00:00,6.6,7.667787,8.456393,8.1111145,0.2,0.033550806,0.03656948,0.020242672
2025-01-26 15:00:00,7.2,7.8826375,8.675577,9.021244,0.5,0.062886134,0.065331005,0.02699121
2025-01-26 16:00:00,7.5,7.447464,9.069481,9.031766,0.9000000000000001,0.114154726,0.09073782,0.040365413
2025-01-26 17:00:00,7.7,7.279385,8.960281,9.153971,0.5,0.13410634,0.12305795,0.064493015
2025-01-26 18:00:00,8.1,7.2032843,8.481861,8.306007,0.1,0.15342465,0.1640389,0.1279306
2025-01-26 19:00:00,8.5,7.3700304,7.7093897,7.686591,0.6,0.17911771,0.22007868,0.2844894
2025-01-26 20:00:00,8.6,7.462822,6.666415,7.587464,0.4,0.3232754,0.2018939,0.60085607
2025-01-26 21:00:00,8.8,7.563965,6.7006717,7.1167936,0.4,0.6740862,0.23274545,0.87067866
2025-01-26 22:00:00,9.2,8.048805,6.8089604,6.605134,0.29999999999999993,0.9922439,0.25100464,0.6144972
2025-01-26 23:00:00,9.3,7.9002757,7.133745,6.181015,0.4,0.7878754,0.36914274,0.44024572
2025-01-27 00:00:00,9.6,7.0428843,7.3163934,5.77131,0.2,0.22200616,0.9310802,0.40279928
2025-01-27 01:00:00,9.900000000000002,7.360565,6.2173486,6.48282,0.2,0.16383621,0.13169321,0.9928006
2025-01-27 02:00:00,11.0,7.89259,5.767374,6.874433,0.29999999999999993,0.098067515,0.025715422,1.1786455
2025-01-27 03:00:00,10.7,8.4398575,5.8675976,6.985294,0.2,0.039797045,0.019688226,0.68828785
2025-01-27 04:00:00,10.3,8.575394,5.2470303,6.5440326,0.4,0.029934015,0.018570542,0.1269532
2025-01-27 05:00:00,10.0,8.878374,5.8677006,5.3525877,2.8,0.039641228,0.023192499,0.03173173
2025-01-27 06:00:00,10.1,8.983272,6.8060455,4.9727135,8.0,0.05697282,0.036000647,0.028557431
2025-01-27 07:00:00,10.3,9.386017,7.6403275,5.154669,6.3,0.08151374,0.053582452,0.025321007
2025-01-27 08:00:00,9.8,9.199577,7.8292975,4.8221245,3.4999999999999996,0.10662606,0.04902404,0.027133096
2025-01-27 09:00:00,10.0,9.270985,8.201401,5.4736195,1.5,0.12066897,0.05023381,0.027113099
2025-01-27 10:00:00,9.6,10.913006,8.417543,6.5023465,8.1,0.08021234,0.053096,0.031524096
2025-01-27 11:00:00,10.2,12.917229,8.986364,7.5269375,1.9,0.10343927,0.0729007,0.037391074
2025-01-27 12:00:00,11.7,14.2404585,8.980394,8.230432,0.29999999999999993,0.12689123,0.084073655,0.040648483
2025-01-27 13:00:00,11.5,12.533215,9.436233,9.545099,0.1,0.08457738,0.089041844,0.056977905
2025-01-27 14:00:00,11.8,12.470024,12.971066,10.434099,0.7,0.09214932,0.06684862,0.07396347
2025-01-27 15:00:00,11.5,17.67638,12.331355,11.244938,0.6,0.14992253,0.076130375,0.10080213
2025-01-27 16:00:00,11.5,12.187147,15.997599,11.402318,0.1,0.06432993,0.103466436,0.11038332
2025-01-27 17:00:00,9.8,10.044151,15.836458,12.053985,0.1,0.049727157,0.097580805,0.11371353
2025-01-27 18:00:00,8.8,9.467365,14.068968,13.008036,0.1,0.055105016,0.09631506,0.035250686
2025-01-27 19:00:00,7.7,8.50537,15.299526,11.374744,0.2,0.05242333,0.061651487,0.09762366
2025-01-27 20:00:00,6.4,8.189409,11.340369,14.920003,0.2,0.077854514,0.07139738,0.037643593
2025-01-27 21:00:00,6.0,7.990864,8.129379,15.402374,0.8,0.0937513,0.13910306,0.7739079
2025-01-27 22:00:00,5.4,6.654065,7.824204,11.399265,0.7,0.06494417,0.1590465,1.7872555
2025-01-27 23:00:00,4.800000000000001,5.415022,6.5078487,13.043276,0.0,0.03683544,0.022191755,0.5531882
2025-01-28 00:00:00,4.599999999999998,4.8990326,6.1938496,9.693651,0.0,0.038045473,0.045052104,3.4690554
2025-01-28 01:00:00,4.300000000000001,4.7308016,6.164983,7.1976733,0.0,0.042748854,0.08918451,2.4954045
2025-01-28 02:00:00,3.9000000000000004,5.4336786,4.853322,6.766346,0.0,0.32102332,0.028546277,2.0675852
2025-01-28 03:00:00,3.3000000000000007,5.1815042,3.8150473,7.000211,0.0,0.40398332,0.02233896,0.20803511
2025-01-28 04:00:00,3.5,3.4240255,3.527152,5.9339066,0.0,0.016385838,0.02659892,0.053502694
2025-01-28 05:00:00,3.4000000000000004,2.5779676,3.4891748,5.528721,0.2,0.0038084015,0.0233333,0.069178
2025-01-28 06:00:00,3.5,2.4964952,4.904916,4.320039,0.1,0.0015093908,0.387852,0.01684079
2025-01-28 07:00:00,3.5999999999999996,2.6207457,4.885084,3.533597,0.0,0.0022599995,0.3799659,0.014076181
2025-01-28 08:00:00,3.8000000000000007,2.8274422,3.4256763,3.400382,0.0,0.0048077777,0.008958168,0.017793845
2025-01-28 09:00:00,3.5999999999999996,3.6154442,3.5660858,3.8898582,0.0,0.016924895,0.0041173175,0.016606104
2025-01-28 10:00:00,4.599999999999998,4.531064,4.001521,4.740921,0.0,0.04261224,0.0051979795,0.6315298
2025-01-28 11:00:00,5.699999999999999,5.4417963,4.472933,5.2847433,0.0,0.06677805,0.009748388,0.68540835
2025-01-28 12:00:00,6.6,5.9407053,5.231552,6.7686586,0.0,0.15667158,0.03362336,0.087387025
2025-01-28 13:00:00,7.0,6.040313,6.017583,6.882098,0.0,0.54836714,0.13598627,0.15308431
2025-01-28 14:00:00,7.8,5.88925,6.1384115,7.1127067,0.0,0.90815127,0.6748384,0.20448227
2025-01-28 15:00:00,7.9,7.4764175,6.0781727,7.063429,0.0,0.7674353,0.9404111,0.33697248
2025-01-28 16:00:00,7.6,9.52038,5.4535046,6.181218,0.0,0.26809368,0.9867312,0.771682
2025-01-28 17:00:00,6.7,9.546806,5.658489,5.842638,0.0,0.07210989,0.68001795,0.92483044
2025-01-28 18:00:00,6.1,7.8305774,5.9732704,5.905221,0.0,0.038761824,0.577644,0.6887046
2025-01-28 19:00:00,5.300000000000001,6.970338,6.6113615,6.763544,0.0,0.012234144,0.5381745,0.5754522
2025-01-28 20:00:00,5.1,6.0792675,8.752946,7.3468084,0.0,0.008466341,0.18273196,0.5523456
2025-01-28 21:00:00,4.699999999999999,5.1889534,7.1626368,7.318165,0.0,0.004864052,0.019762743,0.75998366
2025-01-28 22:00:00,4.599999999999998,4.04949,5.523287,6.8998504,0.0,0.0014280304,0.008668728,0.7342664
2025-01-28 23:00:00,4.1,3.6356564,4.937251,6.590704,0.0,-0.00014866143,0.009577192,0.26331794
2025-01-29 00:00:00,3.3000000000000007,3.4188814,4.324623,7.2548776,0.0,-0.0005120784,0.011076044,0.08262937
2025-01-29 01:00:00,2.9000000000000004,3.8035746,3.6377516,5.8139944,0.0,0.0019933581,0.010002263,0.011438113
2025-01-29 02:00:00,4.1,3.8155317,2.6481304,4.2976685,0.0,0.004176259,0.005609967,0.0120369755
2025-01-29 03:00:00,3.8000000000000007,3.8500633,2.4794893,3.6842146,0.0,0.0059304163,0.0035516769,0.011167251
2025-01-29 04:00:00,2.3000000000000007,3.1721125,2.4913445,3.2076101,0.0,0.003933035,0.0027431473,0.010525998
2025-01-29 05:00:00,1.3000000000000007,2.3888264,2.9870796,2.616993,0.0,0.0013787374,0.004557848,0.00751587
2025-01-29 06:00:00,1.4000000000000004,2.2611876,2.9957972,1.8145857,0.0,0.000971131,0.0049786493,0.0023258328
2025-01-29 07:00:00,1.9000000000000004,3.3887663,2.943511,1.7684393,0.0,0.0048461035,0.0051752925,0.0017559007
2025-01-29 08:00:00,2.0,3.2484827,2.3055115,1.9480143,0.0,0.0025224686,0.0024217367,0.002400346
2025-01-29 09:00:00,2.5,3.162549,1.8293161,2.5775423,0.0,0.00052547455,-0.001050286,0.004157357
2025-01-29 10:00:00,3.3000000000000007,3.9530458,2.4958344,3.1801786,0.0,9.761751e-05,-0.0031096935,0.004272826
2025-01-29 11:00:00,3.5999999999999996,5.2883015,4.2927685,4.1992893,0.1,-0.00027886033,0.0018482506,0.0048286393
2025-01-29 12:00:00,4.0,6.569513,6.352582,5.5497036,0.4,-0.0008959174,0.0010514185,0.005127616
2025-01-29 13:00:00,4.300000000000001,7.333293,8.166435,7.13315,0.8,-0.0027719066,-0.0037087873,0.0054441467
2025-01-29 14:00:00,4.800000000000001,7.6505275,9.430419,8.617302,0.9000000000000001,-0.00428202,-0.007060051,0.0012749434
2025-01-29 15:00:00,5.300000000000001,7.5574026,10.004982,9.976244,0.7,-0.0026578754,-0.0070102736,0.00046240538
2025-01-29 16:00:00,5.5,6.772391,10.116618,10.883418,0.5,0.011884294,-0.0046608746,-0.0015405044
2025-01-29 17:00:00,5.300000000000001,5.2001,9.557601,10.938575,1.7,0.46008998,0.0016384721,-0.0017578229
2025-01-29 18:00:00,5.0,4.369252,8.389754,10.237611,0.4,0.59331083,0.0112008825,0.00011880696
2025-01-29 19:00:00,3.5999999999999996,4.2143774,7.085542,8.868779,0.0,0.5776001,0.024400547,0.0023834258
2025-01-29 20:00:00,2.4000000000000004,4.3125715,5.645547,7.705985,0.0,0.74360955,0.041649584,0.008491144
2025-01-29 21:00:00,1.5999999999999996,4.8684893,5.25204,6.4085283,0.0,0.8656447,0.35562262,0.0142181665
2025-01-29 22:00:00,0.40000000000000036,5.8619566,5.094637,5.2058334,0.0,0.59735346,0.44402826,0.016684938
2025-01-29 23:00:00,-0.3000000000000007,4.6452255,5.3486776,4.476062,0.0,0.45768353,0.6339196,0.019835263
2025-01-30 00:00:00,-0.3000000000000007,4.9328394,4.6621876,3.4249249,0.0,0.545415,0.36682025,0.018447194
2025-01-30 01:00:00,1.0,4.021798,4.664646,4.2492943,0.0,0.06651912,0.20178886,0.113406844
2025-01-30 02:00:00,0.40000000000000036,3.3317995,4.9987373,4.4216785,0.0,0.030754697,0.11356412,0.11403844
2025-01-30 03:00:00,1.1999999999999993,2.5592709,4.664112,5.2554245,0.0,0.019141871,0.063630275,0.25640982
2025-01-30 04:00:00,2.6999999999999993,2.023406,5.354431,4.182413,0.2,0.016697481,0.26875862,0.096065015
2025-01-30 05:00:00,3.4000000000000004,1.5333815,4.9593344,5.0104227,0.0,0.010522008,0.40408558,0.24149099
2025-01-30 06:00:00,3.3000000000000007,1.6165981,3.9041786,4.1812553,0.0,0.008927025,0.105588384,0.016533561
2025-01-30 07:00:00,3.0,1.1881952,3.2029896,5.2851257,0.0,0.007574655,0.023328852,0.1358254
2025-01-30 08:00:00,3.3000000000000007,1.3269482,2.8021383,5.2720404,0.0,0.0077470765,0.0037662163,0.051952377
2025-01-30 09:00:00,3.3000000000000007,2.1088333,2.5274572,5.660308,0.0,0.014937039,-0.001104258,0.119877785
2025-01-30 10:00:00,3.9000000000000004,2.9579163,2.8974018,4.497821,0.0,0.010205016,0.00044112653,0.038824253
2025-01-30 11:00:00,4.9,3.8476906,3.2174997,3.9450607,0.0,0.010642171,0.0005814731,0.0068953186
2025-01-30 12:00:00,5.800000000000001,4.74067,3.6456747,3.9560604,0.0,0.00934929,0.0018109009,0.004598044
2025-01-30 13:00:00,6.5,5.36596,4.503607,4.0253677,0.0,0.008668818,0.009110399,0.004114032
2025-01-30 14:00:00,6.9,5.390875,5.7798805,4.376418,0.0,0.006030999,0.0084617585,0.0062631443
2025-01-30 15:00:00,7.5,5.910057,6.4117,3.7624836,0.0,0.0064337477,0.009091154,0.0041743666
2025-01-30 16:00:00,8.0,6.3093286,6.4005504,3.6306047,0.0,0.015667904,0.006422937,0.0055525005
2025-01-30 17:00:00,7.2,6.3781276,5.865116,3.8082085,0.0,0.023661781,0.0030274838,0.010167986
2025-01-30 18:00:00,6.0,5.9561167,4.8261003,4.8207073,0.0,0.015706848,0.00017626584,0.009434111
2025-01-30 19:00:00,4.300000000000001,5.3161774,4.1051693,4.645505,0.0,0.0075969324,-4.7422945e-05,0.007932961
2025-01-30 20:00:00,3.3000000000000007,4.9319983,3.8307257,4.0801077,0.0,0.004145086,0.0015326962,0.006878406
2025-01-30 21:00:00,2.4000000000000004,4.7424,3.6166468,3.5825987,0.0,0.0037941262,0.0034614503,0.006429553
2025-01-30 22:00:00,1.9000000000000004,3.7330494,3.326828,2.4522848,0.0,0.0028104559,0.005819306,0.004952818
2025-01-30 23:00:00,1.8000000000000007,2.5995684,3.1137877,1.8994808,0.0,0.0007151589,0.008011922,0.003764689
2025-01-31 00:00:00,1.9000000000000004,1.5167513,3.0651827,2.3212461,0.0,-0.0013705343,0.009609617,0.0068732724
2025-01-31 01:00:00,1.9000000000000004,1.0808363,3.175212,2.4405622,0.0,-0.002555661,0.010425486,0.008483551
2025-01-31 02:00:00,1.5,1.0445127,2.3111181,2.296608,0.0,-0.0017757043,0.0063937977,0.00850971
2025-01-31 03:00:00,1.5999999999999996,1.1802464,1.2538309,2.2226562,0.0,-0.00014738739,0.0003434494,0.008466773
2025-01-31 04:00:00,1.0999999999999996,1.2478857,0.32060528,2.243863,0.0,0.0009082481,-0.004189998,0.008007154
2025-01-31 05:00:00,1.0,1.4391527,0.07274437,2.3357544,0.0,0.0024833009,-0.00615409,0.0075241923
2025-01-31 06:00:00,0.8000000000000007,1.2839508,0.24560833,1.507782,0.0,0.0031081587,-0.005177878,0.0020936131
2025-01-31 07:00:00,0.5,0.8748903,0.51090145,0.6406412,0.0,0.003827691,-0.0030787736,-0.0034946129
2025-01-31 08:00:00,0.09999999999999964,0.9653902,0.66653824,0.12909317,0.0,0.0046235174,-0.002023764,-0.0064532533
2025-01-31 09:00:00,0.6999999999999993,1.2672253,1.1177406,0.5725565,0.0,0.0047257617,-0.0010432675,-0.007038936
2025-01-31 10:00:00,2.5,2.292489,2.248046,1.4188786,0.0,0.0022254363,-0.0015977547,-0.0062892586
2025-01-31 11:00:00,4.400000000000002,3.590887,4.5759354,2.4043179,0.0,-0.002306752,-0.00082876533,-0.0038030073
2025-01-31 12:00:00,6.1,5.0658655,7.014234,4.596361,0.0,-0.006795183,-0.0034444258,0.0024833456
2025-01-31 13:00:00,7.2,6.405129,8.417556,6.638159,0.0,-0.008179344,-0.0058378056,0.0032038763
2025-01-31 14:00:00,8.1,6.9878397,9.189276,8.514437,0.0,-0.006320022,-0.006685443,-0.002037853
2025-01-31 15:00:00,8.5,7.792746,9.380285,9.683271,0.0,-0.0024382547,-0.006474547,-0.0043931156
2025-01-31 16:00:00,8.3,8.6259,9.124817,10.072732,0.0,-0.000329338,-0.0058667436,-0.0083080605
2025-01-31 17:00:00,7.3,8.527188,7.7707586,9.117659,0.0,-0.0029066876,-0.0056285113,-0.011002585
2025-01-31 18:00:00,5.699999999999999,6.4860725,5.611948,7.7475204,0.0,-0.004630387,-0.005716756,-0.011521213
2025-01-31 19:00:00,3.5,4.1669474,4.484847,6.3022604,0.0,-0.0006070435,-0.0032523423,-0.007622957
2025-01-31 20:00:00,2.1999999999999993,3.7264776,4.2079067,4.7398148,0.0,-3.697723e-05,-0.0010230169,-0.0032972172
2025-01-31 21:00:00,1.9000000000000004,3.636547,3.7338457,2.7372026,0.0,6.2942505e-05,0.0015452355,-0.0021606162
2025-01-31 22:00:00,1.9000000000000004,3.34058,2.5982647,1.4677877,0.0,0.00026649237,0.004203595,-0.0036391541
2025-01-31 23:00:00,2.0999999999999996,2.8572464,1.831769,1.5480537,0.0,0.00052809715,0.00399407,-0.000636369
2025-02-01 00:00:00,2.0999999999999996,1.8439264,2.1884975,2.2198591,0.0,0.0020360649,0.0044338256,0.0029606074
2025-02-01 01:00:00,2.1999999999999993,1.2067204,2.5623188,2.3849173,0.0,0.0039483085,0.0049286485,0.003816858
2025-02-01 02:00:00,2.3000000000000007,0.9780226,2.5711966,1.7191267,0.0,0.0051697344,0.0046089664,0.0014435127
2025-02-01 03:00:00,2.1999999999999993,0.842844,2.226884,1.2559824,0.0,0.0059634596,0.0035361424,-0.0005272627
2025-02-01 04:00:00,2.1999999999999993,0.7902937,1.2103558,1.6256294,0.0,0.006104715,0.002041541,0.0013388321
2025-02-01 05:00:00,2.0,0.82229614,0.58294773,1.979125,0.0,0.0056094155,0.0011412352,0.0030035004
2025-02-01 06:00:00,1.5999999999999996,0.8285408,0.33751678,1.992549,0.0,0.0048214793,-0.00034612417,0.0028546453
2025-02-01 07:00:00,1.3000000000000007,0.8284569,0.17555141,1.7537374,0.0,0.0045219585,-0.0021595433,0.0015724152
2025-02-01 08:00:00,1.0999999999999996,0.8675375,0.13269901,1.1631947,0.0,0.004548542,-0.0030648634,-0.0008277446
2025-02-01 09:00:00,1.5999999999999996,1.1585245,0.28621864,1.0186958,0.0,0.00442072,-0.0024303868,-0.0022324175
2025-02-01 10:00:00,4.599999999999998,1.9442377,0.9042492,1.780633,0.0,0.0032552257,-0.000904426,-0.0021319985
2025-02-01 11:00:00,6.8,3.5697098,2.8443985,3.3981924,0.0,-0.0005419925,0.0005469546,0.0008527264
2025-02-01 12:00:00,7.8,5.842992,5.4423227,4.9452887,0.0,-0.0047943518,8.1412494e-05,0.004371628
2025-02-01 13:00:00,8.3,7.241102,7.42873,6.1405573,0.0,-0.0025984794,-0.0021980554,0.0064620674
2025-02-01 14:00:00,8.7,7.727713,8.624237,7.5881867,0.0,0.0022501722,-0.0038580894,0.004558623
2025-02-01 15:00:00,8.7,9.380405,9.124439,8.886864,0.0,0.009557355,-0.004342355,-0.00029219687
2025-02-01 16:00:00,9.1,10.193593,9.114804,9.680771,0.0,0.014706183,-0.0046131015,-0.0028900206
2025-02-01 17:00:00,8.9,9.475535,8.239406,9.781902,0.0,0.0124804005,-0.004082121,-0.005019389
2025-02-01 18:00:00,8.1,7.4900184,6.6071477,8.739342,0.0,0.0043865815,-0.002506204,-0.00917238
2025-02-01 19:00:00,6.0,5.8592186,6.339484,6.9702196,0.0,0.0041230395,-0.0032918379,-0.00875821
2025-02-01 20:00:00,5.9,5.3236914,5.7510357,5.0409527,0.0,0.0045402423,0.0010606945,-0.003279753
2025-02-01 21:00:00,5.1,5.746003,4.7399206,3.4759474,0.0,0.0032037199,0.0036710426,0.0015251487
2025-02-01 22:00:00,4.5,6.103546,3.8048563,2.4417315,0.0,0.003736347,0.006821327,0.002901733
2025-02-01 23:00:00,3.3000000000000007,5.998519,3.3923683,3.2707787,0.0,0.0039447993,0.009083763,0.0062398612
2025-02-02 00:00:00,2.1999999999999993,4.9032497,3.6218224,3.609827,0.0,0.00079259276,0.009898651,0.0081036985
2025-02-02 01:00:00,1.3000000000000007,4.831977,4.2971134,3.3195152,0.0,4.2922795e-05,0.008786976,0.008945264
2025-02-02 02:00:00,0.9000000000000004,4.1540527,4.8377485,2.816143,0.0,-6.297231e-05,0.008060083,0.008717224
2025-02-02 03:00:00,0.1999999999999993,3.5203476,4.9081945,2.6155138,0.0,0.0015326962,0.0073364675,0.008588165
2025-02-02 04:00:00,-0.3000000000000007,2.458744,4.0359745,2.9080076,0.0,0.00396204,0.0058027506,0.009962313
2025-02-02 05:00:00,-0.8000000000000007,1.6035986,3.996934,3.430294,0.0,0.0049790367,0.0044855177,0.009828698
2025-02-02 06:00:00,-1.0999999999999996,0.7924013,3.2700853,3.832327,0.0,0.0035827532,0.004494272,0.009488542
2025-02-02 07:00:00,-1.3000000000000007,0.3771391,2.5430384,3.914834,0.0,0.0020525977,0.004245393,0.008963756
2025-02-02 08:00:00,-0.9000000000000004,0.039193153,1.5470142,3.311883,0.0,0.0011021048,0.0031374767,0.007961094
2025-02-02 09:00:00,-0.5999999999999996,0.13561058,1.0853567,3.4836874,0.0,0.0018643886,0.001757428,0.006914884
2025-02-02 10:00:00,3.5,0.9303694,1.5070066,3.6129036,0.0,0.0027817711,0.0004439354,0.006278582
2025-02-02 11:00:00,6.4,2.5450277,2.8494587,4.614109,0.0,-0.000103607774,0.0009016767,0.006819941
2025-02-02 12:00:00,8.3,3.9023542,4.6268473,5.908085,0.0,-0.0037574247,0.0022464097,0.0069981813
2025-02-02 13:00:00,9.6,4.7292824,6.2498636,6.8663044,0.0,-0.0045467988,0.0053739175,0.007243797
2025-02-02 14:00:00,8.6,5.0442114,7.352223,7.684327,0.0,-0.0030302107,0.00938119,0.0067475885
2025-02-02 15:00:00,8.2,7.2628984,7.9082274,8.449669,0.0,0.008638628,0.014657944,0.0071312487
2025-02-02 16:00:00,7.3,9.101343,7.7723517,9.004633,0.0,0.021600187,0.018986158,0.009729054
2025-02-02 17:00:00,6.1,9.748848,7.110722,9.075947,0.1,0.031355523,0.02228409,0.013337564
2025-02-02 18:00:00,5.300000000000001,9.449808,5.903063,8.132536,0.1,0.058513075,0.020082284,0.012526371
2025-02-02 19:00:00,4.300000000000001,6.260311,5.938924,6.656683,0.2,0.012504753,0.012952626,0.009317987
2025-02-02 20:00:00,3.8000000000000007,3.8593254,6.197854,5.165658,0.2,0.004476674,0.00894139,0.009782363
2025-02-02 21:00:00,3.1999999999999993,3.418641,5.419175,3.9251738,0.0,0.004525602,0.011104681,0.011237569
2025-02-02 22:00:00,3.1999999999999993,3.3657093,5.1518135,2.881669,0.0,0.0034256056,0.014363781,0.01096493
2025-02-02 23:00:00,3.1999999999999993,3.5673904,3.0047035,3.3188772,0.0,0.00196068,0.007985085,0.012600157
2025-02-03 00:00:00,2.6999999999999993,3.5339909,1.8623438,3.9627829,0.0,0.0013879016,0.0058147013,0.01356199
2025-02-03 01:00:00,2.4000000000000004,3.3293257,2.3411617,3.7870865,0.0,0.001352787,0.0076127127,0.01325931
2025-02-03 02:00:00,3.0999999999999996,2.8257103,2.8713446,3.845974,0.0,1.9818544e-05,0.00981871,0.01553474
2025-02-03 03:00:00,2.6999999999999993,2.6941462,3.1989422,2.2659044,0.0,0.001270771,0.008983344,0.007912964
2025-02-03 04:00:00,1.9000000000000004,2.4934416,3.1158285,1.2798901,0.0,0.0023999363,0.007438414,0.0016094446
2025-02-03 05:00:00,1.4000000000000004,2.1080227,2.8489866,1.7409534,0.0,0.002968721,0.005939789,0.0046897754
2025-02-03 06:00:00,0.8000000000000007,1.6103344,2.247591,2.1713362,0.0,0.0021035597,0.0042637065,0.007914513
2025-02-03 07:00:00,0.09999999999999964,1.9094982,1.9740658,2.3760748,0.0,0.003026165,0.004321441,0.0076071024
2025-02-03 08:00:00,-0.3000000000000007,1.7247334,1.6978483,2.451929,0.0,0.0018747225,0.0038201436,0.0076607317
2025-02-03 09:00:00,-0.09999999999999964,0.9660444,1.5759859,2.5607748,0.0,-0.00019855052,0.0027306527,0.0077819675
2025-02-03 10:00:00,3.9000000000000004,0.84725,1.8175669,3.3675394,0.0,0.000111572444,0.0011086985,0.0066442713
2025-02-03 11:00:00,6.300000000000001,1.5844564,2.3727837,4.424466,0.0,0.0029452145,0.0025068521,0.0073362812
2025-02-03 12:00:00,7.8,3.7438364,2.5808992,5.5473585,0.0,-0.0005438626,0.0024995357,0.007655233
2025-02-03 13:00:00,8.5,5.314582,3.157713,6.506732,0.0,-0.004549511,0.001559779,0.008184142
2025-02-03 14:00:00,9.6,5.9806824,4.5028477,7.2784667,0.0,-0.0049606934,0.005858548,0.006703399
2025-02-03 15:00:00,10.3,8.299902,6.4311724,7.8703446,0.0,-0.0013627186,0.009298645,0.011704072
2025-02-03 16:00:00,10.5,9.182422,6.7547584,7.8403263,0.0,0.0070512593,0.007659547,0.016391449
2025-02-03 17:00:00,9.900000000000002,8.980326,6.1128826,7.3089523,0.0,0.010184951,0.0032662451,0.01876365
2025-02-03 18:00:00,7.7,7.4869685,4.9983187,6.598375,0.0,0.0034801885,0.0003521368,0.017346736
2025-02-03 19:00:00,4.599999999999998,6.5505977,4.973835,5.4527264,0.0,-0.0014575943,-0.004794471,0.006626509
2025-02-03 20:00:00,2.6999999999999993,5.9252844,4.9964733,3.6903744,0.0,-0.0031817034,-0.0019964874,0.0066511855
2025-02-03 21:00:00,2.4000000000000004,5.273182,4.249833,2.5763865,0.0,-0.0042778477,0.0011959597,0.0054589957
2025-02-03 22:00:00,2.8000000000000007,4.552269,3.7070713,1.7400846,0.0,-0.004884243,0.0040312186,0.0032367334
2025-02-03 23:00:00,2.8000000000000007,3.5053349,3.6806479,2.428443,0.0,-0.0046699718,0.004934117,0.0035336837
2025-02-04 00:00:00,1.9000000000000004,1.3582754,3.557891,3.0161705,0.0,-0.0013530478,0.004882954,0.0060377717
2025-02-04 01:00:00,1.6999999999999993,0.9736042,3.3011866,2.9931192,0.0,-0.00037305057,0.0043611377,0.0074945763
2025-02-04 02:00:00,2.9000000000000004,1.4836912,2.9161453,2.8427925,0.0,4.811585e-05,0.003595382,0.008330762
2025-02-04 03:00:00,2.4000000000000004,2.149211,2.3681698,2.9280815,0.0,0.0016853735,0.002734892,0.008386329
2025-02-04 04:00:00,2.5,2.1729536,0.66515064,2.80268,0.0,0.0035345927,-0.0039984584,0.00703229
2025-02-04 05:00:00,3.0,1.3375673,0.4879322,2.5119696,0.0,0.0035768896,-0.005221702,0.004859127
2025-02-04 06:00:00,2.5,1.0205212,0.96325874,2.182436,0.0,0.0043184087,-0.0032530725,0.0029331297
2025-02-04 07:00:00,1.4000000000000004,1.6772556,1.5728741,1.9342976,0.0,0.0068800226,0.00022228062,0.0023809671
2025-02-04 08:00:00,1.1999999999999993,1.5028563,1.6803417,1.005065,0.0,0.0064336807,0.0017660037,-0.003395766
2025-02-04 09:00:00,2.1999999999999993,2.0681791,1.3398209,1.5581875,0.0,0.007518336,0.0006038174,-0.0043232515
2025-02-04 10:00:00,5.199999999999999,3.3740883,1.9979382,3.214693,0.0,0.006768495,0.0005555451,-0.0018369034
2025-02-04 11:00:00,7.5,5.310709,4.45833,4.9404793,0.0,0.003157042,0.0047430843,0.0018171668
2025-02-04 12:00:00,9.1,6.822713,6.9625325,6.513824,0.0,-0.0025015697,0.0056754276,0.0040064976
2025-02-04 13:00:00,10.2,8.085537,8.780718,7.76367,0.0,-0.005206585,0.007071741,0.004818514
2025-02-04 14:00:00,11.3,8.99304,10.074085,8.807093,0.0,-0.006360993,0.010651566,0.004897751
2025-02-04 15:00:00,11.9,10.152493,10.695312,10.167095,0.0,-0.005775489,0.009711448,0.006700866
2025-02-04 16:00:00,11.8,10.420562,10.499533,10.83041,0.0,-0.009001642,0.0035938546,0.008534923
2025-02-04 17:00:00,11.1,10.364788,9.595753,11.16852,0.0,-0.01184497,-0.004816495,0.0074326694
2025-02-04 18:00:00,8.8,9.055443,7.706112,10.697075,0.0,-0.014546156,-0.011808626,0.002880685
2025-02-04 19:00:00,5.4,7.625669,6.468501,8.660536,0.0,-0.012994885,-0.011518471,-0.0017965436
2025-02-04 20:00:00,3.4000000000000004,6.746836,5.605379,6.7041435,0.0,-0.009903066,-0.008499227,-0.0005431771
2025-02-04 21:00:00,3.0,6.1579437,5.337803,5.225089,0.0,-0.0077958405,-0.0050948113,0.0014659986
2025-02-04 22:00:00,3.6999999999999993,5.7453127,5.0329847,4.318658,0.0,-0.0057531,-0.0033934414,0.0020356327
2025-02-04 23:00:00,3.6999999999999993,5.1797953,5.012165,4.249222,0.0,-0.0025206804,-0.0025486574,0.0019981712
2025-02-05 00:00:00,3.0999999999999996,3.7352695,5.021861,4.1471004,0.0,0.0006211698,-0.0021421462,0.0020018145
2025-02-05 01:00:00,2.5999999999999996,2.9449797,4.8902597,4.2242985,0.0,0.003500253,-0.001763545,0.0037059486
2025-02-05 02:00:00,1.9000000000000004,2.909051,4.7768993,4.184428,0.0,0.005025193,-0.001091972,0.0035173148
2025-02-05 03:00:00,0.6999999999999993,3.374198,4.6023245,4.0975447,0.0,0.006201826,0.00048463792,0.0020912439
2025-02-05 04:00:00,0.5,3.277708,3.5480785,3.9482431,0.0,0.006972052,0.0008254945,0.000813894
2025-02-05 05:00:00,0.5999999999999996,2.5602388,2.7394,3.751235,0.0,0.0070120916,-0.00031344593,0.00041107833
2025-02-05 06:00:00,0.5,2.0626965,2.5132818,3.5863514,0.0,0.007671654,-0.00063028187,-0.00014501065
2025-02-05 07:00:00,0.0,1.6785889,2.7003756,3.4723272,0.0,0.008580983,0.00085791945,0.00038792938
2025-02-05 08:00:00,-0.9000000000000004,1.3970499,2.5318432,2.898796,0.0,0.0090542585,0.0016446486,0.0015124455
2025-02-05 09:00:00,-0.5,1.7101402,2.1443338,2.9686308,0.0,0.009756688,0.0019552112,0.0015585497
2025-02-05 10:00:00,4.5,2.4493885,2.6711454,4.1262035,0.0,0.00932797,0.0035540015,0.0020286515
2025-02-05 11:00:00,8.6,3.632351,4.767885,5.3619747,0.0,0.0058890358,0.0043617487,0.003005758
2025-02-05 12:00:00,10.1,4.933569,6.786018,6.810534,0.0,0.0008218959,0.004330009,0.0034875348
2025-02-05 13:00:00,11.0,5.9946175,8.205304,8.324789,0.0,-0.0026042238,0.0034567937,0.0029466301
2025-02-05 14:00:00,12.1,6.671025,9.146495,9.490702,0.0,-0.00488171,0.0016739517,0.0012674183
2025-02-05 15:00:00,12.4,10.193417,9.574398,10.310511,0.0,0.002612494,-0.00025947392,0.0004651621
2025-02-05 16:00:00,12.5,11.89265,9.450222,10.455873,0.0,0.0016928986,-0.0026422366,-0.00094257295
2025-02-05 17:00:00,11.9,11.666159,8.57932,10.148607,0.0,-0.0013938174,-0.0053351447,-0.004110098
2025-02-05 18:00:00,9.4,10.766401,6.8130903,9.139789,0.0,-0.008021966,-0.006623946,-0.008161053
2025-02-05 19:00:00,6.0,8.717075,7.671714,7.7324038,0.0,-0.012381382,-0.010659941,-0.008673482
2025-02-05 20:00:00,4.0,6.5447316,7.303563,6.2392163,0.0,-0.01036904,-0.0075693056,-0.0063439384
2025-02-05 21:00:00,3.4000000000000004,5.558466,6.3741345,4.4763594,0.0,-0.008726217,-0.0035378635,-0.001819022
2025-02-05 22:00:00,3.1999999999999993,5.181988,5.2071095,2.8152313,0.0,-0.0076989755,-0.00082340837,0.0016052723
2025-02-05 23:00:00,2.9000000000000004,4.6196585,4.867653,4.382661,0.0,-0.004581228,0.000984177,0.0034637302
2025-02-06 00:00:00,2.5,3.5854912,4.4795256,4.5593557,0.0,-0.00015445054,0.0016656741,0.0046114326
2025-02-06 01:00:00,1.8000000000000007,3.1011543,4.2063723,4.276346,0.0,0.0016726479,0.0016152337,0.0060199425
2025-02-06 02:00:00,1.3000000000000007,2.8940105,4.211768,4.0111523,0.0,0.0023554713,0.0014712662,0.006861143
2025-02-06 03:00:00,2.3000000000000007,2.726656,4.074338,3.9474525,0.0,0.0032814518,0.0020801201,0.0060554445
2025-02-06 04:00:00,2.4000000000000004,2.4595613,3.2010584,3.541669,0.0,0.0039841086,0.00093872845,0.004082456
2025-02-06 05:00:00,2.5,1.8860788,2.6849623,3.2771416,0.0,0.0042264685,-0.00018186122,0.0029044002
2025-02-06 06:00:00,2.3000000000000007,1.3664961,2.3721886,3.286295,0.0,0.005202748,-0.00085873157,0.0021913424
2025-02-06 07:00:00,3.0999999999999996,1.3276253,2.1179333,3.3612328,0.0,0.0061677843,-0.0010509938,0.0026027337
2025-02-06 08:00:00,3.0999999999999996,2.102994,1.897543,3.2649384,0.0,0.0067556575,-0.00066345185,0.0027560517
2025-02-06 09:00:00,3.5999999999999996,2.8371658,1.83671,4.0126038,0.0,0.006164089,-9.5941126e-05,0.0034955814
2025-02-06 10:00:00,6.9,4.1514893,3.2400637,5.067333,0.0,0.0036114603,0.00091841817,0.0038101748
2025-02-06 11:00:00,8.4,6.0145693,5.814453,6.14464,0.0,-0.00023297966,0.0024209842,0.003783092
2025-02-06 12:00:00,9.4,8.744503,8.212542,7.34981,0.0,-0.0014370009,0.0026174411,0.0032313317
2025-02-06 13:00:00,10.2,10.309927,9.818575,8.740229,0.0,-0.0036350712,0.0005592853,0.0003619194
2025-02-06 14:00:00,11.1,11.256241,10.966798,10.079348,0.0,-0.007618554,-0.0035507455,-0.0042208433
2025-02-06 15:00:00,11.4,12.712919,11.632149,10.982929,0.0,-0.008923046,-0.010298148,-0.0069052726
2025-02-06 16:00:00,11.4,12.801269,12.480143,11.765157,0.0,-0.008130066,-0.013210207,-0.0081461
2025-02-06 17:00:00,10.8,12.31775,12.562824,11.699473,0.0,-0.009798311,-0.009840697,-0.008163065
2025-02-06 18:00:00,8.9,11.198682,11.677362,10.82175,0.0,-0.012406491,-0.0118731335,-0.008001193
2025-02-06 19:00:00,5.199999999999999,9.415499,10.508572,9.359768,0.0,-0.011028372,-0.010182656,-0.0066320375
2025-02-06 20:00:00,4.400000000000002,7.871269,8.563946,8.042788,0.0,-0.0050580576,-0.0062585697,7.420033e-05
2025-02-06 21:00:00,2.0999999999999996,7.0214477,6.902203,7.011819,0.0,-0.0017883554,-0.0016097054,0.0036592782
2025-02-06 22:00:00,0.3000000000000007,6.4761558,6.1390343,6.0850296,0.0,-0.0020959303,0.0006639734,0.0057117715
2025-02-06 23:00:00,-0.09999999999999964,5.7287407,6.059491,6.000202,0.0,-0.0037760288,0.00207036,0.00662072
2025-02-07 00:00:00,0.40000000000000036,3.8442678,5.8470345,5.468957,0.0,-0.003908254,0.002297759,0.0075411797
2025-02-07 01:00:00,1.3000000000000007,3.2745018,5.4740143,5.0077877,0.0,-0.000952214,0.0018453747,0.0078071654
2025-02-07 02:00:00,1.9000000000000004,1.9863014,5.1658735,4.8694057,0.0,0.0034434795,0.0014973506,0.007877208
2025-02-07 03:00:00,1.8000000000000007,1.054142,4.709779,5.019903,0.0,0.0056405663,0.0023336932,0.0075191557
2025-02-07 04:00:00,1.5999999999999996,0.59205914,3.2798948,4.879282,0.0,0.005117312,0.0044600517,0.0069223866
2025-02-07 05:00:00,1.1999999999999993,0.3278389,2.900158,4.572259,0.0,0.0036381856,0.0052515194,0.0068672523
2025-02-07 06:00:00,1.1999999999999993,0.3717556,1.7273407,4.3341055,0.0,0.0023479909,0.004213378,0.006913103
2025-02-07 07:00:00,1.3000000000000007,0.5795431,0.7718067,4.034667,0.0,0.0025202408,0.0009036362,0.007662371
2025-02-07 08:00:00,1.0,0.8139677,0.59058857,3.036416,0.0,0.0030266196,-0.0007382259,0.008113913
2025-02-07 09:00:00,1.6999999999999993,1.1148701,1.0639496,2.7587805,0.0,0.0026394427,-0.0011579543,0.007215619
2025-02-07 10:00:00,2.9000000000000004,2.0107594,2.1413155,2.038559,0.0,-0.00033191592,-0.0011712983,0.0038239732
2025-02-07 11:00:00,3.9000000000000004,3.6444979,3.6379948,3.5233154,0.0,-0.0065654814,5.2265823e-05,0.0045504123
2025-02-07 12:00:00,4.400000000000002,4.8972626,5.559786,6.00352,0.5,-0.011390537,0.005359575,0.009100132
2025-02-07 13:00:00,3.5,5.393217,6.964014,7.22624,0.4,-0.01484976,0.011865485,0.008876495
2025-02-07 14:00:00,3.5,5.2836704,7.585242,8.171165,1.1,-0.012872487,0.015256707,0.008348405
2025-02-07 15:00:00,3.4000000000000004,5.6521654,7.6338835,8.88091,1.5,0.0010549501,0.014437225,0.008319952
2025-02-07 16:00:00,5.1,5.5478497,7.4738355,9.254405,0.1,0.0213629,0.014218248,0.010009605
2025-02-07 17:00:00,4.9,5.7916756,7.0154376,9.144304,0.0,0.22691165,0.017253283,0.013341464
2025-02-07 18:00:00,4.599999999999998,5.305377,6.3896365,8.153978,0.0,0.2578745,0.032014,0.017049916
2025-02-07 19:00:00,4.1,5.3876743,4.898597,6.5642734,0.0,0.20702378,0.027257115,0.021176461
2025-02-07 20:00:00,4.1,4.748597,3.3440561,5.1736193,0.0,0.17541984,0.026236702,0.018790897
2025-02-07 21:00:00,4.1,4.8320456,4.5638247,4.046049,0.0,0.066580586,0.29367736,0.014736872
2025-02-07 22:00:00,4.5,5.2979736,4.640915,3.7651873,0.0,0.085684724,0.40490142,0.02908146
2025-02-07 23:00:00,5.199999999999999,5.4052553,4.878565,2.4828396,0.0,0.27374697,0.283468,0.019885015
2025-02-08 00:00:00,5.6,4.909631,4.8660727,1.6278019,0.0,0.5635741,0.2287153,0.013566244
2025-02-08 01:00:00,5.699999999999999,4.581909,5.974225,4.3106766,0.2,0.9154972,0.31036356,0.45084962
2025-02-08 02:00:00,4.0,4.5193796,6.7578616,4.966913,0.0,1.1745348,0.42804292,0.5154826
2025-02-08 03:00:00,3.0999999999999996,4.8638115,6.1585655,5.0072746,0.0,1.3397037,0.86818314,0.42191827
2025-02-08 04:00:00,3.5,5.5850153,4.8669624,4.965111,0.0,1.3598988,0.89719987,0.37658316
2025-02-08 05:00:00,3.1999999999999993,6.0467443,4.4187803,5.712879,0.0,1.0088038,0.5596065,1.0197942
2025-02-08 06:00:00,2.6999999999999993,6.2248616,4.4935894,5.7048216,0.0,0.25338706,0.35981008,0.82347786
2025-02-08 07:00:00,1.9000000000000004,5.146822,4.804345,5.0292234,0.0,0.3167268,0.17972913,0.4216715
2025-02-08 08:00:00,0.5,2.858141,5.738987,4.559024,0.0,0.03838833,0.09706689,0.2261883
2025-02-08 09:00:00,0.40000000000000036,2.5743332,6.3539834,5.0707073,0.0,0.02837034,0.054836776,0.23619474
2025-02-08 10:00:00,3.5,2.692649,6.589245,5.4858665,0.0,0.024169143,0.048054583,0.19033113
2025-02-08 11:00:00,5.9,3.327261,5.3936224,5.0642147,0.0,0.018755484,0.14288726,0.047692172
2025-02-08 12:00:00,7.5,3.7782001,4.5708437,5.535988,0.0,0.012350477,0.027215753,0.04987928
2025-02-08 13:00:00,8.7,3.7485447,5.2901764,6.1553183,0.0,0.0066471472,0.024465166,0.05570665
2025-02-08 14:00:00,9.4,3.8357506,5.8432055,6.3565483,0.0,0.004404068,0.026296113,0.055342883
2025-02-08 15:00:00,10.2,5.5242605,6.086792,7.0917416,0.0,0.012725636,0.026929304,0.07458535
2025-02-08 16:00:00,10.6,7.619517,5.91296,6.498207,0.0,0.03513955,0.023960873,0.03028392
2025-02-08 17:00:00,10.4,8.274597,5.3277225,6.1186314,0.0,0.05864106,0.018865801,0.025687236
2025-02-08 18:00:00,8.3,7.4812493,4.660796,5.0852118,0.0,0.032415245,0.015294731,0.023007784
2025-02-08 19:00:00,4.599999999999998,5.738655,4.47589,4.1953526,0.0,0.009019896,0.015719447,0.020861205
2025-02-08 20:00:00,3.4000000000000004,5.482051,4.84507,3.4675016,0.0,0.006624371,0.012639035,0.018676102
2025-02-08 21:00:00,2.0999999999999996,5.729144,4.731555,2.6981945,0.0,0.0059912577,0.01210317,0.016297776
2025-02-08 22:00:00,2.0,5.722762,4.0741796,2.0790339,0.0,0.0055997,0.011971671,0.014034692
2025-02-08 23:00:00,2.5,5.1680613,3.2881508,2.075449,0.0,0.004584089,0.011825811,0.013311572
2025-02-09 00:00:00,3.0999999999999996,3.5337439,3.6249676,2.9266348,0.0,0.0033486038,0.0115634985,0.0142999925
2025-02-09 01:00:00,3.4000000000000004,3.1450882,4.2653503,3.3824959,0.0,0.004891485,0.012288183,0.015024323
2025-02-09 02:00:00,4.300000000000001,2.2890444,4.547024,3.1413898,0.0,0.0070527643,0.012269646,0.013806917
2025-02-09 03:00:00,4.5,1.8640661,4.432062,2.585373,0.0,0.008065373,0.012010802,0.009475179
2025-02-09 04:00:00,4.0,1.7269526,3.1111689,2.8647137,0.0,0.008313112,0.008348472,0.008423291
2025-02-09 05:00:00,4.800000000000001,1.7698908,2.7394915,3.3197174,0.0,0.007684782,0.006229989,0.008377455
2025-02-09 06:00:00,4.9,1.6196976,1.8149786,3.4567919,0.0,0.007149808,0.0036322773,0.007661596
2025-02-09 07:00:00,5.9,2.2941647,1.2951736,3.414609,0.0,0.008474618,0.0017566532,0.00805413
2025-02-09 08:00:00,5.800000000000001,2.6605673,1.1199293,2.528057,0.0,0.008496299,0.0011304244,0.006011367
2025-02-09 09:00:00,5.699999999999999,2.7746792,1.3156195,2.6382456,0.1,0.0074979514,0.0017833337,0.005799815
2025-02-09 10:00:00,7.0,4.476654,2.1372395,3.0792837,0.0,0.0069001988,0.0034645945,0.005088806
2025-02-09 11:00:00,8.6,6.72794,5.587675,4.547264,0.0,0.004179932,0.0067038313,0.006058246
2025-02-09 12:00:00,10.9,9.455339,8.440472,5.9049225,0.0,0.0068945438,0.006939441,0.006856486
2025-02-09 13:00:00,12.4,10.298895,9.751367,7.368553,0.0,0.010664746,0.007842548,0.007189147
2025-02-09 14:00:00,12.8,10.104523,11.100555,9.15658,0.0,0.020299654,0.010511745,0.004852973
2025-02-09 15:00:00,13.2,10.829537,11.720857,11.071441,0.0,0.007952616,0.010626074,0.0052127615
2025-02-09 16:00:00,12.5,10.842293,12.556238,12.0849285,0.0,0.0061430037,0.0077954233,0.0072212294
2025-02-09 17:00:00,11.8,11.14999,11.954494,12.117347,0.0,0.0056287497,0.004544303,0.0069946945
2025-02-09 18:00:00,10.4,10.784148,9.784174,12.133238,0.0,0.0037209988,0.002415374,0.0064064264
2025-02-09 19:00:00,8.4,9.383286,8.104848,10.329666,0.0,0.0044463947,0.0026222318,0.0010770038
2025-02-09 20:00:00,7.7,8.730806,6.798001,8.358513,0.0,0.0053826272,0.007930592,0.008210294
2025-02-09 21:00:00,6.9,8.373255,6.533142,6.8747387,0.0,0.008986197,0.012535218,0.011821728
2025-02-09 22:00:00,6.5,8.21403,6.6215634,5.558811,0.0,0.01073527,0.0139387995,0.012708053
2025-02-09 23:00:00,5.9,7.805116,6.6228633,5.2741594,0.0,0.011647545,0.012591995,0.013134904
2025-02-10 00:00:00,5.699999999999999,6.405636,6.808404,5.063101,0.0,0.011090774,0.012213737,0.014264435
2025-02-10 01:00:00,7.1,6.071562,6.8321075,5.2043314,0.0,0.012563355,0.013869371,0.015075456
2025-02-10 02:00:00,7.0,5.799509,6.849464,5.4362288,0.0,0.013153829,0.014318414,0.014428787
2025-02-10 03:00:00,6.4,5.6754627,6.5719094,5.4808083,0.0,0.013506297,0.013372313,0.0116839595
2025-02-10 04:00:00,6.1,5.3477726,5.353114,5.653921,0.0,0.012804598,0.00955056,0.0089266375
2025-02-10 05:00:00,5.6,5.176037,5.099865,5.755788,0.0,0.012579657,0.009494241,0.00942082
2025-02-10 06:00:00,5.199999999999999,5.93394,4.8752203,5.9453487,0.0,0.016509995,0.009160355,0.0098099075
2025-02-10 07:00:00,5.300000000000001,5.80886,4.7064905,6.005718,0.0,0.018115565,0.008943923,0.0099927075
2025-02-10 08:00:00,5.4,5.4459667,4.358844,5.454584,0.0,0.020676922,0.009040877,0.007463105
2025-02-10 09:00:00,6.300000000000001,5.402296,4.3452272,5.8496866,0.0,0.024183884,0.0098653175,0.0071308836
2025-02-10 10:00:00,8.6,5.954398,6.2047577,6.482234,0.0,0.028229747,0.013447821,0.0065364465
2025-02-10 11:00:00,9.7,7.119665,8.152452,7.334892,0.0,0.030916784,0.018278565,0.0058939606
2025-02-10 12:00:00,10.5,8.423946,9.537103,8.329031,0.0,0.03514288,0.024136536,0.0049916953
2025-02-10 13:00:00,11.3,9.240749,10.535368,9.747408,0.0,0.030966204,0.026849259,0.0045886487
2025-02-10 14:00:00,10.9,10.249947,11.001899,11.522448,1.7,0.02606634,0.021052636,0.010401022
2025-02-10 15:00:00,11.1,11.033778,10.867857,12.2867565,0.4,0.046475697,0.012693096,0.012541372
2025-02-10 16:00:00,10.8,11.552097,10.511326,12.193023,0.8,0.07482162,0.008909784,0.038967017
2025-02-10 17:00:00,10.0,11.189637,9.853717,11.721014,1.6,0.13587117,0.010176446,0.13681541
2025-02-10 18:00:00,9.6,10.416889,9.124245,10.54376,0.5,0.09734469,0.002885066,0.17202672
2025-02-10 19:00:00,8.6,9.697773,9.133804,8.285173,0.1,0.60650396,0.048231054,0.012699254
2025-02-10 20:00:00,7.7,8.248861,8.395657,6.5236053,0.1,0.18331574,0.04136585,0.009771053
2025-02-10 21:00:00,7.0,7.1895814,7.976653,5.4659376,0.0,0.06880707,0.03678156,0.012865592
2025-02-10 22:00:00,6.5,6.194153,7.7471414,5.1579733,0.0,0.031155255,0.027183615,0.014772605
2025-02-10 23:00:00,6.0,6.628798,8.23101,6.0920267,0.0,0.02988588,0.12317332,0.02279707
2025-02-11 00:00:00,5.9,6.6937714,6.7951655,6.4630976,0.0,0.028497588,0.051004328,0.027163822
2025-02-11 01:00:00,5.300000000000001,5.9788284,5.9945326,6.7650867,0.0,0.020406127,0.035752654,0.027101468
2025-02-11 02:00:00,6.2,5.737296,5.916252,6.716749,0.0,0.017930064,0.040765733,0.021041248
2025-02-11 03:00:00,5.6,5.627633,5.9127274,7.351757,0.0,0.018226236,0.019905582,0.09016479
2025-02-11 04:00:00,5.5,5.49292,5.7000427,6.202053,0.1,0.018636882,0.012026101,0.036131073
2025-02-11 05:00:00,5.199999999999999,5.4875813,4.825329,5.435957,0.1,0.018471126,0.0065807477,0.028936736
2025-02-11 06:00:00,4.400000000000002,5.1933346,4.419963,5.4774857,0.0,0.017544601,0.0051951557,0.030515596
2025-02-11 07:00:00,4.300000000000001,5.660718,4.344198,5.1289377,0.0,0.01806805,0.005908482,0.013966139
2025-02-11 08:00:00,4.699999999999999,5.6469736,4.7235527,7.24595,0.0,0.01857134,0.0067812875,0.013548937
2025-02-11 09:00:00,5.4,6.445434,5.9047375,7.59125,0.0,0.02479498,0.008212782,0.011443242
2025-02-11 10:00:00,6.2,7.454029,7.4093323,8.157597,0.0,0.031093176,0.012900751,0.018760182
2025-02-11 11:00:00,6.7,8.304817,9.251667,8.598861,0.0,0.037071016,0.022269953,0.022282049
2025-02-11 12:00:00,7.5,8.989527,10.730761,9.486797,0.1,0.06957241,0.034873944,0.02794347
2025-02-11 13:00:00,9.2,9.753357,11.723635,10.596745,0.2,0.118694015,0.053288683,0.034937594
2025-02-11 14:00:00,9.4,10.0383415,12.231121,11.665043,0.2,0.16559961,0.059679158,0.0361274
2025-02-11 15:00:00,10.6,9.995224,12.147518,13.203102,0.1,0.20128383,0.053557325,0.024974559
2025-02-11 16:00:00,10.7,9.634281,11.823479,13.37084,0.0,0.22180884,0.110201836,0.022485439
2025-02-11 17:00:00,10.9,8.969845,11.762401,12.955721,0.0,0.3480053,0.1654033,0.079986356
2025-02-11 18:00:00,9.8,8.838015,10.987171,12.005107,0.0,0.50864154,0.309496,0.079538405
2025-02-11 19:00:00,8.4,8.055109,9.538022,9.974146,0.29999999999999993,0.45258352,0.64826024,0.023057126
2025-02-11 20:00:00,7.8,8.26613,8.367437,9.419359,0.1,0.26703554,0.88763857,0.08272916
2025-02-11 21:00:00,7.1,8.285636,8.088893,9.405123,0.6,0.16994146,0.9374106,0.16425607
2025-02-11 22:00:00,6.8,8.569954,8.162159,9.362393,1.4,0.12912211,0.8467014,0.38702193
2025-02-11 23:00:00,6.5,8.141277,7.172791,8.570911,0.8,0.10487762,0.88042307,0.39688215
2025-02-12 00:00:00,6.300000000000001,7.457383,7.307044,8.190826,0.8,0.42649943,0.45264924,0.49387348
2025-02-12 01:00:00,6.1,7.6167026,7.7235646,8.321488,0.5,0.112387866,0.23501386,0.67693865
2025-02-12 02:00:00,6.2,6.888684,7.9546013,8.202135,0.1,0.3637337,0.11517991,0.7580079
2025-02-12 03:00:00,6.300000000000001,6.97502,7.6178393,7.2293644,0.1,0.20061025,0.090482935,0.82679474
2025-02-12 04:00:00,6.300000000000001,7.326016,7.804709,6.790821,0.4,0.20873213,0.21590115,0.6226449
2025-02-12 05:00:00,6.300000000000001,6.6407394,7.2139115,7.456735,0.1,0.20235823,0.15676156,0.2514901
2025-02-12 06:00:00,5.9,5.937875,7.7188478,7.364206,0.1,0.19067116,0.22198124,0.078856535
2025-02-12 07:00:00,6.7,4.4581547,7.547527,6.9779334,0.0,0.019349448,0.19738989,0.044462383
2025-02-12 08:00:00,6.5,4.6737137,7.658646,7.8923936,0.0,0.009675879,0.18956442,0.23432907
2025-02-12 09:00:00,6.8,5.660511,6.952038,6.948216,0.1,0.025742382,0.1840016,0.17662151
2025-02-12 10:00:00,6.8,6.378441,6.7002754,7.9344254,0.2,0.002645053,0.1936214,0.24394402
2025-02-12 11:00:00,7.0,7.0681014,6.8822303,7.80767,0.0,0.002484396,0.01859713,0.22289324
2025-02-12 12:00:00,7.7,8.309379,7.6527357,7.916944,0.0,0.023306347,0.021161616,0.23219934
2025-02-12 13:00:00,9.3,8.581547,9.233542,8.118063,0.0,0.048852265,0.042095914,0.23376961
2025-02-12 14:00:00,9.8,8.78507,9.41031,8.766275,0.0,0.062182218,0.062821716,0.321428
2025-02-12 15:00:00,10.1,8.688698,9.301627,8.656143,0.0,0.06751948,0.09297867,0.18257143
2025-02-12 16:00:00,9.4,9.29333,9.685991,9.076073,0.0,0.037334993,0.16215965,0.13052407
2025-02-12 17:00:00,9.2,9.625647,9.332488,10.011375,0.0,0.020405397,0.09115348,0.0737205
2025-02-12 18:00:00,8.7,9.255722,8.445768,9.253051,0.0,0.0099261515,0.036971387,0.060979016
2025-02-12 19:00:00,7.1,7.9586525,7.3953195,8.246576,0.0,0.0047162697,0.015286908,0.04583911
2025-02-12 20:00:00,6.300000000000001,7.3455133,7.0961294,8.186605,0.0,0.0038514063,0.01003097,0.03608092
2025-02-12 21:00:00,5.4,6.732375,6.747928,7.44319,0.0,0.003960438,0.009060919,0.027715158
2025-02-12 22:00:00,4.400000000000002,6.3552837,6.598138,6.569527,0.0,0.0020532385,0.010813959,0.020475056
2025-02-12 23:00:00,3.9000000000000004,5.5355625,6.1391087,5.793643,0.0,-0.0010913089,0.015646901,0.017122723
2025-02-13 00:00:00,3.9000000000000004,4.0297337,5.9488297,5.8187323,0.0,-0.0036401525,0.019373916,0.014363643
2025-02-13 01:00:00,3.8000000000000007,3.6142387,5.6989994,5.72589,0.0,-0.002946116,0.021110859,0.013956826
2025-02-13 02:00:00,3.1999999999999993,3.6070595,5.5323153,5.7300587,0.0,0.0003748685,0.019454267,0.015656296
2025-02-13 03:00:00,3.1999999999999993,3.886199,4.8187275,5.4018583,0.0,0.0056390613,0.012941226,0.02319542
2025-02-13 04:00:00,3.5,4.026393,3.3197765,5.286145,0.0,0.008279093,0.0036388934,0.028165456
2025-02-13 05:00:00,3.8000000000000007,3.762372,2.865529,5.0370827,0.0,0.006289184,-0.00044161826,0.029497635
2025-02-13 06:00:00,4.1,3.1209898,2.781187,4.5934353,0.0,0.0025142655,-0.001405105,0.02404388
2025-02-13 07:00:00,3.6999999999999993,2.48738,2.9937916,3.4688406,0.0,-0.00034434348,-0.0009941012,0.016206834
2025-02-13 08:00:00,3.0,2.3472338,3.425951,2.2183151,0.0,-0.0022252575,-0.0036211163,0.0063212886
2025-02-13 09:00:00,3.4000000000000004,3.152172,4.3938437,2.5867472,0.0,-0.002994977,-0.0044301003,0.00025324523
2025-02-13 10:00:00,7.2,5.1059227,5.5003843,4.3175583,0.0,-0.0014810786,-0.0053932443,-0.0018952265
2025-02-13 11:00:00,9.6,7.629905,6.9471,6.6394324,0.0,0.0073468387,-0.009408176,0.0031127408
2025-02-13 12:00:00,11.0,9.545848,8.046228,8.182451,0.0,0.019663736,-0.010978349,0.0070562586
2025-02-13 13:00:00,13.1,10.2041235,9.448505,9.331835,0.0,0.026437234,-0.0040881187,0.010883458
2025-02-13 14:00:00,13.1,10.008379,10.961683,9.943717,0.0,0.031358693,0.002001658,0.022495292
2025-02-13 15:00:00,13.2,11.7419405,12.387484,10.529432,0.0,0.038161397,-0.0054626316,0.034416646
2025-02-13 16:00:00,13.3,12.453045,13.057271,10.903955,0.0,0.042434853,-0.010879658,0.028345976
2025-02-13 17:00:00,12.8,12.473699,12.470731,11.526657,0.0,0.0331913,-0.013029069,0.004006572
2025-02-13 18:00:00,12.0,12.526828,10.090994,11.961565,0.0,0.010918025,-0.009537138,-0.011025935
2025-02-13 19:00:00,8.5,10.399932,9.75071,11.388046,0.0,0.0037307367,-0.001233682,-0.0062291995
2025-02-13 20:00:00,7.4,8.895935,8.916531,9.619436,0.0,0.004088521,0.0056554303,0.0018716902
2025-02-13 21:00:00,5.1,8.327551,8.184086,8.025754,0.0,0.0068335086,0.008704796,0.007866405
2025-02-13 22:00:00,3.9000000000000004,8.143383,7.990043,6.37312,0.0,0.008151174,0.007995412,0.012615822
2025-02-13 23:00:00,3.8000000000000007,8.565731,7.0602674,6.923774,0.0,0.009048924,0.008689657,0.013719812
2025-02-14 00:00:00,3.9000000000000004,7.0196147,6.6612577,6.842906,0.0,0.01024998,0.009250008,0.013020575
2025-02-14 01:00:00,4.0,6.6764264,6.6558046,6.6462474,0.0,0.009715144,0.009861052,0.013009515
2025-02-14 02:00:00,,5.370125,6.848518,6.742598,,0.008501455,0.009598535,0.010323837
2025-02-14 03:00:00,,4.5940943,7.5643616,6.0498447,,0.008005515,0.009610325,0.010975599
2025-02-14 04:00:00,,4.2877617,6.356891,5.703969,,0.008573689,0.008049428,0.0110213645
2025-02-14 05:00:00,,4.114588,6.126213,5.703228,,0.009307906,0.0064841807,0.01053277
2025-02-14 06:00:00,,3.9719343,5.0266533,5.898451,,0.010023765,0.004839085,0.009397563
2025-02-14 07:00:00,,,4.4634275,6.781144,,,0.0042635202,0.008067012
2025-02-14 08:00:00,,,4.5233717,5.8001146,,,0.0040593967,0.009270325
2025-02-14 09:00:00,,,5.074046,6.0127745,,,0.004610978,0.008297101
2025-02-14 10:00:00,,,5.9849825,6.3968596,,,0.0061360896,0.007893287
2025-02-14 11:00:00,,,,7.6753416,,,,0.0058434308
2025-02-14 12:00:00,,,,8.925376,,,,0.0061123297
2025-02-14 13:00:00,,,,9.578775,,,,0.00923261
2025-02-14 14:00:00,,,,9.82167,,,,0.0155873
2025-02-14 15:00:00,,,,,,,,
