time,actual_temp,actual_pressure,actual_humidity,actual_rain,pred24_temp,pred24_pressure,pred24_humidity,pred24_rain
2025-01-05 00:00:00,3.5,1022.2,96.0,0.0,4.2560396,1025.6315,84.14501,0.09608907
2025-01-05 01:00:00,3.9,1021.5,96.0,0.0,4.143556,1026.0647,83.46292,0.08636761
2025-01-05 02:00:00,4.1,1021.0,97.0,0.1,4.052044,1025.9108,83.64536,0.08643276
2025-01-05 03:00:00,4.2,1020.0,98.0,0.0,4.190294,1025.4913,83.394066,0.08715111
2025-01-05 04:00:00,4.3,1019.5,97.0,0.0,4.115262,1025.1626,83.907715,0.09146817
2025-01-05 05:00:00,4.3,1018.7,98.0,0.1,4.2063255,1024.8481,84.038345,0.09382321
2025-01-05 06:00:00,4.2,1018.1,100.0,0.1,4.2926345,1024.703,84.69731,0.10119163
2025-01-05 07:00:00,4.1,1017.9,100.0,0.2,4.4306564,1024.6288,84.86149,0.10512148
2025-01-05 08:00:00,3.9,1017.5,100.0,0.4,4.415119,1024.4396,85.27278,0.11003675
2025-01-05 09:00:00,3.8,1016.9,100.0,0.5,4.5704317,1024.212,85.46691,0.114720315
2025-01-05 10:00:00,4.0,1016.4,100.0,0.2,4.8788915,1025.03,84.186424,0.105224065
2025-01-05 11:00:00,4.4,1016.1,100.0,0.5,5.1527195,1025.8357,82.86241,0.09742976
2025-01-05 12:00:00,5.2,1015.3,100.0,0.2,5.1687036,1025.7219,82.92174,0.09803584
2025-01-05 13:00:00,6.7,1013.3,99.0,0.1,5.3720045,1025.8481,81.99253,0.093577445
2025-01-05 14:00:00,5.9,1012.8,100.0,0.5,5.6393476,1025.9104,80.67088,0.090065636
2025-01-05 15:00:00,6.8,1011.1,100.0,0.5,5.963705,1025.7372,78.68312,0.08509792
2025-01-05 16:00:00,6.8,1010.4,100.0,1.6,6.064209,1024.8093,78.93062,0.09343263
2025-01-05 17:00:00,6.9,1009.8,99.0,2.0,5.925074,1023.47,82.3001,0.12369093
2025-01-05 18:00:00,6.8,1009.3,99.0,2.3,5.9009237,1022.04663,85.02525,0.15559964
2025-01-05 19:00:00,6.6,1009.1,99.0,1.5,5.6262283,1022.4949,85.77727,0.15068163
2025-01-05 20:00:00,6.4,1008.8,99.0,1.2,5.4619293,1023.0627,86.17298,0.14640887
2025-01-05 21:00:00,6.3,1008.6,100.0,0.7,5.279174,1023.23584,86.8846,0.14841902
2025-01-05 22:00:00,6.2,1008.4,100.0,0.5,5.0169835,1023.2827,87.496284,0.14763078
2025-01-05 23:00:00,6.3,1007.9,100.0,0.3,4.7957635,1023.05853,87.94939,0.14648846
2025-01-06 00:00:00,6.5,1007.6,100.0,0.3,4.6179876,1022.6364,88.48719,0.1492375
2025-01-06 01:00:00,6.7,1007.1,100.0,0.5,4.8362455,1022.2677,88.036514,0.15009888
2025-01-06 02:00:00,7.1,1006.8,100.0,0.5,4.9670362,1021.4547,88.509834,0.16774057
2025-01-06 03:00:00,7.2,1006.4,99.0,0.1,5.4910583,1019.8745,88.62044,0.19725364
2025-01-06 04:00:00,6.9,1006.2,99.0,0.0,5.9347687,1018.34796,88.380936,0.22055581
2025-01-06 05:00:00,6.9,1005.8,99.0,0.0,6.0867186,1017.37115,88.474266,0.23613352
2025-01-06 06:00:00,7.0,1005.5,99.0,0.0,6.121463,1016.8777,88.69306,0.24382529
2025-01-06 07:00:00,6.7,1005.4,100.0,0.0,6.049062,1016.51935,88.7031,0.24805579
2025-01-06 08:00:00,6.5,1006.0,100.0,0.0,6.1260605,1016.4449,88.67742,0.25178912
2025-01-06 09:00:00,6.3,1006.4,100.0,0.0,6.1849833,1016.6687,88.486565,0.25146127
2025-01-06 10:00:00,6.7,1007.0,93.0,0.0,6.276326,1016.56805,87.93558,0.2506588
2025-01-06 11:00:00,7.9,1007.8,76.0,0.0,6.3608475,1015.67664,87.81098,0.2639813
2025-01-06 12:00:00,8.2,1008.1,70.0,0.0,6.472314,1015.2622,88.08132,0.27456787
2025-01-06 13:00:00,8.6,1008.2,62.0,0.0,6.477106,1014.84155,87.82235,0.277988
2025-01-06 14:00:00,8.3,1008.5,61.0,0.0,6.5376368,1014.323,85.73025,0.25318694
2025-01-06 15:00:00,8.3,1008.8,59.0,0.0,6.584193,1013.6694,85.260544,0.2531904
2025-01-06 16:00:00,8.1,1009.5,58.0,0.0,6.7423687,1012.5645,84.27664,0.25342628
2025-01-06 17:00:00,7.2,1010.5,61.0,0.0,6.749096,1011.9285,83.29508,0.24942212
2025-01-06 18:00:00,5.7,1011.8,70.0,0.0,6.696665,1011.46826,83.2796,0.25307524
2025-01-06 19:00:00,4.9,1013.1,75.0,0.0,6.46148,1011.28845,84.228004,0.25961784
2025-01-06 20:00:00,4.5,1014.3,77.0,0.0,5.997671,1011.689,85.61237,0.25835842
2025-01-06 21:00:00,4.3,1015.7,79.0,0.0,5.8198905,1011.78,86.74551,0.26492983
2025-01-06 22:00:00,4.0,1016.9,81.0,0.0,5.7143803,1011.65466,87.33918,0.2695977
2025-01-06 23:00:00,4.1,1017.6,81.0,0.0,5.7811913,1011.108,87.63619,0.2806377
2025-01-07 00:00:00,4.3,1018.3,80.0,0.0,5.9086227,1010.4488,87.55004,0.29095086
2025-01-07 01:00:00,4.4,1019.1,80.0,0.0,6.016464,1010.14276,87.54149,0.29513565
2025-01-07 02:00:00,3.4,1019.2,83.0,0.0,6.0255013,1010.07825,87.74351,0.2926463
2025-01-07 03:00:00,2.9,1019.5,84.0,0.0,6.1961746,1009.56525,87.74707,0.2999112
2025-01-07 04:00:00,2.2,1019.9,87.0,0.0,6.37261,1008.97327,87.063515,0.3039661
2025-01-07 05:00:00,1.8,1020.5,88.0,0.0,6.549472,1008.7634,86.56393,0.30513194
2025-01-07 06:00:00,1.3,1020.7,88.0,0.0,6.6398478,1008.7452,86.43057,0.3055575
2025-01-07 07:00:00,1.4,1020.8,87.0,0.0,6.765044,1008.7078,86.35949,0.30959016
2025-01-07 08:00:00,1.1,1021.3,86.0,0.0,6.894968,1008.60016,86.255325,0.31751922
2025-01-07 09:00:00,1.0,1021.7,86.0,0.0,6.8687124,1008.8968,86.610596,0.3214167
2025-01-07 10:00:00,3.6,1021.8,78.0,0.0,6.8239994,1009.1862,87.06799,0.32589975
2025-01-07 11:00:00,5.6,1022.6,69.0,0.0,6.920268,1009.5184,87.44418,0.3297879
2025-01-07 12:00:00,6.7,1022.6,62.0,0.0,7.488777,1010.0968,85.84172,0.31414798
2025-01-07 13:00:00,6.5,1022.3,63.0,0.0,7.630821,1009.97534,85.03718,0.31781492
2025-01-07 14:00:00,7.9,1021.6,62.0,0.0,7.874687,1010.29456,83.8144,0.30672053
2025-01-07 15:00:00,7.1,1021.5,68.0,0.0,7.774564,1010.24426,83.75292,0.31331798
2025-01-07 16:00:00,6.3,1022.1,76.0,0.0,7.6664286,1010.1145,84.16338,0.3239584
2025-01-07 17:00:00,6.2,1022.2,81.0,0.0,7.462373,1010.523,84.323074,0.32161623
2025-01-07 18:00:00,5.2,1022.7,88.0,0.0,7.1031485,1011.0179,84.835945,0.32040718
2025-01-07 19:00:00,4.2,1023.0,95.0,0.0,6.532197,1011.764,85.70977,0.31321144
2025-01-07 20:00:00,4.0,1023.4,95.0,0.0,6.049093,1013.1566,86.73111,0.29402357
2025-01-07 21:00:00,4.7,1023.5,93.0,0.0,5.796141,1014.6906,87.36453,0.27524754
2025-01-07 22:00:00,4.6,1023.6,95.0,0.0,5.6360674,1016.115,87.61598,0.2568811
2025-01-07 23:00:00,4.9,1023.9,93.0,0.0,5.5593767,1017.3116,87.73462,0.24216062
2025-01-08 00:00:00,4.8,1023.5,93.0,0.0,5.581726,1018.4101,87.614204,0.22629628
2025-01-08 01:00:00,4.8,1023.5,93.0,0.0,5.628005,1019.50604,87.24455,0.2111895
2025-01-08 02:00:00,5.3,1023.2,97.0,0.0,5.671413,1020.8527,86.42368,0.18839706
2025-01-08 03:00:00,5.3,1023.0,99.0,0.0,5.6289053,1021.5338,86.18747,0.17950484
2025-01-08 04:00:00,5.2,1022.8,100.0,0.0,5.7133646,1021.67944,85.64298,0.1707525
2025-01-08 05:00:00,5.5,1022.2,100.0,0.0,5.6657934,1021.61975,85.759926,0.16948791
2025-01-08 06:00:00,5.6,1021.7,100.0,0.0,5.703191,1021.655,85.45924,0.16303907
2025-01-08 07:00:00,5.7,1021.1,100.0,0.0,5.692607,1021.6833,85.37116,0.15931731
2025-01-08 08:00:00,5.6,1020.9,100.0,0.0,5.767919,1021.506,85.059845,0.15666257
2025-01-08 09:00:00,5.5,1020.6,100.0,0.0,5.7282166,1021.60834,85.22594,0.15538123
2025-01-08 10:00:00,5.6,1020.9,99.0,0.0,5.678769,1021.8161,85.279076,0.1514263
2025-01-08 11:00:00,6.2,1021.1,96.0,0.0,6.596201,1022.0513,81.75516,0.13447613
2025-01-08 12:00:00,6.7,1020.7,94.0,0.0,7.7184267,1022.487,78.184944,0.12128882
2025-01-08 13:00:00,7.2,1019.5,91.0,0.1,8.712158,1022.28705,73.98771,0.11369234
2025-01-08 14:00:00,7.5,1019.0,84.0,0.0,8.1106205,1021.7524,76.0129,0.11698413
2025-01-08 15:00:00,7.0,1018.6,86.0,0.1,8.276816,1021.0437,75.40072,0.12034008
2025-01-08 16:00:00,7.3,1018.2,89.0,0.1,7.622484,1020.75586,78.46587,0.13905947
2025-01-08 17:00:00,7.1,1018.3,92.0,0.1,6.9646606,1020.87244,81.34289,0.15529247
2025-01-08 18:00:00,6.7,1017.9,96.0,0.1,6.6892853,1020.8887,83.328766,0.17072071
2025-01-08 19:00:00,6.5,1018.3,98.0,0.0,6.2350664,1021.2882,84.840096,0.17774753
2025-01-08 20:00:00,6.3,1018.5,99.0,0.0,5.8726025,1021.53204,85.86644,0.17820682
2025-01-08 21:00:00,6.2,1018.9,98.0,0.0,5.722158,1021.92786,86.88648,0.18016592
2025-01-08 22:00:00,6.3,1019.3,97.0,0.0,5.751465,1022.40436,87.5514,0.18350466
2025-01-08 23:00:00,6.1,1019.4,97.0,0.0,5.7527575,1022.41376,87.80012,0.18910411
2025-01-09 00:00:00,5.0,1019.4,97.0,0.0,5.8699155,1022.3454,88.07434,0.19194779
2025-01-09 01:00:00,5.4,1019.5,97.0,0.0,5.934913,1022.1492,88.21397,0.19764146
2025-01-09 02:00:00,4.7,1019.6,95.0,0.0,6.1020994,1021.5904,88.09843,0.20171028
2025-01-09 03:00:00,5.7,1019.8,95.0,0.0,6.4289675,1021.01227,88.21598,0.21422884
2025-01-09 04:00:00,5.7,1019.7,94.0,0.0,6.5458946,1020.6248,88.29158,0.21920379
2025-01-09 05:00:00,4.6,1019.3,93.0,0.0,6.545047,1020.593,88.4207,0.2199021
2025-01-09 06:00:00,4.8,1019.6,89.0,0.0,6.7573576,1020.4194,88.28583,0.22062679
2025-01-09 07:00:00,5.2,1019.7,88.0,0.0,6.873287,1020.1223,88.06263,0.22186458
2025-01-09 08:00:00,5.6,1020.1,88.0,0.0,6.955118,1019.7874,87.29993,0.21241744
2025-01-09 09:00:00,5.9,1020.8,88.0,0.0,6.985507,1019.72473,86.483055,0.2000391
2025-01-09 10:00:00,7.8,1021.6,83.0,0.0,7.1348076,1019.7057,85.38726,0.18913439
2025-01-09 11:00:00,9.7,1022.5,78.0,0.0,7.2234936,1020.26013,83.59916,0.16731417
2025-01-09 12:00:00,10.8,1022.8,72.0,0.0,7.603098,1021.08936,80.11661,0.13836963
2025-01-09 13:00:00,11.8,1022.4,69.0,0.0,7.9419565,1021.06476,77.81902,0.1273116
2025-01-09 14:00:00,13.3,1021.9,60.0,0.0,8.54456,1019.9876,76.69134,0.13572894
2025-01-09 15:00:00,13.2,1021.8,61.0,0.0,8.900644,1019.65186,74.85878,0.13025106
2025-01-09 16:00:00,12.8,1022.1,63.0,0.0,8.616285,1019.658,75.75345,0.13175559
2025-01-09 17:00:00,12.0,1022.4,67.0,0.0,8.43739,1019.3696,77.005684,0.14058551
2025-01-09 18:00:00,10.3,1023.1,75.0,0.0,8.045902,1019.25244,79.01527,0.15251754
2025-01-09 19:00:00,8.8,1023.7,82.0,0.0,7.7981157,1018.79285,80.86891,0.16878098
2025-01-09 20:00:00,7.9,1024.4,86.0,0.0,7.583335,1018.45355,82.54527,0.18437132
2025-01-09 21:00:00,8.0,1024.8,86.0,0.0,7.3406277,1018.57153,83.86956,0.1912892
2025-01-09 22:00:00,7.7,1025.0,87.0,0.0,7.055439,1019.1407,84.767654,0.18946934
2025-01-09 23:00:00,8.2,1025.3,87.0,0.0,6.946951,1019.7085,85.33157,0.18756582
2025-01-10 00:00:00,7.2,1025.8,90.0,0.0,6.8468475,1020.0378,85.6198,0.18600239
2025-01-10 01:00:00,6.5,1026.0,92.0,0.0,6.5003767,1020.1881,85.97757,0.18249398
2025-01-10 02:00:00,6.7,1025.9,92.0,0.0,6.569725,1020.30225,85.74953,0.17723918
2025-01-10 03:00:00,5.9,1025.7,93.0,0.0,6.432808,1020.61084,85.564445,0.17171626
2025-01-10 04:00:00,5.1,1025.5,95.0,0.0,6.7255554,1020.8293,84.19379,0.16051188
2025-01-10 05:00:00,4.6,1025.5,96.0,0.0,6.9471207,1020.7636,83.122475,0.15578878
2025-01-10 06:00:00,4.5,1025.7,96.0,0.0,6.744692,1020.3624,83.35193,0.1579835
2025-01-10 07:00:00,4.8,1025.6,96.0,0.0,6.8860807,1020.44745,81.73577,0.14477067
2025-01-10 08:00:00,4.6,1025.9,96.0,0.0,6.9357452,1020.6028,80.68015,0.13650535
2025-01-10 09:00:00,4.0,1026.6,95.0,0.0,7.0017824,1020.9088,79.58079,0.12709886
2025-01-10 10:00:00,6.2,1027.3,93.0,0.0,7.029214,1021.7237,78.436714,0.11509043
2025-01-10 11:00:00,9.1,1027.9,85.0,0.0,8.157331,1022.6535,72.72693,0.09675361
2025-01-10 12:00:00,10.7,1027.8,79.0,0.0,9.48647,1023.00214,67.73668,0.09464705
2025-01-10 13:00:00,11.8,1027.0,71.0,0.0,10.51351,1022.84076,64.25545,0.09538695
2025-01-10 14:00:00,13.0,1026.2,59.0,0.0,11.497842,1022.46576,63.46419,0.10041475
2025-01-10 15:00:00,13.8,1025.5,57.0,0.0,13.280874,1022.1078,59.128372,0.10130013
2025-01-10 16:00:00,13.8,1025.5,59.0,0.0,12.710161,1022.1443,62.77816,0.10192177
2025-01-10 17:00:00,13.2,1025.4,64.0,0.0,11.653678,1022.8115,67.14083,0.10574795
2025-01-10 18:00:00,9.3,1025.8,83.0,0.0,10.367137,1023.4626,72.035355,0.10893394
2025-01-10 19:00:00,7.7,1026.1,89.0,0.0,9.308332,1024.0176,76.09597,0.12209109
2025-01-10 20:00:00,9.2,1026.4,86.0,0.0,8.841553,1024.1926,78.48238,0.13876517
2025-01-10 21:00:00,9.2,1026.3,90.0,0.0,8.51097,1024.3104,79.94055,0.1466032
2025-01-10 22:00:00,8.6,1026.7,92.0,0.0,8.392245,1024.3684,80.82887,0.1513058
2025-01-10 23:00:00,8.8,1026.8,91.0,0.0,8.202436,1024.4323,81.43689,0.1533528
2025-01-11 00:00:00,8.7,1026.7,90.0,0.0,8.218314,1024.4111,81.8354,0.1550952
2025-01-11 01:00:00,9.9,1026.4,85.0,0.0,7.8870564,1024.6295,82.437164,0.15444434
2025-01-11 02:00:00,8.6,1026.1,87.0,0.0,7.5948706,1024.5918,83.0022,0.15328582
2025-01-11 03:00:00,9.0,1025.9,87.0,0.0,7.47328,1024.4843,83.25726,0.15213712
2025-01-11 04:00:00,9.9,1025.5,85.0,0.0,7.103943,1024.3527,83.398544,0.14843988
2025-01-11 05:00:00,9.9,1025.1,89.0,0.1,6.6257257,1024.0886,83.33169,0.13951181
2025-01-11 06:00:00,10.6,1024.9,87.0,0.1,6.167493,1024.0416,83.254425,0.1291796
2025-01-11 07:00:00,10.6,1024.5,87.0,0.0,5.943749,1024.3258,82.96238,0.11855142
2025-01-11 08:00:00,10.8,1024.8,89.0,0.0,5.920642,1024.425,82.56223,0.1130972
2025-01-11 09:00:00,10.9,1024.8,90.0,0.2,5.928267,1024.5829,82.266426,0.10960939
2025-01-11 10:00:00,11.5,1025.6,88.0,0.1,5.955265,1025.1007,81.57681,0.10144509
2025-01-11 11:00:00,11.5,1026.0,88.0,0.1,7.059951,1025.7762,77.57109,0.08717885
2025-01-11 12:00:00,11.8,1026.4,84.0,0.0,9.652769,1026.0964,70.84475,0.092763506
2025-01-11 13:00:00,13.1,1026.1,67.0,0.0,11.01493,1025.805,69.666016,0.10411344
2025-01-11 14:00:00,14.3,1025.3,65.0,0.0,12.819804,1025.1515,67.72522,0.11660344
2025-01-11 15:00:00,14.6,1025.4,60.0,0.0,14.116229,1024.4612,66.19466,0.12754789
2025-01-11 16:00:00,14.5,1025.7,60.0,0.0,13.610506,1023.9859,69.69872,0.13901669
2025-01-11 17:00:00,13.3,1026.2,63.0,0.0,12.072474,1024.239,74.353325,0.1435359
2025-01-11 18:00:00,12.1,1026.6,69.0,0.0,11.035655,1024.1676,77.17039,0.15939628
2025-01-11 19:00:00,11.2,1026.8,74.0,0.0,9.728451,1023.9535,79.30299,0.17515607
2025-01-11 20:00:00,9.2,1027.6,85.0,0.0,9.082819,1023.19617,80.51589,0.18018356
2025-01-11 21:00:00,8.8,1028.3,87.0,0.0,8.780532,1023.0903,81.36596,0.17857766
2025-01-11 22:00:00,7.6,1029.1,90.0,0.0,8.638912,1023.10565,82.0195,0.18297261
2025-01-11 23:00:00,7.5,1029.4,91.0,0.0,8.366406,1023.3203,82.33391,0.17712669
2025-01-12 00:00:00,6.5,1029.3,92.0,0.0,8.219689,1023.7548,82.61916,0.17147624
2025-01-12 01:00:00,5.8,1029.5,87.0,0.0,8.103641,1024.0876,82.82547,0.16886008
2025-01-12 02:00:00,6.1,1028.9,78.0,0.0,8.488551,1024.0787,82.48094,0.16953959
2025-01-12 03:00:00,5.5,1029.5,72.0,0.0,8.22206,1024.064,82.826195,0.17366666
2025-01-12 04:00:00,5.3,1029.5,55.0,0.0,8.316228,1023.5201,82.85746,0.17469065
2025-01-12 05:00:00,5.3,1029.3,38.0,0.0,8.631023,1023.2356,82.694435,0.17891258
2025-01-12 06:00:00,4.8,1029.6,47.0,0.0,8.652387,1022.9839,82.69563,0.1815652
2025-01-12 07:00:00,4.1,1030.2,61.0,0.0,9.012323,1022.8457,81.12761,0.16932768
2025-01-12 08:00:00,3.7,1030.9,71.0,0.0,8.91084,1022.6752,81.311356,0.17290431
2025-01-12 09:00:00,3.5,1030.8,72.0,0.0,8.879408,1022.89514,81.20981,0.16709691
2025-01-12 10:00:00,5.7,1031.2,63.0,0.0,9.173045,1023.5877,79.57989,0.14955896
2025-01-12 11:00:00,8.1,1031.5,58.0,0.0,9.47235,1024.2488,78.00619,0.13663566
2025-01-12 12:00:00,9.8,1030.6,53.0,0.0,9.496869,1025.015,76.79598,0.12187098
2025-01-12 13:00:00,10.7,1029.7,50.0,0.0,9.827169,1025.5658,74.6451,0.112004116
2025-01-12 14:00:00,11.5,1029.1,50.0,0.0,12.639402,1025.3496,65.138565,0.10627421
2025-01-12 15:00:00,10.7,1029.3,55.0,0.0,13.571369,1024.4896,64.1546,0.11021604
2025-01-12 16:00:00,10.1,1029.4,54.0,0.0,14.043877,1024.3701,63.17118,0.10995822
2025-01-12 17:00:00,9.1,1029.8,56.0,0.0,13.46171,1024.7509,65.22852,0.1081378
2025-01-12 18:00:00,7.6,1030.3,62.0,0.0,11.874449,1025.3353,69.57788,0.104930215
2025-01-12 19:00:00,6.5,1030.4,64.0,0.0,10.049339,1026.0706,73.62447,0.10121795
2025-01-12 20:00:00,5.8,1030.6,65.0,0.0,9.222696,1026.3658,75.44595,0.10291418
2025-01-12 21:00:00,5.5,1030.4,58.0,0.0,8.595898,1026.3468,77.119316,0.1062356
2025-01-12 22:00:00,4.8,1030.3,47.0,0.0,8.547317,1025.9861,77.20432,0.10660327
2025-01-12 23:00:00,4.0,1030.1,40.0,0.0,8.26249,1026.0492,77.52705,0.1054463
2025-01-13 00:00:00,3.4,1030.0,37.0,0.0,8.267904,1026.0013,77.30105,0.10228597
2025-01-13 01:00:00,2.5,1029.3,40.0,0.0,7.935548,1026.2655,77.33471,0.096684106
2025-01-13 02:00:00,2.5,1027.9,45.0,0.0,7.748955,1026.803,76.25028,0.08591387
2025-01-13 03:00:00,1.8,1027.6,50.0,0.0,8.240487,1027.0602,73.65111,0.08033463
2025-01-13 04:00:00,1.1,1027.6,53.0,0.0,7.9455853,1027.8375,72.67593,0.07131889
2025-01-13 05:00:00,0.6,1027.5,55.0,0.0,8.931142,1028.4768,65.48714,0.05976918
2025-01-13 06:00:00,0.8,1027.1,48.0,0.0,9.953283,1028.3783,58.169796,0.05192193
2025-01-13 07:00:00,0.8,1026.9,43.0,0.0,7.8035345,1028.4514,63.66878,0.04525559
2025-01-13 08:00:00,0.5,1027.2,43.0,0.0,6.2129507,1029.1094,69.15651,0.042463403
2025-01-13 09:00:00,0.3,1027.8,44.0,0.0,5.291239,1029.4829,72.04533,0.039859634
2025-01-13 10:00:00,2.7,1028.6,41.0,0.0,5.077333,1029.251,72.77213,0.0395572
2025-01-13 11:00:00,6.2,1029.1,47.0,0.0,6.296358,1029.1324,67.48418,0.039088897
2025-01-13 12:00:00,8.8,1029.5,38.0,0.0,7.655978,1028.7372,61.631847,0.039133426
2025-01-13 13:00:00,9.8,1028.4,32.0,0.0,9.374028,1027.6522,55.476143,0.03874385
2025-01-13 14:00:00,10.9,1026.7,28.0,0.0,10.496367,1026.5763,52.894196,0.037395384
2025-01-13 15:00:00,10.4,1026.5,31.0,0.0,10.863674,1026.0297,53.668,0.03900863
2025-01-13 16:00:00,9.7,1026.7,35.0,0.0,9.630032,1026.2494,59.368656,0.041355163
2025-01-13 17:00:00,8.5,1027.0,41.0,0.0,8.791926,1026.7457,62.17227,0.04299778
2025-01-13 18:00:00,5.4,1028.1,49.0,0.0,7.5693274,1027.3833,67.40265,0.05095382
2025-01-13 19:00:00,2.7,1028.2,54.0,0.0,6.6225805,1027.9786,71.815544,0.052828185
2025-01-13 20:00:00,1.5,1028.5,56.0,0.0,6.272046,1028.2966,73.20533,0.051930685
2025-01-13 21:00:00,1.2,1028.8,58.0,0.0,5.9150553,1028.6166,74.43779,0.05059977
2025-01-13 22:00:00,0.8,1028.7,59.0,0.0,5.992283,1028.9904,73.756584,0.04839994
2025-01-13 23:00:00,-0.1,1029.0,62.0,0.0,6.1757383,1029.267,72.3369,0.04631987
2025-01-14 00:00:00,-1.0,1030.1,66.0,0.0,6.2070885,1029.4468,71.24222,0.044278953
2025-01-14 01:00:00,-0.3,1031.0,59.0,0.0,6.0548096,1029.4,70.03585,0.040888615
2025-01-14 02:00:00,0.1,1030.3,52.0,0.0,5.3486643,1028.9976,71.20562,0.038724568
2025-01-14 03:00:00,-0.3,1030.3,52.0,0.0,4.718339,1028.1542,73.00903,0.039200578
2025-01-14 04:00:00,-0.7,1030.8,49.0,0.0,3.929686,1027.46,75.76496,0.040049434
2025-01-14 05:00:00,-0.8,1031.5,41.0,0.0,3.491111,1026.8959,77.602936,0.04281807
2025-01-14 06:00:00,-0.8,1032.3,39.0,0.0,3.219022,1026.4238,79.0092,0.046363134
2025-01-14 07:00:00,-0.3,1032.5,36.0,0.0,3.356603,1025.928,78.96191,0.048382986
2025-01-14 08:00:00,-0.2,1032.7,31.0,0.0,3.3706753,1025.6451,79.06631,0.049782533
2025-01-14 09:00:00,-0.0,1032.8,35.0,0.0,3.2017846,1025.6072,79.2864,0.049200825
2025-01-14 10:00:00,2.9,1032.7,42.0,0.0,3.024284,1025.7485,79.1323,0.046495583
2025-01-14 11:00:00,5.1,1033.1,29.0,0.0,3.703098,1025.9921,74.75898,0.03884859
2025-01-14 12:00:00,6.6,1032.9,26.0,0.0,4.9598293,1025.9856,67.87436,0.03607676
2025-01-14 13:00:00,7.6,1031.8,26.0,0.0,7.9274845,1025.9905,53.89345,0.032366186
2025-01-14 14:00:00,8.8,1030.9,31.0,0.0,10.802858,1025.0101,45.54557,0.033567548
2025-01-14 15:00:00,8.8,1030.1,31.0,0.0,12.592044,1022.89276,42.515488,0.030268889
2025-01-14 16:00:00,8.9,1029.7,33.0,0.0,11.5653105,1021.98267,44.938503,0.03340761
2025-01-14 17:00:00,7.9,1029.7,51.0,0.0,9.344315,1022.2145,50.40678,0.035496842
2025-01-14 18:00:00,4.3,1029.9,49.0,0.0,7.4351826,1022.9647,58.602425,0.043293003
2025-01-14 19:00:00,3.1,1029.7,54.0,0.0,6.1005917,1024.4863,65.44334,0.046326566
2025-01-14 20:00:00,0.1,1029.4,71.0,0.0,5.2311864,1025.8862,68.95861,0.042550407
2025-01-14 21:00:00,-1.7,1029.3,78.0,0.0,4.6828938,1026.7908,71.78139,0.041306816
2025-01-14 22:00:00,-2.3,1029.3,79.0,0.0,4.365917,1027.1278,73.13437,0.040268637
2025-01-14 23:00:00,-1.6,1029.6,67.0,0.0,4.16138,1027.1642,73.8694,0.03966601
2025-01-15 00:00:00,-0.1,1029.7,51.0,0.0,3.811411,1027.2592,74.99688,0.038940743
2025-01-15 01:00:00,0.6,1029.3,42.0,0.0,3.4725938,1027.3846,74.854164,0.035433438
2025-01-15 02:00:00,0.5,1028.8,41.0,0.0,4.2341204,1027.4515,71.248764,0.033695012
2025-01-15 03:00:00,-0.1,1028.4,42.0,0.0,4.611969,1027.3865,69.7967,0.03390952
2025-01-15 04:00:00,-0.3,1028.2,40.0,0.0,4.643455,1027.5839,70.171814,0.0355657
2025-01-15 05:00:00,-0.2,1027.7,39.0,0.0,5.239873,1027.8143,66.568245,0.033519827
2025-01-15 06:00:00,-0.3,1027.3,39.0,0.0,5.841835,1028.1306,61.849724,0.029965071
2025-01-15 07:00:00,-0.7,1027.2,40.0,0.0,6.3584385,1028.4442,57.995483,0.02793036
2025-01-15 08:00:00,-1.0,1027.7,41.0,0.0,8.361584,1028.467,51.987183,0.029772447
2025-01-15 09:00:00,-0.7,1027.6,40.0,0.0,9.687508,1028.5891,47.833893,0.030344138
2025-01-15 10:00:00,2.4,1028.0,39.0,0.0,10.252941,1028.6746,45.528255,0.028528089
2025-01-15 11:00:00,6.4,1028.5,44.0,0.0,11.486294,1028.5667,42.27909,0.022564026
2025-01-15 12:00:00,8.8,1028.9,38.0,0.0,13.9190645,1028.3,36.793297,0.014788423
2025-01-15 13:00:00,9.9,1027.6,36.0,0.0,15.865463,1027.2855,32.524475,0.010910486
2025-01-15 14:00:00,11.6,1026.1,30.0,0.0,16.800684,1026.5807,30.56431,0.009338648
2025-01-15 15:00:00,11.3,1025.3,29.0,0.0,17.007668,1026.0862,30.215073,0.008884707
2025-01-15 16:00:00,10.5,1025.1,31.0,0.0,16.673956,1025.8588,31.05938,0.009295317
2025-01-15 17:00:00,8.1,1025.5,42.0,0.0,16.041704,1025.7316,32.58139,0.010276826
2025-01-15 18:00:00,4.9,1025.7,40.0,0.0,13.577977,1025.832,38.24391,0.014136269
2025-01-15 19:00:00,3.0,1025.0,38.0,0.0,11.479258,1026.3092,42.393906,0.017522914
2025-01-15 20:00:00,3.0,1025.2,38.0,0.0,9.776651,1026.5608,46.418327,0.022796348
2025-01-15 21:00:00,3.1,1025.6,39.0,0.0,6.0605745,1026.564,56.46867,0.022196924
2025-01-15 22:00:00,3.0,1024.5,39.0,0.0,4.6699533,1027.0485,61.423843,0.022758523
2025-01-15 23:00:00,2.9,1024.1,39.0,0.0,4.1357017,1026.7872,63.596313,0.023772027
2025-01-16 00:00:00,3.1,1023.6,37.0,0.0,4.65594,1027.1548,61.86795,0.024574608
2025-01-16 01:00:00,2.7,1023.1,38.0,0.0,5.9753494,1027.7316,56.914024,0.026136894
2025-01-16 02:00:00,2.8,1022.8,40.0,0.0,7.4666014,1028.035,52.825806,0.027132954
2025-01-16 03:00:00,2.7,1022.5,40.0,0.0,8.090836,1028.0923,50.982338,0.027253954
2025-01-16 04:00:00,2.6,1022.5,41.0,0.0,8.496679,1028.192,49.615475,0.027118035
2025-01-16 05:00:00,2.4,1022.5,42.0,0.0,9.345048,1028.2402,47.040253,0.027521567
2025-01-16 06:00:00,2.2,1022.3,43.0,0.0,9.455949,1027.8489,46.62588,0.028014649
2025-01-16 07:00:00,2.0,1022.3,44.0,0.0,9.123086,1027.3689,47.417374,0.028519278
2025-01-16 08:00:00,1.9,1022.5,46.0,0.0,8.682157,1026.9897,48.51666,0.02853088
2025-01-16 09:00:00,1.7,1023.0,49.0,0.0,8.417131,1026.9033,49.144173,0.028281676
2025-01-16 10:00:00,4.1,1023.8,49.0,0.0,8.894803,1026.7842,47.779232,0.028899824
2025-01-16 11:00:00,7.4,1024.4,50.0,0.0,10.507923,1026.4952,43.895126,0.02272245
2025-01-16 12:00:00,8.7,1024.0,42.0,0.0,12.279,1025.7999,39.7895,0.016207509
2025-01-16 13:00:00,9.2,1023.0,43.0,0.0,14.240673,1025.2897,35.708485,0.012426886
2025-01-16 14:00:00,10.4,1021.9,39.0,0.0,15.263007,1024.2491,34.041756,0.011394467
2025-01-16 15:00:00,10.1,1021.3,40.0,0.0,15.92525,1023.1354,32.994373,0.010903006
2025-01-16 16:00:00,9.6,1021.4,43.0,0.0,15.719822,1022.4647,33.758373,0.011525163
2025-01-16 17:00:00,8.6,1022.4,46.0,0.0,14.783505,1022.48694,36.05566,0.013360427
2025-01-16 18:00:00,6.2,1023.1,59.0,0.0,12.143157,1023.1962,41.922962,0.01860384
2025-01-16 19:00:00,6.4,1023.5,60.0,0.0,10.536264,1024.749,44.971275,0.02143005
2025-01-16 20:00:00,5.3,1025.1,61.0,0.0,9.521282,1025.5422,47.5488,0.023896115
2025-01-16 21:00:00,4.1,1027.0,69.0,0.0,8.788695,1025.9103,49.451103,0.024989989
2025-01-16 22:00:00,3.7,1027.7,74.0,0.0,8.224535,1025.9816,50.91382,0.026059581
2025-01-16 23:00:00,2.9,1028.5,77.0,0.0,7.5858173,1025.2687,52.613754,0.027286638
2025-01-17 00:00:00,2.2,1029.2,81.0,0.0,6.606735,1024.6681,55.284588,0.02863224
2025-01-17 01:00:00,1.8,1029.5,84.0,0.0,6.081997,1024.2461,56.730267,0.030234799
2025-01-17 02:00:00,1.2,1029.2,83.0,0.0,5.2547655,1023.784,60.0004,0.029489737
2025-01-17 03:00:00,1.0,1029.1,83.0,0.0,4.7633457,1023.5595,62.230034,0.029336702
2025-01-17 04:00:00,1.2,1029.5,77.0,0.0,4.6099644,1023.3594,63.488144,0.03062837
2025-01-17 05:00:00,1.1,1030.0,72.0,0.0,4.4881506,1023.24066,64.53593,0.03198414
2025-01-17 06:00:00,0.7,1030.3,75.0,0.0,4.4285774,1023.2379,64.91424,0.032535724
2025-01-17 07:00:00,0.9,1030.7,77.0,0.0,4.414709,1023.1439,65.184944,0.033395417
2025-01-17 08:00:00,0.8,1031.3,80.0,0.0,4.380951,1023.14166,65.47818,0.03398956
2025-01-17 09:00:00,0.6,1031.5,81.0,0.0,4.3048224,1023.26514,65.73296,0.03398229
2025-01-17 10:00:00,2.7,1031.5,71.0,0.0,4.161806,1023.5005,65.924614,0.033232413
2025-01-17 11:00:00,4.5,1031.7,65.0,0.0,5.552493,1023.7067,59.097427,0.03215352
2025-01-17 12:00:00,5.6,1031.3,63.0,0.0,8.709257,1023.92773,50.625465,0.03664914
2025-01-17 13:00:00,6.4,1030.7,61.0,0.0,12.095412,1023.59985,43.226177,0.029208362
2025-01-17 14:00:00,7.2,1029.7,57.0,0.0,13.682057,1022.49445,40.300488,0.024164451
2025-01-17 15:00:00,7.7,1029.1,55.0,0.0,14.691998,1021.0561,38.47062,0.02147841
2025-01-17 16:00:00,7.5,1029.2,55.0,0.0,14.041873,1019.748,39.897636,0.02244164
2025-01-17 17:00:00,7.1,1029.2,55.0,0.0,12.387117,1019.2461,43.136585,0.025451161
2025-01-17 18:00:00,4.6,1029.3,69.0,0.0,10.943383,1019.6059,46.039257,0.02915835
2025-01-17 19:00:00,3.3,1029.4,72.0,0.0,7.7291,1020.38165,54.30195,0.028691141
2025-01-17 20:00:00,2.9,1029.5,74.0,0.0,7.8718977,1020.76044,54.03764,0.031236969
2025-01-17 21:00:00,1.9,1029.8,78.0,0.0,7.1877584,1022.1843,56.829437,0.031113487
2025-01-17 22:00:00,1.4,1030.1,79.0,0.0,6.0865116,1024.457,61.452343,0.03202077
2025-01-17 23:00:00,0.6,1030.2,82.0,0.0,6.022575,1025.9586,61.106976,0.0306821
2025-01-18 00:00:00,-0.3,1030.2,88.0,0.0,5.7344637,1026.8715,62.16006,0.029063875
2025-01-18 01:00:00,-0.3,1030.0,87.0,0.0,5.1034746,1027.8678,64.46893,0.027451066
2025-01-18 02:00:00,-0.8,1029.4,85.0,0.0,5.108012,1028.8433,63.647034,0.025779435
2025-01-18 03:00:00,-0.2,1029.4,80.0,0.0,5.3475914,1029.3185,61.936577,0.024693632
2025-01-18 04:00:00,-0.1,1029.4,79.0,0.0,5.2204175,1029.5985,62.186855,0.024012696
2025-01-18 05:00:00,-0.9,1028.8,84.0,0.0,6.1972523,1030.1201,58.216915,0.02508019
2025-01-18 06:00:00,-1.5,1028.1,88.0,0.0,6.607995,1030.2743,56.42986,0.025420668
2025-01-18 07:00:00,-1.9,1027.4,90.0,0.0,5.637721,1030.3722,59.724026,0.023625448
2025-01-18 08:00:00,-1.9,1027.5,91.0,0.0,5.283269,1030.6863,60.779037,0.02292156
2025-01-18 09:00:00,-1.5,1027.5,90.0,0.0,4.4127245,1030.9022,64.13249,0.021834921
2025-01-18 10:00:00,2.9,1027.4,72.0,0.0,4.246574,1031.3954,64.66104,0.021512723
2025-01-18 11:00:00,6.5,1027.7,61.0,0.0,7.1611986,1031.8447,54.14503,0.024893424
2025-01-18 12:00:00,8.0,1027.3,54.0,0.0,9.071834,1031.1078,48.993534,0.025745029
2025-01-18 13:00:00,8.7,1026.4,51.0,0.0,9.879623,1030.2078,46.83704,0.024482718
2025-01-18 14:00:00,9.0,1025.3,46.0,0.0,10.093317,1029.3047,46.696465,0.023933612
2025-01-18 15:00:00,8.8,1024.5,52.0,0.0,10.326583,1028.5195,46.788586,0.024594935
2025-01-18 16:00:00,8.3,1024.2,57.0,0.0,10.106665,1027.8284,47.903625,0.025467798
2025-01-18 17:00:00,6.8,1024.3,67.0,0.0,9.02042,1027.6724,50.7477,0.025354574
2025-01-18 18:00:00,2.8,1024.8,77.0,0.0,8.04791,1027.8657,53.41194,0.02491113
2025-01-18 19:00:00,1.3,1024.9,75.0,0.0,5.567077,1028.2347,63.06456,0.02649621
2025-01-18 20:00:00,-1.5,1024.9,90.0,0.0,4.866885,1028.2415,65.23004,0.027891407
2025-01-18 21:00:00,-2.0,1024.6,91.0,0.0,4.50966,1027.9779,66.38474,0.028136931
2025-01-18 22:00:00,-0.9,1024.2,82.0,0.0,3.9424102,1027.7625,68.20696,0.027951548
2025-01-18 23:00:00,-0.7,1024.1,77.0,0.0,4.035109,1027.7407,66.74035,0.026869316
2025-01-19 00:00:00,-1.1,1023.8,78.0,0.0,3.7524714,1027.7819,67.44651,0.026172504
2025-01-19 01:00:00,-1.4,1023.6,77.0,0.0,3.3592694,1028.0322,68.53587,0.025207026
2025-01-19 02:00:00,-0.1,1023.1,62.0,0.0,3.746363,1028.1929,66.20185,0.024455843
2025-01-19 03:00:00,0.5,1022.7,54.0,0.0,3.8614635,1028.0348,65.57395,0.024516735
2025-01-19 04:00:00,0.5,1022.4,53.0,0.0,4.850632,1028.1693,61.348503,0.025463738
2025-01-19 05:00:00,-0.1,1022.3,58.0,0.0,5.2743545,1028.2295,59.73913,0.026115103
2025-01-19 06:00:00,-0.7,1022.0,63.0,0.0,4.6579504,1028.1086,62.07528,0.025149645
2025-01-19 07:00:00,-1.0,1021.9,67.0,0.0,3.9264717,1027.7815,64.7499,0.02415393
2025-01-19 08:00:00,-1.5,1022.4,73.0,0.0,3.3349154,1027.2109,67.26248,0.024217455
2025-01-19 09:00:00,-1.1,1022.8,72.0,0.0,3.0537755,1027.0586,68.68852,0.024680384
2025-01-19 10:00:00,1.9,1023.0,66.0,0.0,3.1285248,1027.1337,68.40558,0.024727648
2025-01-19 11:00:00,4.0,1023.5,54.0,0.0,6.5725555,1027.1278,55.45372,0.029088104
2025-01-19 12:00:00,5.2,1023.4,56.0,0.0,9.765597,1026.9663,47.210423,0.029304212
2025-01-19 13:00:00,6.1,1022.3,55.0,0.0,11.850923,1026.9946,43.251095,0.023549266
2025-01-19 14:00:00,6.9,1021.0,49.0,0.0,13.407977,1026.3427,40.364723,0.02023743
2025-01-19 15:00:00,7.0,1020.0,52.0,0.0,14.236017,1024.8662,38.686058,0.018216142
2025-01-19 16:00:00,6.8,1019.6,55.0,0.0,13.256574,1023.77386,40.908085,0.020268286
2025-01-19 17:00:00,5.9,1019.8,61.0,0.0,11.737534,1023.33044,43.79919,0.023005776
2025-01-19 18:00:00,2.2,1020.3,77.0,0.0,9.070293,1023.28174,49.38975,0.025363974
2025-01-19 19:00:00,2.1,1020.4,81.0,0.0,6.012163,1023.8442,58.563602,0.025486501
2025-01-19 20:00:00,1.9,1020.4,83.0,0.0,5.0692596,1024.6477,61.219814,0.027252877
2025-01-19 21:00:00,2.4,1020.5,82.0,0.0,3.1919537,1025.1755,67.567474,0.025270937
2025-01-19 22:00:00,1.9,1020.3,84.0,0.0,2.8424997,1025.6462,68.3539,0.024055019
2025-01-19 23:00:00,2.7,1020.8,84.0,0.1,3.007289,1025.1655,68.205894,0.025306493
2025-01-20 00:00:00,2.5,1020.7,88.0,0.2,2.7856753,1025.2303,69.39674,0.025803037
2025-01-20 01:00:00,2.1,1020.8,88.0,0.0,2.4797664,1025.3103,70.69736,0.025982805
2025-01-20 02:00:00,3.3,1019.7,88.0,0.2,2.379634,1025.0289,71.21043,0.026648806
2025-01-20 03:00:00,3.0,1019.2,92.0,0.6,3.7061846,1024.5073,65.32778,0.027132705
2025-01-20 04:00:00,2.6,1019.3,93.0,0.3,4.0571585,1024.0663,64.66698,0.028430223
2025-01-20 05:00:00,2.6,1019.2,93.0,0.4,4.0204587,1024.228,64.54384,0.027426798
2025-01-20 06:00:00,2.4,1018.9,94.0,0.2,3.6353197,1024.2307,66.246346,0.027320093
2025-01-20 07:00:00,1.9,1018.6,94.0,0.0,3.22264,1023.90814,68.082664,0.027959116
2025-01-20 08:00:00,2.0,1018.5,94.0,0.0,2.8066192,1023.4738,70.04174,0.029099675
2025-01-20 09:00:00,2.2,1019.0,96.0,0.1,2.336535,1023.3235,72.314705,0.03007276
2025-01-20 10:00:00,2.7,1019.4,96.0,0.0,2.4769363,1023.58704,71.83118,0.029844224
2025-01-20 11:00:00,3.3,1019.9,95.0,0.0,3.8664112,1024.0868,66.8768,0.03023052
2025-01-20 12:00:00,4.1,1020.1,93.0,1.1,5.852233,1024.4814,60.166237,0.03191469
2025-01-20 13:00:00,4.7,1019.5,94.0,0.0,6.056777,1024.4736,61.370777,0.035016637
2025-01-20 14:00:00,3.8,1018.4,94.0,0.0,6.2612057,1023.8019,62.11135,0.039641023
2025-01-20 15:00:00,4.3,1017.2,93.0,0.0,6.556365,1022.19257,62.520912,0.047340766
2025-01-20 16:00:00,4.2,1016.9,95.0,0.0,5.8285685,1020.3545,68.120094,0.059877396
2025-01-20 17:00:00,4.2,1016.9,95.0,0.0,5.191232,1019.09106,72.91563,0.073785625
2025-01-20 18:00:00,3.7,1017.3,98.0,0.0,4.8263226,1018.6638,76.82087,0.09501519
2025-01-20 19:00:00,3.3,1017.5,99.0,0.1,4.265892,1018.66986,80.46257,0.1156739
2025-01-20 20:00:00,3.7,1017.3,98.0,0.1,3.93146,1018.94806,82.27394,0.11944744
2025-01-20 21:00:00,3.7,1017.0,98.0,0.1,3.7311401,1019.05255,83.688324,0.12756552
2025-01-20 22:00:00,4.1,1016.8,98.0,0.2,3.7915692,1019.1472,84.270424,0.13164082
2025-01-20 23:00:00,3.9,1016.7,97.0,0.4,3.8085995,1019.109,85.33349,0.14340883
2025-01-21 00:00:00,4.1,1016.4,97.0,0.3,4.073317,1019.6194,85.73436,0.1474696
2025-01-21 01:00:00,4.2,1016.5,97.0,0.3,4.2857637,1019.9933,86.93381,0.16418958
2025-01-21 02:00:00,4.4,1015.8,98.0,0.3,4.485306,1019.957,87.54128,0.17844027
2025-01-21 03:00:00,4.4,1015.4,96.0,0.9,4.8725777,1019.54095,87.18346,0.18407726
2025-01-21 04:00:00,4.4,1014.9,97.0,1.1,5.0588584,1018.9551,87.633095,0.1991216
2025-01-21 05:00:00,4.4,1014.6,97.0,0.5,5.3080597,1018.0109,88.02676,0.22472335
2025-01-21 06:00:00,4.6,1014.2,97.0,0.0,5.3205547,1018.05414,87.139755,0.21039894
2025-01-21 07:00:00,4.6,1014.0,97.0,0.0,5.370125,1017.61926,87.66825,0.22739422
2025-01-21 08:00:00,4.7,1014.2,97.0,0.0,5.2034664,1017.24,87.37877,0.2192626
2025-01-21 09:00:00,5.0,1014.4,96.0,0.0,4.9920263,1017.25916,88.118195,0.22139809
2025-01-21 10:00:00,5.6,1014.5,97.0,0.2,5.1261387,1017.5019,87.99301,0.22235581
2025-01-21 11:00:00,6.2,1014.6,97.0,0.6,5.307027,1017.629,87.12166,0.21619643
2025-01-21 12:00:00,6.6,1014.7,99.0,0.6,5.3741817,1017.89435,86.45525,0.2073748
2025-01-21 13:00:00,7.0,1014.2,98.0,1.3,5.8743877,1019.06726,82.05579,0.16494219
2025-01-21 14:00:00,7.2,1013.4,99.0,0.9,5.7959948,1019.1046,82.94326,0.17222185
2025-01-21 15:00:00,7.1,1012.6,98.0,0.6,5.713459,1018.626,84.143135,0.18309632
2025-01-21 16:00:00,7.3,1012.4,99.0,1.0,5.689412,1017.9925,85.47825,0.20149642
2025-01-21 17:00:00,7.3,1012.1,100.0,0.9,5.6214905,1017.5338,86.94202,0.22158585
2025-01-21 18:00:00,7.1,1011.8,100.0,0.8,5.6111035,1017.1189,88.37481,0.24504507
2025-01-21 19:00:00,7.1,1012.0,100.0,1.1,5.5377045,1016.90204,89.850105,0.2684539
2025-01-21 20:00:00,7.5,1012.0,100.0,0.7,5.537938,1016.9379,90.71288,0.27991587
2025-01-21 21:00:00,7.1,1012.5,100.0,0.6,5.662329,1016.60864,91.24785,0.2951637
2025-01-21 22:00:00,6.9,1012.4,100.0,0.9,5.5794735,1016.6879,91.57014,0.296557
2025-01-21 23:00:00,6.8,1012.4,100.0,0.4,5.428222,1016.99615,92.008514,0.29830474
2025-01-22 00:00:00,6.6,1012.3,100.0,0.3,5.400568,1017.62946,92.2015,0.2919044
2025-01-22 01:00:00,6.6,1012.2,100.0,0.6,5.683219,1017.244,91.822,0.3040766
2025-01-22 02:00:00,7.6,1011.2,100.0,0.1,5.9983015,1016.4922,91.599365,0.3167769
2025-01-22 03:00:00,7.4,1010.9,100.0,0.4,5.9007387,1016.1424,91.75605,0.31779826
2025-01-22 04:00:00,7.2,1010.5,100.0,0.6,5.9891224,1016.2254,91.696335,0.3172788
2025-01-22 05:00:00,7.0,1010.0,100.0,0.4,6.2121572,1015.87054,91.31224,0.3203842
2025-01-22 06:00:00,6.8,1009.7,100.0,1.0,5.9357595,1015.8155,90.94405,0.31150994
2025-01-22 07:00:00,6.8,1009.4,100.0,1.4,5.8765693,1015.24414,90.28382,0.31287116
2025-01-22 08:00:00,6.6,1009.6,100.0,1.9,6.0960665,1014.2821,90.43515,0.3261163
2025-01-22 09:00:00,6.5,1010.3,100.0,1.8,6.1384573,1013.4556,90.94743,0.34478173
2025-01-22 10:00:00,6.7,1010.3,99.0,1.1,6.2469234,1012.9765,91.5054,0.3595827
2025-01-22 11:00:00,7.5,1010.1,99.0,0.5,6.460326,1012.75226,92.39562,0.37858844
2025-01-22 12:00:00,7.9,1010.1,100.0,0.6,6.7370586,1013.29034,92.70895,0.38182393
2025-01-22 13:00:00,8.7,1009.3,100.0,0.7,7.022666,1013.28436,92.651634,0.39567006
2025-01-22 14:00:00,8.6,1010.1,95.0,0.2,7.327282,1013.21265,92.135315,0.40011686
2025-01-22 15:00:00,9.0,1009.5,98.0,0.2,7.560338,1012.749,91.80677,0.41308656
2025-01-22 16:00:00,8.4,1009.4,98.0,0.7,7.6503477,1012.0929,92.05542,0.4299693
2025-01-22 17:00:00,8.7,1009.1,96.0,0.4,7.654299,1011.23444,93.51915,0.46193627
2025-01-22 18:00:00,8.3,1009.4,99.0,0.4,7.6221256,1010.33105,94.19872,0.4803169
2025-01-22 19:00:00,8.1,1009.9,100.0,0.2,7.7088556,1010.5564,94.04503,0.48202547
2025-01-22 20:00:00,7.8,1010.4,100.0,0.3,7.632166,1011.17206,93.92915,0.4705985
2025-01-22 21:00:00,7.9,1010.6,100.0,0.2,7.6026163,1011.48346,93.85174,0.46388844
2025-01-22 22:00:00,7.9,1010.9,100.0,0.2,7.600748,1011.4063,94.19826,0.47484106
2025-01-22 23:00:00,7.8,1011.3,100.0,0.4,7.5517845,1010.8396,94.47091,0.47949937
2025-01-23 00:00:00,7.8,1012.0,100.0,0.4,7.64587,1010.48944,94.41548,0.4926901
2025-01-23 01:00:00,7.8,1012.6,100.0,0.7,7.718131,1010.1622,94.20037,0.49899116
2025-01-23 02:00:00,7.8,1013.3,99.0,0.8,7.7949333,1010.07666,94.399765,0.50117457
2025-01-23 03:00:00,6.9,1013.6,97.0,3.9,7.9096384,1009.2922,93.78917,0.5006607
2025-01-23 04:00:00,6.9,1013.2,98.0,0.0,7.777829,1008.89343,93.79981,0.4986971
2025-01-23 05:00:00,7.1,1013.5,99.0,0.0,7.7353706,1008.7603,93.948494,0.49418783
2025-01-23 06:00:00,7.1,1014.1,99.0,0.0,7.6791544,1008.3576,93.5907,0.49048388
2025-01-23 07:00:00,7.2,1014.8,99.0,0.1,7.53862,1008.4465,93.82544,0.48116237
2025-01-23 08:00:00,7.2,1015.8,99.0,0.6,7.5226326,1008.5041,93.61362,0.47412515
2025-01-23 09:00:00,7.2,1016.1,99.0,0.7,7.480994,1008.79333,93.33844,0.4670341
2025-01-23 10:00:00,7.7,1016.9,98.0,0.4,7.4870415,1009.39655,93.188736,0.46153978
2025-01-23 11:00:00,8.4,1017.7,96.0,0.1,7.610156,1010.00024,92.57485,0.45127553
2025-01-23 12:00:00,9.2,1018.4,93.0,0.0,7.7765865,1009.8737,92.11151,0.45352593
2025-01-23 13:00:00,10.1,1018.0,89.0,0.0,7.707494,1010.0831,92.31825,0.4509717
2025-01-23 14:00:00,10.6,1017.3,90.0,0.2,7.709614,1009.98944,92.06997,0.43980762
2025-01-23 15:00:00,11.8,1016.4,83.0,0.1,7.5230627,1009.6846,91.96973,0.43690747
2025-01-23 16:00:00,12.5,1016.2,76.0,0.1,7.551265,1009.3288,91.509514,0.4342
2025-01-23 17:00:00,12.2,1016.6,76.0,0.0,7.465846,1009.62994,91.39925,0.4197327
2025-01-23 18:00:00,10.7,1017.6,84.0,0.0,7.558872,1009.48944,90.81005,0.41723168
2025-01-23 19:00:00,8.5,1018.3,92.0,0.0,7.528721,1009.25665,90.90202,0.42572162
2025-01-23 20:00:00,7.4,1018.8,92.0,0.0,7.495352,1009.3312,91.096535,0.43104023
2025-01-23 21:00:00,7.4,1019.3,92.0,0.0,7.5032406,1009.8133,91.629166,0.43474695
2025-01-23 22:00:00,6.8,1019.6,94.0,0.0,7.601906,1010.1142,91.80864,0.4396661
2025-01-23 23:00:00,5.7,1020.0,95.0,0.0,7.737465,1010.3561,92.02955,0.4486264
2025-01-24 00:00:00,5.4,1020.3,95.0,0.0,7.878578,1010.8693,92.6266,0.45672885
2025-01-24 01:00:00,5.4,1020.5,97.0,0.0,8.050467,1011.60443,93.05518,0.46549848
2025-01-24 02:00:00,7.1,1020.4,100.0,0.0,8.246714,1013.39935,92.63006,0.44274756
2025-01-24 03:00:00,7.7,1020.3,98.0,0.0,8.308322,1015.3633,91.179016,0.39579841
2025-01-24 04:00:00,7.6,1020.7,98.0,0.0,8.132315,1015.49426,91.11596,0.39628053
2025-01-24 05:00:00,7.7,1020.4,98.0,0.0,7.704795,1015.1186,92.01472,0.41561872
2025-01-24 06:00:00,7.8,1020.3,97.0,0.0,7.434848,1016.28064,91.79871,0.38351777
2025-01-24 07:00:00,7.6,1020.2,98.0,0.1,7.8006973,1015.94135,92.80904,0.423288
2025-01-24 08:00:00,7.6,1020.5,99.0,0.1,7.7323074,1017.2502,91.85831,0.37212682
2025-01-24 09:00:00,7.8,1020.7,99.0,0.2,7.3531857,1020.1797,87.41736,0.2358671
2025-01-24 10:00:00,8.2,1021.0,100.0,0.2,7.9571056,1020.5524,86.35906,0.2347474
2025-01-24 11:00:00,8.5,1021.6,100.0,0.3,8.695032,1020.47253,83.72245,0.21398258
2025-01-24 12:00:00,8.5,1022.0,100.0,0.2,9.197711,1019.87366,81.780556,0.20491697
2025-01-24 13:00:00,8.6,1021.6,100.0,0.2,9.477762,1019.5123,81.97862,0.25798652
2025-01-24 14:00:00,10.6,1020.6,83.0,0.3,9.7928915,1020.20734,77.605835,0.20288016
2025-01-24 15:00:00,10.1,1019.8,87.0,0.1,10.134227,1020.1773,74.71649,0.17088786
2025-01-24 16:00:00,10.5,1019.3,82.0,0.1,11.415888,1018.5513,70.94733,0.17023551
2025-01-24 17:00:00,10.3,1019.1,80.0,0.0,12.058119,1017.47644,69.25156,0.1683479
2025-01-24 18:00:00,9.2,1019.1,88.0,0.0,11.563672,1017.4187,71.99984,0.16862878
2025-01-24 19:00:00,7.8,1019.3,96.0,0.0,10.28667,1018.67816,77.37871,0.18713741
2025-01-24 20:00:00,7.2,1018.9,98.0,0.0,8.809905,1020.25946,82.093155,0.2095583
2025-01-24 21:00:00,7.4,1018.8,99.0,0.0,7.86339,1021.91644,84.783424,0.21007822
2025-01-24 22:00:00,7.7,1018.6,99.0,0.0,7.4589567,1022.766,86.667595,0.21405745
2025-01-24 23:00:00,7.6,1018.2,100.0,0.0,7.067544,1022.56104,87.48488,0.21644849
2025-01-25 00:00:00,7.6,1017.9,99.0,0.0,6.527217,1022.0651,87.91194,0.2128104
2025-01-25 01:00:00,7.5,1017.6,98.0,0.0,6.091522,1021.5433,88.435165,0.2113826
2025-01-25 02:00:00,7.4,1017.3,97.0,0.0,5.8613815,1020.9973,88.77331,0.21347529
2025-01-25 03:00:00,7.3,1017.2,98.0,0.0,6.0906963,1020.2776,88.910706,0.22114038
2025-01-25 04:00:00,7.1,1017.0,97.0,0.0,6.466339,1019.7046,89.11257,0.2370406
2025-01-25 05:00:00,5.9,1016.9,98.0,0.0,6.7035475,1019.5116,89.251884,0.24775423
2025-01-25 06:00:00,5.9,1016.5,99.0,0.0,7.1222525,1019.2563,89.56015,0.26503122
2025-01-25 07:00:00,6.4,1016.3,98.0,0.0,7.448349,1019.0271,89.807076,0.28156507
2025-01-25 08:00:00,6.6,1015.9,100.0,0.1,7.6146135,1018.9496,90.01515,0.29113972
2025-01-25 09:00:00,6.9,1016.6,100.0,0.5,7.7625494,1019.15247,90.068535,0.2937495
2025-01-25 10:00:00,7.0,1017.1,99.0,1.0,8.016397,1019.63275,89.850655,0.28968352
2025-01-25 11:00:00,7.0,1017.7,99.0,0.2,8.243012,1020.1705,88.52041,0.2680545
2025-01-25 12:00:00,7.1,1018.1,99.0,0.3,8.417291,1020.66895,86.08385,0.22929224
2025-01-25 13:00:00,7.6,1017.7,99.0,0.1,8.424411,1021.05005,83.7072,0.19543853
2025-01-25 14:00:00,8.9,1017.4,86.0,0.2,8.44954,1021.16113,81.31408,0.16964398
2025-01-25 15:00:00,10.2,1016.2,74.0,0.1,10.390599,1020.9063,69.94144,0.13027632
2025-01-25 16:00:00,10.2,1015.9,70.0,0.1,9.822767,1019.8408,71.717575,0.13114615
2025-01-25 17:00:00,9.5,1016.5,78.0,0.2,10.442823,1019.3287,70.482216,0.13247763
2025-01-25 18:00:00,7.9,1017.3,93.0,0.1,10.025469,1019.383,73.46733,0.13889813
2025-01-25 19:00:00,5.9,1018.6,91.0,0.0,9.263834,1019.6653,77.868355,0.16878232
2025-01-25 20:00:00,5.0,1019.3,92.0,0.0,8.670481,1020.2138,81.37587,0.19137087
2025-01-25 21:00:00,3.8,1020.0,92.0,0.0,8.363664,1020.0803,83.646736,0.21227576
2025-01-25 22:00:00,3.6,1020.9,92.0,0.0,8.05834,1019.8849,84.68957,0.22111762
2025-01-25 23:00:00,3.0,1021.0,95.0,0.0,7.7584734,1019.38043,85.170845,0.22134286
2025-01-26 00:00:00,2.5,1021.3,95.0,0.0,7.549548,1018.742,85.48878,0.22310852
2025-01-26 01:00:00,2.8,1021.7,90.0,0.0,7.4542656,1018.232,85.91081,0.226129
2025-01-26 02:00:00,2.8,1021.9,86.0,0.0,7.385564,1017.87463,86.23065,0.22812769
2025-01-26 03:00:00,2.0,1021.3,91.0,0.0,7.2025156,1017.82666,86.1169,0.21979061
2025-01-26 04:00:00,2.3,1021.1,93.0,0.0,7.045949,1017.6695,85.95752,0.21309505
2025-01-26 05:00:00,1.8,1021.1,96.0,0.0,7.0841217,1017.5096,85.460625,0.2063104
2025-01-26 06:00:00,2.0,1021.2,99.0,0.0,6.9419985,1017.15875,85.7194,0.21111946
2025-01-26 07:00:00,3.4,1020.6,100.0,0.0,7.061158,1016.68976,85.93269,0.21895431
2025-01-26 08:00:00,3.6,1020.4,100.0,0.0,7.2046404,1016.38477,85.84189,0.22522776
2025-01-26 09:00:00,3.9,1020.5,100.0,0.0,7.2320623,1016.03876,85.56031,0.22634389
2025-01-26 10:00:00,4.5,1020.6,99.0,0.0,7.4776936,1016.5682,84.46091,0.21148355
2025-01-26 11:00:00,4.9,1020.5,99.0,0.1,7.7341833,1017.5932,81.068695,0.17651978
2025-01-26 12:00:00,5.6,1020.2,99.0,0.0,7.6529064,1017.4644,82.055115,0.18902913
2025-01-26 13:00:00,6.0,1019.1,100.0,0.1,7.781266,1017.8996,82.42016,0.19078645
2025-01-26 14:00:00,6.6,1017.9,97.0,0.2,7.8270893,1018.04004,83.25793,0.20382851
2025-01-26 15:00:00,7.2,1016.4,99.0,0.5,8.773679,1018.2304,79.50315,0.18641798
2025-01-26 16:00:00,7.5,1015.6,100.0,0.9,9.651257,1017.0449,76.057625,0.18633732
2025-01-26 17:00:00,7.7,1014.8,100.0,0.5,9.76142,1016.08124,76.133606,0.19939978
2025-01-26 18:00:00,8.1,1014.3,99.0,0.1,9.009235,1016.4666,78.77262,0.21553764
2025-01-26 19:00:00,8.5,1014.0,100.0,0.6,8.205044,1017.3288,82.68595,0.23803248
2025-01-26 20:00:00,8.6,1013.6,100.0,0.4,7.3083754,1019.19495,85.58683,0.23392725
2025-01-26 21:00:00,8.8,1013.3,100.0,0.4,6.1842985,1021.40173,86.99313,0.20706294
2025-01-26 22:00:00,9.2,1012.7,99.0,0.3,5.606968,1022.4733,87.49799,0.18738098
2025-01-26 23:00:00,9.3,1012.1,100.0,0.4,5.182212,1023.13654,87.54585,0.16661255
2025-01-27 00:00:00,9.6,1011.6,100.0,0.2,4.8437634,1023.03546,87.378845,0.15457496
2025-01-27 01:00:00,9.9,1011.3,99.0,0.2,4.753055,1022.19525,87.58966,0.15569888
2025-01-27 02:00:00,11.0,1009.6,99.0,0.3,4.955,1021.7841,87.96685,0.16368596
2025-01-27 03:00:00,10.7,1009.4,98.0,0.2,5.115803,1021.6725,87.80301,0.16822617
2025-01-27 04:00:00,10.3,1010.1,98.0,0.4,5.1420546,1020.4822,87.3092,0.17510685
2025-01-27 05:00:00,10.0,1008.9,99.0,2.8,5.2072434,1019.32184,87.349075,0.18029688
2025-01-27 06:00:00,10.1,1007.7,99.0,8.0,5.1360226,1019.0967,87.386345,0.17943276
2025-01-27 07:00:00,10.3,1007.9,96.0,6.3,5.1708527,1018.9122,87.5045,0.17883156
2025-01-27 08:00:00,9.8,1008.0,96.0,3.5,5.213464,1018.9521,86.84612,0.16810863
2025-01-27 09:00:00,10.0,1008.8,98.0,1.5,5.2787795,1018.6187,86.506966,0.16849944
2025-01-27 10:00:00,9.6,1009.2,95.0,8.1,5.4210997,1018.84576,85.25741,0.15520038
2025-01-27 11:00:00,10.2,1008.9,85.0,1.9,5.641814,1019.4133,83.62763,0.14103591
2025-01-27 12:00:00,11.7,1009.3,84.0,0.3,6.03332,1019.94293,80.93179,0.12452494
2025-01-27 13:00:00,11.5,1009.1,88.0,0.1,6.4248304,1020.11676,78.81832,0.1162904
2025-01-27 14:00:00,11.8,1008.4,78.0,0.7,6.8565626,1019.4502,77.99877,0.12195521
2025-01-27 15:00:00,11.5,1007.6,81.0,0.6,7.464938,1018.5376,76.39136,0.12695304
2025-01-27 16:00:00,11.5,1007.1,76.0,0.1,7.908737,1017.5167,75.23641,0.13261913
2025-01-27 17:00:00,9.8,1007.7,83.0,0.1,8.248595,1016.73254,74.21412,0.13665643
2025-01-27 18:00:00,8.8,1008.4,87.0,0.1,8.133677,1016.1068,76.6077,0.15982541
2025-01-27 19:00:00,7.7,1009.6,87.0,0.2,7.9463186,1015.8566,79.02882,0.18247801
2025-01-27 20:00:00,6.4,1011.3,87.0,0.2,7.959347,1016.0196,80.435844,0.19232795
2025-01-27 21:00:00,6.0,1012.4,87.0,0.8,7.8658094,1015.8497,81.654594,0.20799525
2025-01-27 22:00:00,5.4,1013.6,86.0,0.7,7.854224,1015.6691,82.61243,0.21813238
2025-01-27 23:00:00,4.8,1014.8,78.0,0.0,7.9010363,1015.295,82.97435,0.2266869
2025-01-28 00:00:00,4.6,1015.6,72.0,0.0,7.9854345,1014.7234,83.51902,0.23829456
2025-01-28 01:00:00,4.3,1015.9,72.0,0.0,8.039235,1014.2007,83.59492,0.2460947
2025-01-28 02:00:00,3.9,1015.8,70.0,0.0,8.12152,1013.9981,83.56255,0.24668618
2025-01-28 03:00:00,3.3,1016.3,85.0,0.0,8.509501,1013.22974,82.73748,0.25136217
2025-01-28 04:00:00,3.5,1016.5,92.0,0.0,8.550971,1012.7262,82.292465,0.25416476
2025-01-28 05:00:00,3.4,1016.5,94.0,0.2,8.587666,1012.85156,82.09396,0.24875888
2025-01-28 06:00:00,3.5,1016.2,88.0,0.1,8.710412,1012.40356,81.68346,0.2498754
2025-01-28 07:00:00,3.6,1015.8,79.0,0.0,9.186263,1012.26074,81.51547,0.2642373
2025-01-28 08:00:00,3.8,1016.0,76.0,0.0,9.464089,1012.4757,81.91747,0.27711132
2025-01-28 09:00:00,3.6,1016.6,74.0,0.0,9.354953,1012.2763,83.37507,0.300067
2025-01-28 10:00:00,4.6,1017.9,71.0,0.0,8.906142,1012.7109,84.940216,0.3096918
2025-01-28 11:00:00,5.7,1018.5,62.0,0.0,9.000256,1013.2467,85.60377,0.31726852
2025-01-28 12:00:00,6.6,1019.0,53.0,0.0,9.059894,1012.63574,85.72788,0.330003
2025-01-28 13:00:00,7.0,1018.9,54.0,0.0,9.074173,1012.58215,85.456665,0.33280092
2025-01-28 14:00:00,7.8,1018.9,51.0,0.0,9.010027,1012.67584,85.46891,0.33337334
2025-01-28 15:00:00,7.9,1019.5,53.0,0.0,9.426807,1013.0494,83.93502,0.30906907
2025-01-28 16:00:00,7.6,1020.8,55.0,0.0,9.481208,1012.74243,83.605095,0.31566307
2025-01-28 17:00:00,6.7,1022.0,64.0,0.0,9.564658,1012.2494,83.059456,0.3207338
2025-01-28 18:00:00,6.1,1023.0,69.0,0.0,8.861027,1012.5841,83.64455,0.31025806
2025-01-28 19:00:00,5.3,1023.8,75.0,0.0,8.2665825,1013.1416,84.08193,0.2861946
2025-01-28 20:00:00,5.1,1024.3,76.0,0.0,7.882451,1013.4606,84.548195,0.27259162
2025-01-28 21:00:00,4.7,1024.9,77.0,0.0,7.273364,1014.8359,84.89129,0.24289061
2025-01-28 22:00:00,4.6,1025.8,77.0,0.0,7.1145153,1016.55426,84.55309,0.20857684
2025-01-28 23:00:00,4.1,1026.0,77.0,0.0,6.7768593,1018.1742,83.81484,0.17931569
2025-01-29 00:00:00,3.3,1026.9,80.0,0.0,6.400962,1019.37665,83.1743,0.15863608
2025-01-29 01:00:00,2.9,1026.9,80.0,0.0,6.456894,1020.0211,82.33503,0.14648114
2025-01-29 02:00:00,4.1,1026.4,78.0,0.0,6.3337984,1019.857,82.7474,0.15179704
2025-01-29 03:00:00,3.8,1025.7,80.0,0.0,6.3352633,1019.33093,82.89599,0.15730879
2025-01-29 04:00:00,2.3,1025.2,89.0,0.0,5.7265396,1019.0147,83.874275,0.15990959
2025-01-29 05:00:00,1.3,1024.4,91.0,0.0,5.5468974,1019.1247,84.47411,0.15280421
2025-01-29 06:00:00,1.4,1023.8,90.0,0.0,5.4131765,1019.5626,84.6292,0.1435872
2025-01-29 07:00:00,1.9,1023.1,90.0,0.0,5.5893564,1019.0224,83.836296,0.14368336
2025-01-29 08:00:00,2.0,1022.8,95.0,0.0,5.775896,1018.38403,82.01897,0.13724524
2025-01-29 09:00:00,2.5,1022.3,94.0,0.0,5.7271233,1018.0815,80.76026,0.12877609
2025-01-29 10:00:00,3.3,1021.6,94.0,0.0,5.7412996,1018.40076,78.84292,0.11363064
2025-01-29 11:00:00,3.6,1020.6,96.0,0.1,6.2068005,1019.7043,73.58648,0.08464372
2025-01-29 12:00:00,4.0,1018.9,97.0,0.4,7.8218727,1020.49585,64.51415,0.07443972
2025-01-29 13:00:00,4.3,1017.1,100.0,0.8,9.021476,1020.5648,57.784145,0.06733212
2025-01-29 14:00:00,4.8,1015.7,99.0,0.9,8.664727,1021.05865,58.333824,0.06130981
2025-01-29 15:00:00,5.3,1013.8,99.0,0.7,8.72461,1021.33673,58.136475,0.059947792
2025-01-29 16:00:00,5.5,1012.5,99.0,0.5,8.16623,1021.74915,60.721645,0.05930475
2025-01-29 17:00:00,5.3,1012.3,100.0,1.7,7.546525,1022.6153,63.154922,0.05697491
2025-01-29 18:00:00,5.0,1011.3,93.0,0.4,6.5471144,1023.41077,68.54038,0.05846387
2025-01-29 19:00:00,3.6,1011.1,91.0,0.0,6.0234423,1024.3325,71.9634,0.05979877
2025-01-29 20:00:00,2.4,1011.6,89.0,0.0,5.5036855,1025.035,75.35448,0.06245869
2025-01-29 21:00:00,1.6,1012.2,90.0,0.0,5.459754,1025.5452,76.657104,0.06518345
2025-01-29 22:00:00,0.4,1012.6,95.0,0.0,5.3117576,1025.9464,78.118706,0.068741426
2025-01-29 23:00:00,-0.3,1013.0,97.0,0.0,5.226837,1026.4313,78.7014,0.0677881
2025-01-30 00:00:00,-0.3,1013.5,95.0,0.0,5.155279,1026.446,79.5641,0.07133708
2025-01-30 01:00:00,1.0,1013.6,93.0,0.0,5.066265,1026.4655,80.40762,0.07501542
2025-01-30 02:00:00,0.4,1014.0,96.0,0.0,5.227193,1026.2473,80.62838,0.07944669
2025-01-30 03:00:00,1.2,1014.5,95.0,0.0,5.673849,1025.91,79.898094,0.08276693
2025-01-30 04:00:00,2.7,1015.3,94.0,0.2,5.6775208,1025.3733,80.99723,0.09447387
2025-01-30 05:00:00,3.4,1015.8,90.0,0.0,5.5670424,1024.1714,82.146935,0.10829574
2025-01-30 06:00:00,3.3,1016.5,87.0,0.0,5.53816,1022.5023,83.0226,0.12319825
2025-01-30 07:00:00,3.0,1017.3,85.0,0.0,5.582473,1021.07367,83.96015,0.14014046
2025-01-30 08:00:00,3.3,1017.8,82.0,0.0,5.6786265,1020.1474,84.66711,0.15458095
2025-01-30 09:00:00,3.3,1019.1,80.0,0.0,5.5740366,1019.7578,84.997086,0.15853558
2025-01-30 10:00:00,3.9,1019.3,75.0,0.0,5.570016,1019.39233,85.17933,0.15973257
2025-01-30 11:00:00,4.9,1019.3,69.0,0.0,5.5437374,1019.0844,84.935486,0.15791135
2025-01-30 12:00:00,5.8,1019.5,57.0,0.0,5.506363,1018.44324,84.43332,0.1537555
2025-01-30 13:00:00,6.5,1020.1,56.0,0.0,5.6458397,1017.6807,82.8334,0.14408435
2025-01-30 14:00:00,6.9,1020.8,55.0,0.0,5.8098598,1016.9821,79.60711,0.125147
2025-01-30 15:00:00,7.5,1020.9,47.0,0.0,6.1599007,1016.0541,75.262825,0.10849194
2025-01-30 16:00:00,8.0,1021.5,43.0,0.0,6.3881006,1014.73254,72.92803,0.10553986
2025-01-30 17:00:00,7.2,1022.4,46.0,0.0,6.4548187,1013.9321,71.073975,0.09989391
2025-01-30 18:00:00,6.0,1023.8,50.0,0.0,7.004816,1013.8866,67.6327,0.09471187
2025-01-30 19:00:00,4.3,1025.9,54.0,0.0,6.6644964,1013.0418,70.56997,0.10675009
2025-01-30 20:00:00,3.3,1027.3,57.0,0.0,6.1861935,1012.49567,74.540535,0.1278981
2025-01-30 21:00:00,2.4,1028.3,61.0,0.0,5.615886,1012.88776,77.58989,0.13710582
2025-01-30 22:00:00,1.9,1029.1,64.0,0.0,5.059372,1013.72955,80.094505,0.13787077
2025-01-30 23:00:00,1.8,1030.0,70.0,0.0,4.4794016,1014.36926,82.19517,0.13672848
2025-01-31 00:00:00,1.9,1030.3,72.0,0.0,4.1640277,1014.564,83.78171,0.14065963
2025-01-31 01:00:00,1.9,1030.3,71.0,0.0,4.0554833,1014.60266,84.719894,0.14560013
2025-01-31 02:00:00,1.5,1030.8,65.0,0.0,4.117388,1014.3159,84.90325,0.14981718
2025-01-31 03:00:00,1.6,1030.9,66.0,0.0,3.8780558,1014.4084,85.007164,0.14456156
2025-01-31 04:00:00,1.1,1030.5,69.0,0.0,4.028294,1014.64105,84.92983,0.1434906
2025-01-31 05:00:00,1.0,1030.3,70.0,0.0,4.418109,1016.97864,83.35235,0.12473751
2025-01-31 06:00:00,0.8,1030.5,73.0,0.0,4.787285,1019.0053,81.10064,0.10643045
2025-01-31 07:00:00,0.5,1030.4,75.0,0.0,4.725171,1017.9252,78.757126,0.09385251
2025-01-31 08:00:00,0.1,1031.2,79.0,0.0,4.717151,1019.21985,76.72625,0.07645078
2025-01-31 09:00:00,0.7,1031.9,78.0,0.0,4.7943687,1021.3002,74.18398,0.05882902
2025-01-31 10:00:00,2.5,1032.2,72.0,0.0,4.944669,1023.162,72.46097,0.050893903
2025-01-31 11:00:00,4.4,1031.7,62.0,0.0,5.4227824,1023.27057,70.03005,0.04982796
2025-01-31 12:00:00,6.1,1031.3,55.0,0.0,6.1559267,1023.29846,65.78783,0.046527937
2025-01-31 13:00:00,7.2,1030.6,49.0,0.0,7.246237,1023.4707,58.86783,0.04094977
2025-01-31 14:00:00,8.1,1029.6,51.0,0.0,8.25357,1023.01996,55.063194,0.039925493
2025-01-31 15:00:00,8.5,1028.7,50.0,0.0,8.741788,1022.8031,53.38072,0.039953243
2025-01-31 16:00:00,8.3,1028.6,49.0,0.0,9.61373,1022.574,50.661903,0.040969007
2025-01-31 17:00:00,7.3,1028.9,53.0,0.0,10.121877,1022.30237,48.979046,0.041320242
2025-01-31 18:00:00,5.7,1029.4,59.0,0.0,8.827668,1022.3267,52.322765,0.039067913
2025-01-31 19:00:00,3.5,1029.9,68.0,0.0,6.9420824,1023.2603,57.723083,0.03498884
2025-01-31 20:00:00,2.2,1029.9,72.0,0.0,5.6984477,1025.1313,63.586433,0.03309672
2025-01-31 21:00:00,1.9,1029.3,73.0,0.0,4.8156147,1026.6266,67.54278,0.031250913
2025-01-31 22:00:00,1.9,1029.1,73.0,0.0,4.098234,1027.5687,70.80234,0.029922536
2025-01-31 23:00:00,2.1,1029.2,72.0,0.0,3.6178064,1028.2787,72.72889,0.028313654
2025-02-01 00:00:00,2.1,1029.1,74.0,0.0,3.1377304,1028.6559,74.52814,0.027317282
2025-02-01 01:00:00,2.2,1028.5,75.0,0.0,3.0465016,1028.9534,74.98105,0.026991673
2025-02-01 02:00:00,2.3,1027.5,73.0,0.0,2.9545891,1029.1178,75.65805,0.027419498
2025-02-01 03:00:00,2.2,1027.1,74.0,0.0,3.2247434,1029.3945,74.709656,0.027463773
2025-02-01 04:00:00,2.2,1026.6,73.0,0.0,3.185572,1029.461,75.40025,0.028447142
2025-02-01 05:00:00,2.0,1026.4,74.0,0.0,2.81596,1029.3918,77.517296,0.030003699
2025-02-01 06:00:00,1.6,1026.6,76.0,0.0,2.7478313,1029.2137,78.66039,0.032419022
2025-02-01 07:00:00,1.3,1026.8,77.0,0.0,2.5549026,1029.0519,80.1508,0.035579883
2025-02-01 08:00:00,1.1,1026.6,77.0,0.0,2.4563904,1028.7544,81.022224,0.038204987
2025-02-01 09:00:00,1.6,1026.1,75.0,0.0,2.339776,1028.7114,81.72927,0.039747167
2025-02-01 10:00:00,4.6,1025.6,66.0,0.0,2.4277189,1028.8623,81.53649,0.039049923
2025-02-01 11:00:00,6.8,1025.4,63.0,0.0,2.9346433,1029.2626,79.3767,0.035472766
2025-02-01 12:00:00,7.8,1024.8,64.0,0.0,4.378689,1029.6223,72.89799,0.033637863
2025-02-01 13:00:00,8.3,1023.8,65.0,0.0,6.238167,1029.5336,64.36591,0.033860438
2025-02-01 14:00:00,8.7,1022.5,67.0,0.0,7.9821835,1028.7045,56.407803,0.03523888
2025-02-01 15:00:00,8.7,1021.5,68.0,0.0,8.534521,1027.5801,54.901726,0.038362168
2025-02-01 16:00:00,9.1,1021.2,61.0,0.0,8.550718,1026.635,55.866787,0.043511927
2025-02-01 17:00:00,8.9,1020.9,65.0,0.0,8.136579,1026.2345,59.683514,0.04901003
2025-02-01 18:00:00,8.1,1020.8,67.0,0.0,7.035576,1026.5647,66.51429,0.053873967
2025-02-01 19:00:00,6.0,1021.2,74.0,0.0,6.097184,1027.1221,71.56438,0.056538194
2025-02-01 20:00:00,5.9,1021.2,73.0,0.0,5.375986,1027.3506,74.86332,0.05747279
2025-02-01 21:00:00,5.1,1021.4,72.0,0.0,4.995383,1027.1107,76.34122,0.058690615
2025-02-01 22:00:00,4.5,1021.4,74.0,0.0,4.847867,1026.5994,77.105835,0.0612258
2025-02-01 23:00:00,3.3,1021.7,79.0,0.0,4.730229,1026.3779,77.57458,0.06186586
2025-02-02 00:00:00,2.2,1021.9,84.0,0.0,4.6889834,1026.5507,77.792534,0.060549323
2025-02-02 01:00:00,1.3,1021.8,88.0,0.0,4.6146708,1026.8671,78.20892,0.059983484
2025-02-02 02:00:00,0.9,1021.3,87.0,0.0,4.6438932,1026.937,78.35777,0.05977714
2025-02-02 03:00:00,0.2,1021.4,90.0,0.0,4.728822,1026.7172,78.69836,0.06277103
2025-02-02 04:00:00,-0.3,1021.4,91.0,0.0,4.6981654,1026.5071,79.00819,0.06470463
2025-02-02 05:00:00,-0.8,1021.1,93.0,0.0,4.784763,1026.1522,78.85731,0.06561211
2025-02-02 06:00:00,-1.1,1021.0,94.0,0.0,4.739868,1025.9069,79.19429,0.067962475
2025-02-02 07:00:00,-1.3,1020.7,95.0,0.0,4.6310177,1025.8529,79.250916,0.06671689
2025-02-02 08:00:00,-0.9,1020.9,95.0,0.0,4.5706882,1025.8542,79.19763,0.06526471
2025-02-02 09:00:00,-0.6,1021.3,94.0,0.0,4.5773687,1025.6735,79.194725,0.06587828
2025-02-02 10:00:00,3.5,1021.5,86.0,0.0,4.778304,1025.3073,78.81096,0.067477375
2025-02-02 11:00:00,6.4,1021.2,73.0,0.0,5.8266745,1024.9181,74.66186,0.06330535
2025-02-02 12:00:00,8.3,1020.5,60.0,0.0,6.640106,1024.4187,72.362976,0.06819618
2025-02-02 13:00:00,9.6,1019.6,51.0,0.0,7.417569,1023.7227,70.47077,0.07341589
2025-02-02 14:00:00,8.6,1019.6,51.0,0.0,7.7395573,1022.978,70.31674,0.07952603
2025-02-02 15:00:00,8.2,1019.7,55.0,0.0,7.801345,1021.8969,71.10757,0.087567925
2025-02-02 16:00:00,7.3,1019.8,67.0,0.0,7.698881,1020.95074,71.8477,0.092980035
2025-02-02 17:00:00,6.1,1020.5,75.0,0.1,8.147203,1020.60315,69.56826,0.09083003
2025-02-02 18:00:00,5.3,1020.7,82.0,0.1,7.5905247,1020.2171,70.43922,0.08755838
2025-02-02 19:00:00,4.3,1021.0,88.0,0.2,7.24463,1019.9983,71.793785,0.08886399
2025-02-02 20:00:00,3.8,1021.5,89.0,0.2,6.634699,1019.99316,74.50654,0.09611646
2025-02-02 21:00:00,3.2,1021.7,91.0,0.0,6.6752844,1020.22406,75.3217,0.098800436
2025-02-02 22:00:00,3.2,1022.0,90.0,0.0,6.2941628,1021.0707,76.771416,0.09972045
2025-02-02 23:00:00,3.2,1022.5,90.0,0.0,5.9974375,1021.62714,77.822685,0.09943143
2025-02-03 00:00:00,2.7,1022.9,91.0,0.0,5.6850567,1021.7195,78.93693,0.10167271
2025-02-03 01:00:00,2.4,1023.5,89.0,0.0,5.426037,1021.592,79.48528,0.10005271
2025-02-03 02:00:00,3.1,1023.7,82.0,0.0,5.1856575,1021.3135,79.69398,0.09691276
2025-02-03 03:00:00,2.7,1023.7,80.0,0.0,5.1197143,1020.5954,79.73639,0.09766567
2025-02-03 04:00:00,1.9,1024.0,81.0,0.0,4.9208674,1020.04364,79.52518,0.094326295
2025-02-03 05:00:00,1.4,1024.1,80.0,0.0,4.8247633,1019.58746,79.118805,0.08998692
2025-02-03 06:00:00,0.8,1024.2,82.0,0.0,4.666234,1019.2316,79.38376,0.0897044
2025-02-03 07:00:00,0.1,1024.2,83.0,0.0,4.500103,1019.0776,79.306465,0.08593458
2025-02-03 08:00:00,-0.3,1024.9,83.0,0.0,4.3585124,1018.684,79.59409,0.086648524
2025-02-03 09:00:00,-0.1,1025.4,84.0,0.0,4.338972,1018.3482,79.76796,0.08836735
2025-02-03 10:00:00,3.9,1025.7,72.0,0.0,4.396266,1018.32385,79.66165,0.088436045
2025-02-03 11:00:00,6.3,1025.7,54.0,0.0,5.5854254,1018.57574,74.42639,0.076955155
2025-02-03 12:00:00,7.8,1025.7,50.0,0.0,7.5591316,1018.3638,66.637184,0.075526245
2025-02-03 13:00:00,8.5,1025.2,48.0,0.0,9.306581,1017.5113,60.68867,0.07882882
2025-02-03 14:00:00,9.6,1023.9,47.0,0.0,10.333187,1016.5067,58.698105,0.08268353
2025-02-03 15:00:00,10.3,1023.0,44.0,0.0,9.487366,1016.5791,61.157898,0.079354845
2025-02-03 16:00:00,10.5,1022.7,43.0,0.0,8.131992,1017.745,64.36092,0.07633857
2025-02-03 17:00:00,9.9,1023.0,44.0,0.0,6.734686,1019.31915,69.17113,0.07207922
2025-02-03 18:00:00,7.7,1023.8,66.0,0.0,6.0405483,1020.9907,72.042984,0.06781538
2025-02-03 19:00:00,4.6,1024.5,69.0,0.0,5.605711,1021.9408,74.35124,0.06793874
2025-02-03 20:00:00,2.7,1025.0,86.0,0.0,5.3799906,1022.5068,75.86648,0.070180684
2025-02-03 21:00:00,2.4,1025.3,90.0,0.0,5.3800654,1022.6488,76.802,0.074934
2025-02-03 22:00:00,2.8,1025.4,86.0,0.0,5.316001,1022.40173,78.367744,0.08544477
2025-02-03 23:00:00,2.8,1025.8,84.0,0.0,5.348635,1022.1073,79.02253,0.09115545
2025-02-04 00:00:00,1.9,1026.1,87.0,0.0,5.373378,1021.8749,79.67598,0.09757914
2025-02-04 01:00:00,1.7,1026.4,85.0,0.0,5.315717,1021.83685,80.10764,0.099892505
2025-02-04 02:00:00,2.9,1026.8,72.0,0.0,5.269529,1022.1845,79.80228,0.09486324
2025-02-04 03:00:00,2.4,1026.9,72.0,0.0,5.781187,1021.8982,79.94836,0.10823331
2025-02-04 04:00:00,2.5,1027.1,70.0,0.0,6.056237,1021.6707,80.28658,0.119500056
2025-02-04 05:00:00,3.0,1027.7,65.0,0.0,5.8694105,1021.61993,81.5323,0.12900089
2025-02-04 06:00:00,2.5,1028.6,66.0,0.0,5.736045,1021.39923,82.23936,0.13390355
2025-02-04 07:00:00,1.4,1028.8,71.0,0.0,5.1528373,1021.8135,82.35093,0.11756431
2025-02-04 08:00:00,1.2,1029.2,73.0,0.0,4.473835,1022.0039,82.8315,0.1064487
2025-02-04 09:00:00,2.2,1030.1,73.0,0.0,3.9952865,1022.44745,82.18491,0.08905424
2025-02-04 10:00:00,5.2,1030.5,67.0,0.0,3.7319527,1023.13965,81.308624,0.07619757
2025-02-04 11:00:00,7.5,1030.2,61.0,0.0,6.001438,1023.97314,68.74063,0.05673798
2025-02-04 12:00:00,9.1,1029.6,57.0,0.0,8.471868,1023.91345,57.316612,0.053900268
2025-02-04 13:00:00,10.2,1029.1,55.0,0.0,9.574535,1023.4241,52.73645,0.04994048
2025-02-04 14:00:00,11.3,1028.4,49.0,0.0,9.221337,1023.1946,53.694332,0.049046848
2025-02-04 15:00:00,11.9,1027.7,47.0,0.0,9.010979,1022.613,54.911087,0.05142788
2025-02-04 16:00:00,11.8,1027.5,46.0,0.0,9.005321,1021.80286,56.45833,0.056177303
2025-02-04 17:00:00,11.1,1028.0,47.0,0.0,8.376565,1021.5112,60.18975,0.06193865
2025-02-04 18:00:00,8.8,1029.0,66.0,0.0,7.5170984,1021.96204,64.39943,0.064420365
2025-02-04 19:00:00,5.4,1030.0,70.0,0.0,5.9937916,1022.8172,73.0332,0.074074745
2025-02-04 20:00:00,3.4,1030.9,75.0,0.0,5.5101967,1023.2314,75.44371,0.077381484
2025-02-04 21:00:00,3.0,1031.4,75.0,0.0,4.856459,1023.83875,78.21978,0.08307475
2025-02-04 22:00:00,3.7,1031.5,71.0,0.0,4.5477104,1023.90314,79.13793,0.082184374
2025-02-04 23:00:00,3.7,1032.0,69.0,0.0,4.469158,1023.97015,79.444016,0.08134822
2025-02-05 00:00:00,3.1,1032.2,71.0,0.0,4.3351774,1024.3696,79.77903,0.07904472
2025-02-05 01:00:00,2.6,1032.4,72.0,0.0,4.169726,1024.7218,79.99903,0.07568697
2025-02-05 02:00:00,1.9,1032.6,74.0,0.0,4.284346,1025.0404,78.823715,0.06869727
2025-02-05 03:00:00,0.7,1032.8,80.0,0.0,5.503393,1025.7749,71.776634,0.056784753
2025-02-05 04:00:00,0.5,1032.9,80.0,0.0,5.3346696,1025.9672,72.142746,0.05491806
2025-02-05 05:00:00,0.6,1032.9,80.0,0.0,5.5897408,1026.1399,69.59859,0.050529197
2025-02-05 06:00:00,0.5,1033.0,81.0,0.0,5.9714527,1026.4772,66.34228,0.04589201
2025-02-05 07:00:00,-0.0,1033.4,81.0,0.0,5.8515744,1027.0917,64.38461,0.03884186
2025-02-05 08:00:00,-0.9,1033.8,84.0,0.0,5.0368958,1027.4121,66.08596,0.034340307
2025-02-05 09:00:00,-0.5,1034.3,82.0,0.0,4.790759,1027.6454,64.953186,0.030046593
2025-02-05 10:00:00,4.5,1035.0,68.0,0.0,5.30303,1028.1062,60.937473,0.026898608
2025-02-05 11:00:00,8.6,1035.1,44.0,0.0,7.853999,1028.5381,53.28521,0.03048508
2025-02-05 12:00:00,10.1,1034.4,36.0,0.0,9.696564,1028.1954,48.850155,0.029002657
2025-02-05 13:00:00,11.0,1033.9,35.0,0.0,10.736114,1027.3967,47.357315,0.029761387
2025-02-05 14:00:00,12.1,1032.5,36.0,0.0,11.110814,1026.7306,47.06106,0.030323872
2025-02-05 15:00:00,12.4,1031.5,38.0,0.0,12.241899,1026.1779,44.733078,0.030725155
2025-02-05 16:00:00,12.5,1031.0,41.0,0.0,12.541743,1025.597,44.22666,0.029850809
2025-02-05 17:00:00,11.9,1030.8,45.0,0.0,12.212689,1025.4973,44.90237,0.030735767
2025-02-05 18:00:00,9.4,1031.1,65.0,0.0,10.978028,1025.7831,48.02264,0.031210095
2025-02-05 19:00:00,6.0,1031.8,73.0,0.0,7.4426203,1026.6475,58.474022,0.029284334
2025-02-05 20:00:00,4.0,1031.9,77.0,0.0,6.0639343,1028.2902,62.39383,0.02941341
2025-02-05 21:00:00,3.4,1031.7,75.0,0.0,5.0266004,1029.5609,65.12976,0.028232822
2025-02-05 22:00:00,3.2,1032.0,75.0,0.0,4.743536,1030.3751,65.81846,0.026748963
2025-02-05 23:00:00,2.9,1032.4,77.0,0.0,5.0263453,1030.6174,65.89764,0.02857507
2025-02-06 00:00:00,2.5,1032.6,79.0,0.0,5.032836,1030.915,65.930244,0.02839397
2025-02-06 01:00:00,1.8,1032.0,80.0,0.0,4.761593,1031.1941,66.33371,0.027058704
2025-02-06 02:00:00,1.3,1031.5,83.0,0.0,4.6843414,1031.4143,64.99097,0.024795335
2025-02-06 03:00:00,2.3,1031.5,74.0,0.0,4.4313087,1031.4565,64.0757,0.022419067
2025-02-06 04:00:00,2.4,1031.2,70.0,0.0,3.9989288,1031.497,64.96751,0.021181056
2025-02-06 05:00:00,2.5,1030.6,66.0,0.0,4.5311155,1031.6542,62.523144,0.021779465
2025-02-06 06:00:00,2.3,1030.4,63.0,0.0,4.859223,1031.4435,61.163734,0.022325568
2025-02-06 07:00:00,3.1,1030.2,58.0,0.0,5.0000563,1031.4597,60.460518,0.022468124
2025-02-06 08:00:00,3.1,1030.3,58.0,0.0,5.0938797,1031.5721,59.896873,0.022524914
2025-02-06 09:00:00,3.6,1030.5,60.0,0.0,4.616839,1031.6019,61.585785,0.02170809
2025-02-06 10:00:00,6.9,1030.6,55.0,0.0,5.1728725,1031.7789,59.282887,0.022485074
2025-02-06 11:00:00,8.4,1030.6,50.0,0.0,9.473346,1031.7542,47.30018,0.02631075
2025-02-06 12:00:00,9.4,1030.3,52.0,0.0,13.798178,1030.166,37.962967,0.016340083
2025-02-06 13:00:00,10.2,1029.4,52.0,0.0,16.032993,1028.7412,33.74933,0.012377663
2025-02-06 14:00:00,11.1,1028.3,51.0,0.0,16.113646,1028.0939,34.027676,0.012033127
2025-02-06 15:00:00,11.4,1027.2,49.0,0.0,15.543102,1027.4744,35.617516,0.013353576
2025-02-06 16:00:00,11.4,1026.2,48.0,0.0,14.446292,1026.9275,38.616673,0.016904527
2025-02-06 17:00:00,10.8,1025.8,50.0,0.0,13.425742,1026.7295,41.536694,0.021717153
2025-02-06 18:00:00,8.9,1026.1,60.0,0.0,11.824147,1026.7281,45.46996,0.024769334
2025-02-06 19:00:00,5.2,1026.3,75.0,0.0,8.068858,1027.1202,55.959457,0.02235775
2025-02-06 20:00:00,4.4,1026.0,79.0,0.0,6.338317,1027.9653,61.846138,0.023265645
2025-02-06 21:00:00,2.1,1025.7,82.0,0.0,5.493659,1028.3356,65.0885,0.02468298
2025-02-06 22:00:00,0.3,1025.3,81.0,0.0,4.9927382,1028.3777,66.47455,0.02526692
2025-02-06 23:00:00,-0.1,1024.9,79.0,0.0,4.6119876,1028.4923,67.31351,0.025758175
2025-02-07 00:00:00,0.4,1024.5,75.0,0.0,4.4041615,1028.738,67.59279,0.025620207
2025-02-07 01:00:00,1.3,1024.4,72.0,0.0,4.262646,1029.0045,67.708534,0.024618661
2025-02-07 02:00:00,1.9,1023.8,66.0,0.0,4.10849,1028.9783,67.554054,0.023941971
2025-02-07 03:00:00,1.8,1023.3,71.0,0.0,4.002501,1028.5308,67.805916,0.024511205
2025-02-07 04:00:00,1.6,1022.4,78.0,0.0,4.8547544,1028.2529,63.46728,0.024694806
2025-02-07 05:00:00,1.2,1021.7,81.0,0.0,5.0174966,1028.0336,62.625496,0.025126612
2025-02-07 06:00:00,1.2,1021.3,82.0,0.0,5.2916746,1027.8259,61.54417,0.025957322
2025-02-07 07:00:00,1.3,1021.2,79.0,0.0,5.499282,1027.6422,60.269855,0.025930893
2025-02-07 08:00:00,1.0,1021.4,81.0,0.0,6.7104206,1027.4703,55.373547,0.02670467
2025-02-07 09:00:00,1.7,1021.5,85.0,0.0,7.140033,1027.3494,54.07845,0.025953714
2025-02-07 10:00:00,2.9,1021.9,79.0,0.0,7.792776,1027.5084,52.169205,0.025467869
2025-02-07 11:00:00,3.9,1021.5,79.0,0.0,10.609052,1027.4589,44.683678,0.022501344
2025-02-07 12:00:00,4.4,1020.8,84.0,0.5,11.873104,1026.6482,42.55229,0.020397453
2025-02-07 13:00:00,3.5,1020.2,92.0,0.4,11.619521,1026.075,43.562572,0.021840014
2025-02-07 14:00:00,3.5,1020.0,99.0,1.1,11.191195,1025.6702,44.977356,0.024704074
2025-02-07 15:00:00,3.4,1018.9,99.0,1.5,10.789076,1025.0197,46.991673,0.027111353
2025-02-07 16:00:00,5.1,1018.0,88.0,0.1,10.133326,1024.4097,49.457237,0.028878717
2025-02-07 17:00:00,4.9,1017.7,93.0,0.0,9.35716,1023.9708,52.836613,0.030457439
2025-02-07 18:00:00,4.6,1017.6,96.0,0.0,8.3336315,1023.9091,58.251324,0.03556343
2025-02-07 19:00:00,4.1,1017.9,99.0,0.0,6.9205074,1024.4104,64.29995,0.04104185
2025-02-07 20:00:00,4.1,1017.8,100.0,0.0,5.724065,1024.7158,69.57718,0.049677327
2025-02-07 21:00:00,4.1,1017.6,98.0,0.0,5.16994,1024.1093,71.243774,0.049207587
2025-02-07 22:00:00,4.5,1017.2,94.0,0.0,4.4584613,1023.92316,72.68066,0.046611737
2025-02-07 23:00:00,5.2,1017.0,90.0,0.0,3.8434873,1023.7267,74.09211,0.045079287
2025-02-08 00:00:00,5.6,1016.9,90.0,0.0,4.2049804,1022.6321,76.66984,0.06276393
2025-02-08 01:00:00,5.7,1017.7,91.0,0.2,4.282086,1021.89075,77.501015,0.070596814
2025-02-08 02:00:00,4.0,1019.2,86.0,0.0,4.2752132,1021.73364,77.584366,0.07171404
2025-02-08 03:00:00,3.1,1020.0,90.0,0.0,4.448839,1021.66144,77.08061,0.07200316
2025-02-08 04:00:00,3.5,1020.2,91.0,0.0,4.4628496,1021.5097,77.796165,0.078120604
2025-02-08 05:00:00,3.2,1020.5,92.0,0.0,4.5955667,1020.8856,78.71548,0.08888291
2025-02-08 06:00:00,2.7,1021.0,92.0,0.0,4.6731067,1020.23254,79.7329,0.10172884
2025-02-08 07:00:00,1.9,1021.6,92.0,0.0,4.738419,1019.8125,80.5342,0.11243758
2025-02-08 08:00:00,0.5,1022.2,92.0,0.0,4.846221,1019.7256,81.1549,0.12152374
2025-02-08 09:00:00,0.4,1022.9,94.0,0.0,4.819805,1020.0665,81.85478,0.12654929
2025-02-08 10:00:00,3.5,1023.6,82.0,0.0,5.1709747,1019.8437,82.61942,0.14708604
2025-02-08 11:00:00,5.9,1023.6,68.0,0.0,5.313996,1020.1476,83.11298,0.15363793
2025-02-08 12:00:00,7.5,1023.4,58.0,0.0,5.2921286,1020.2875,82.84794,0.14940186
2025-02-08 13:00:00,8.7,1023.2,52.0,0.0,5.363443,1020.1605,83.48983,0.15671381
2025-02-08 14:00:00,9.4,1022.9,49.0,0.0,5.2006474,1019.5902,84.99571,0.17498167
2025-02-08 15:00:00,10.2,1022.3,45.0,0.0,5.252215,1019.0149,86.82034,0.1990392
2025-02-08 16:00:00,10.6,1022.1,42.0,0.0,5.3875513,1018.6597,87.90777,0.22137684
2025-02-08 17:00:00,10.4,1022.3,40.0,0.0,5.437194,1018.16034,86.89602,0.21457301
2025-02-08 18:00:00,8.3,1022.9,59.0,0.0,5.2953515,1017.2881,87.02424,0.2178587
2025-02-08 19:00:00,4.6,1023.8,64.0,0.0,5.1400714,1017.3084,87.33259,0.2108621
2025-02-08 20:00:00,3.4,1024.6,72.0,0.0,4.975238,1017.97723,87.64649,0.20265284
2025-02-08 21:00:00,2.1,1024.9,77.0,0.0,5.026106,1018.4657,87.123825,0.19287188
2025-02-08 22:00:00,2.0,1025.2,74.0,0.0,5.125927,1018.53754,86.51242,0.18873648
2025-02-08 23:00:00,2.5,1025.4,67.0,0.0,5.3305264,1018.17535,85.36243,0.18464947
2025-02-09 00:00:00,3.1,1025.6,57.0,0.0,5.5401573,1017.7237,83.89685,0.17733477
2025-02-09 01:00:00,3.4,1025.9,54.0,0.0,5.6099486,1017.24695,83.42577,0.17630248
2025-02-09 02:00:00,4.3,1025.7,62.0,0.0,5.7359576,1017.87463,82.739975,0.16728662
2025-02-09 03:00:00,4.5,1025.8,68.0,0.0,5.4553947,1019.9175,83.32994,0.15188727
2025-02-09 04:00:00,4.0,1025.9,78.0,0.0,5.069335,1021.6766,85.01434,0.14651632
2025-02-09 05:00:00,4.8,1025.6,81.0,0.0,5.0280437,1022.6545,85.646805,0.14272375
2025-02-09 06:00:00,4.9,1025.5,87.0,0.0,4.9198017,1022.66284,87.03504,0.15466847
2025-02-09 07:00:00,5.9,1025.7,87.0,0.0,4.862493,1022.5202,87.99661,0.16261809
2025-02-09 08:00:00,5.8,1026.2,93.0,0.0,4.704976,1022.816,88.74798,0.16439821
2025-02-09 09:00:00,5.7,1026.6,94.0,0.1,4.4670277,1023.40533,89.071526,0.15727952
2025-02-09 10:00:00,7.0,1026.7,92.0,0.0,4.101981,1024.7881,88.67908,0.13206054
2025-02-09 11:00:00,8.6,1027.1,90.0,0.0,5.0190535,1026.933,81.22031,0.08225371
2025-02-09 12:00:00,10.9,1026.4,80.0,0.0,6.8586397,1026.9807,70.67072,0.065189645
2025-02-09 13:00:00,12.4,1025.4,71.0,0.0,7.7276745,1025.2968,66.71374,0.06742203
2025-02-09 14:00:00,12.8,1024.8,66.0,0.0,8.201895,1024.2924,65.49026,0.07088259
2025-02-09 15:00:00,13.2,1024.1,65.0,0.0,8.436744,1023.8322,65.845535,0.074824035
2025-02-09 16:00:00,12.5,1023.8,70.0,0.0,8.772975,1023.173,65.814995,0.08037657
2025-02-09 17:00:00,11.8,1024.0,74.0,0.0,8.898976,1022.5206,66.343124,0.08591468
2025-02-09 18:00:00,10.4,1024.4,82.0,0.0,8.725142,1022.23804,67.465996,0.089198396
2025-02-09 19:00:00,8.4,1024.7,89.0,0.0,7.1247883,1022.6328,73.36759,0.09422112
2025-02-09 20:00:00,7.7,1024.6,92.0,0.0,6.194563,1023.204,75.891594,0.09428396
2025-02-09 21:00:00,6.9,1024.4,93.0,0.0,5.488909,1024.195,77.61589,0.087510675
2025-02-09 22:00:00,6.5,1024.6,93.0,0.0,4.893804,1025.0878,79.00229,0.08090541
2025-02-09 23:00:00,5.9,1024.6,93.0,0.0,4.6344857,1025.7551,79.707466,0.07659044
2025-02-10 00:00:00,5.7,1024.3,92.0,0.0,4.6547117,1026.1971,81.97601,0.08867977
2025-02-10 01:00:00,7.1,1024.0,90.0,0.0,4.84938,1026.2274,83.69936,0.10375501
2025-02-10 02:00:00,7.0,1023.6,92.0,0.0,4.8579226,1026.4803,83.436005,0.10177987
2025-02-10 03:00:00,6.4,1023.2,92.0,0.0,4.8386397,1025.9591,83.850136,0.10790111
2025-02-10 04:00:00,6.1,1022.7,91.0,0.0,4.9160852,1025.1313,84.43132,0.11851704
2025-02-10 05:00:00,5.6,1022.4,92.0,0.0,4.9303036,1024.3779,85.100006,0.12990564
2025-02-10 06:00:00,5.2,1022.4,92.0,0.0,5.1614304,1023.5363,85.552765,0.1417534
2025-02-10 07:00:00,5.3,1022.1,92.0,0.0,5.2679114,1023.2688,85.95552,0.15120238
2025-02-10 08:00:00,5.4,1021.9,91.0,0.0,5.6260424,1023.38873,86.0597,0.15567517
2025-02-10 09:00:00,6.3,1022.1,90.0,0.0,5.8914413,1024.3387,86.002716,0.15561359
2025-02-10 10:00:00,8.6,1022.2,85.0,0.0,6.287545,1025.448,84.0382,0.13167007
2025-02-10 11:00:00,9.7,1022.1,81.0,0.0,6.9638977,1026.2734,80.86503,0.109876744
2025-02-10 12:00:00,10.5,1021.8,77.0,0.0,8.00881,1026.3718,78.83655,0.107902065
2025-02-10 13:00:00,11.3,1020.8,73.0,0.0,10.139154,1025.8522,72.46802,0.10948854
2025-02-10 14:00:00,10.9,1020.3,75.0,1.7,12.418331,1024.5057,67.6671,0.11966778
2025-02-10 15:00:00,11.1,1019.4,76.0,0.4,13.14332,1023.25366,67.26483,0.13030317
2025-02-10 16:00:00,10.8,1018.8,76.0,0.8,13.209473,1022.3685,67.98076,0.13856637
2025-02-10 17:00:00,10.0,1018.9,79.0,1.6,11.530444,1021.64777,76.15026,0.17007752
2025-02-10 18:00:00,9.6,1018.9,84.0,0.5,10.528512,1021.1026,85.148026,0.30325493
2025-02-10 19:00:00,8.6,1018.9,91.0,0.1,9.783301,1021.3372,86.86462,0.3116683
2025-02-10 20:00:00,7.7,1019.0,91.0,0.1,8.924954,1021.27295,87.45099,0.29305884
2025-02-10 21:00:00,7.0,1019.0,90.0,0.0,8.291059,1021.6732,87.97176,0.27831605
2025-02-10 22:00:00,6.5,1019.3,91.0,0.0,7.8761787,1021.69165,88.30391,0.26961088
2025-02-10 23:00:00,6.0,1019.7,92.0,0.0,7.626404,1021.7614,88.65946,0.2648679
2025-02-11 00:00:00,5.9,1019.7,92.0,0.0,7.4566574,1021.8396,88.90196,0.26123878
2025-02-11 01:00:00,5.3,1019.7,92.0,0.0,7.3597317,1021.9,89.1417,0.25862628
2025-02-11 02:00:00,6.2,1019.4,89.0,0.0,7.54053,1021.9565,89.42115,0.26027277
2025-02-11 03:00:00,5.6,1019.5,91.0,0.0,7.5518665,1021.8152,89.365234,0.26404586
2025-02-11 04:00:00,5.5,1019.4,92.0,0.1,7.661705,1021.2299,89.29528,0.269194
2025-02-11 05:00:00,5.2,1019.3,94.0,0.1,7.6762924,1020.91833,89.24598,0.26884764
2025-02-11 06:00:00,4.4,1019.2,97.0,0.0,7.5834436,1020.6279,89.16999,0.26785848
2025-02-11 07:00:00,4.3,1019.2,97.0,0.0,7.528241,1020.4549,89.07681,0.26276115
2025-02-11 08:00:00,4.7,1019.4,97.0,0.0,7.535841,1020.4531,88.63928,0.253629
2025-02-11 09:00:00,5.4,1019.7,96.0,0.0,7.621415,1020.6162,87.14935,0.23156954
2025-02-11 10:00:00,6.2,1019.9,96.0,0.0,7.860176,1021.02124,84.61918,0.1995324
2025-02-11 11:00:00,6.7,1020.0,94.0,0.0,9.209859,1021.2103,79.06655,0.16317722
2025-02-11 12:00:00,7.5,1019.7,90.0,0.1,10.548434,1020.5161,72.1447,0.14340734
2025-02-11 13:00:00,9.2,1018.8,74.0,0.2,11.382271,1019.7985,69.23175,0.13797198
2025-02-11 14:00:00,9.4,1018.2,71.0,0.2,12.435011,1019.18646,66.23255,0.14093259
2025-02-11 15:00:00,10.6,1016.7,63.0,0.1,12.289327,1020.0603,64.57917,0.13238052
2025-02-11 16:00:00,10.7,1015.7,61.0,0.0,12.2580185,1019.58234,64.977745,0.13148971
2025-02-11 17:00:00,10.9,1015.1,59.0,0.0,12.795433,1019.2302,63.428925,0.13001907
2025-02-11 18:00:00,9.8,1015.2,66.0,0.0,11.546749,1019.4117,67.703476,0.13327579
2025-02-11 19:00:00,8.4,1015.7,77.0,0.3,9.634323,1019.5607,75.36924,0.15362813
2025-02-11 20:00:00,7.8,1015.5,83.0,0.1,8.833504,1019.0134,80.65049,0.20449205
2025-02-11 21:00:00,7.1,1015.8,94.0,0.6,8.233393,1018.93634,83.82117,0.22644037
2025-02-11 22:00:00,6.8,1016.3,95.0,1.4,7.391365,1019.9267,86.011055,0.23072204
2025-02-11 23:00:00,6.5,1016.3,97.0,0.8,6.7838736,1020.9847,86.903435,0.21542788
2025-02-12 00:00:00,6.3,1016.1,97.0,0.8,6.3047037,1021.84216,87.60439,0.20500126
2025-02-12 01:00:00,6.1,1015.9,97.0,0.5,6.029005,1022.11255,88.270905,0.20506762
2025-02-12 02:00:00,6.2,1014.9,98.0,0.1,5.7610817,1022.10675,89.14574,0.21215703
2025-02-12 03:00:00,6.3,1014.9,95.0,0.1,5.847504,1022.0392,89.259254,0.21387786
2025-02-12 04:00:00,6.3,1014.7,98.0,0.4,5.749053,1021.6378,89.71854,0.22674587
2025-02-12 05:00:00,6.3,1014.3,97.0,0.1,5.850587,1021.0623,90.164474,0.23749061
2025-02-12 06:00:00,5.9,1014.5,96.0,0.1,5.8728385,1020.5984,90.59218,0.24982381
2025-02-12 07:00:00,6.7,1014.7,88.0,0.0,5.7083645,1020.1412,90.61083,0.2525685
2025-02-12 08:00:00,6.5,1015.3,87.0,0.0,6.2985067,1018.913,90.250656,0.27108526
2025-02-12 09:00:00,6.8,1016.0,85.0,0.1,6.6111984,1018.14746,90.01845,0.28004578
2025-02-12 10:00:00,6.8,1017.1,85.0,0.2,6.7140837,1017.83923,89.80434,0.2836753
2025-02-12 11:00:00,7.0,1018.3,79.0,0.0,6.966709,1017.94916,89.05628,0.28040534
2025-02-12 12:00:00,7.7,1018.8,73.0,0.0,7.2221546,1018.5029,87.47293,0.2639185
2025-02-12 13:00:00,9.3,1018.5,61.0,0.0,7.8023586,1019.22986,83.12513,0.21897882
2025-02-12 14:00:00,9.8,1017.9,57.0,0.0,9.719656,1019.5523,70.44718,0.14647031
2025-02-12 15:00:00,10.1,1017.5,54.0,0.0,10.067124,1018.82996,66.95994,0.13392481
2025-02-12 16:00:00,9.4,1018.2,55.0,0.0,11.109955,1017.4759,62.21997,0.12988047
2025-02-12 17:00:00,9.2,1018.8,52.0,0.0,10.896497,1016.19836,64.04801,0.13507201
2025-02-12 18:00:00,8.7,1019.3,53.0,0.0,10.359996,1015.3218,66.75498,0.14267038
2025-02-12 19:00:00,7.1,1020.1,57.0,0.0,9.126729,1015.29675,71.79979,0.15203567
2025-02-12 20:00:00,6.3,1021.1,61.0,0.0,8.177071,1016.278,76.27545,0.17376478
2025-02-12 21:00:00,5.4,1021.5,66.0,0.0,7.9021225,1016.79834,79.77075,0.20001714
2025-02-12 22:00:00,4.4,1022.0,75.0,0.0,7.3972435,1018.0698,82.47711,0.20649804
2025-02-12 23:00:00,3.9,1022.3,81.0,0.0,7.1599817,1018.5843,84.9106,0.22580874
2025-02-13 00:00:00,3.9,1022.3,82.0,0.0,6.915971,1018.914,87.24383,0.25350547
2025-02-13 01:00:00,3.8,1022.5,81.0,0.0,6.903202,1018.46124,89.24328,0.28772283
2025-02-13 02:00:00,3.2,1022.5,88.0,0.0,6.9312353,1017.16614,90.67472,0.3301
2025-02-13 03:00:00,3.2,1022.6,88.0,0.0,6.7886076,1015.56354,90.87599,0.3489656
2025-02-13 04:00:00,3.5,1022.2,87.0,0.0,6.4628067,1015.3444,91.192955,0.34308845
2025-02-13 05:00:00,3.8,1022.1,87.0,0.0,6.3773746,1015.5271,91.76189,0.33931452
2025-02-13 06:00:00,4.1,1022.4,87.0,0.0,6.310582,1015.24634,91.45073,0.3375115
2025-02-13 07:00:00,3.7,1022.7,90.0,0.0,6.0638294,1015.2185,91.25725,0.32364333
2025-02-13 08:00:00,3.0,1022.8,91.0,0.0,5.9421597,1016.6834,88.767136,0.25804698
2025-02-13 09:00:00,3.4,1022.6,91.0,0.0,5.6439877,1018.11475,86.590454,0.2077253
2025-02-13 10:00:00,7.2,1022.6,78.0,0.0,6.0114536,1019.3902,81.31486,0.15290791
2025-02-13 11:00:00,9.6,1022.5,68.0,0.0,6.267231,1020.61865,77.06159,0.11594713
2025-02-13 12:00:00,11.0,1022.2,64.0,0.0,6.8362675,1021.479,72.554436,0.09597799
2025-02-13 13:00:00,13.1,1020.9,57.0,0.0,7.7133703,1021.482,68.53643,0.090621665
2025-02-13 14:00:00,13.1,1020.6,58.0,0.0,9.456168,1020.3369,62.05698,0.09248069
2025-02-13 15:00:00,13.2,1020.0,59.0,0.0,9.54489,1019.0361,62.758698,0.097090095
2025-02-13 16:00:00,13.3,1019.8,59.0,0.0,9.31503,1018.7678,64.575935,0.099839814
2025-02-13 17:00:00,12.8,1019.7,59.0,0.0,8.408512,1019.91156,69.94141,0.10430248
2025-02-13 18:00:00,12.0,1019.7,71.0,0.0,8.172445,1020.5083,71.710045,0.10593017
2025-02-13 19:00:00,8.5,1020.3,79.0,0.0,7.763277,1020.6077,73.43226,0.10681456
2025-02-13 20:00:00,7.4,1020.7,84.0,0.0,7.152563,1020.9258,76.53808,0.11976096
2025-02-13 21:00:00,5.1,1020.8,94.0,0.0,6.685156,1021.4654,78.62096,0.12644601
2025-02-13 22:00:00,3.9,1021.0,98.0,0.0,6.247224,1021.6528,80.47809,0.13546476
2025-02-13 23:00:00,3.8,1020.8,97.0,0.0,5.9165754,1021.666,81.83053,0.14191826
2025-02-14 00:00:00,3.9,1020.8,96.0,0.0,5.7246237,1021.77515,82.48841,0.1403815
2025-02-14 01:00:00,4.0,1020.8,95.0,0.0,5.6469116,1021.9456,82.695625,0.13625242
2025-02-14 02:00:00,,,,,5.5954576,1022.34,82.674995,0.13011688
2025-02-14 03:00:00,,,,,5.4330883,1022.30505,82.90078,0.12894243
2025-02-14 04:00:00,,,,,5.5436335,1022.1628,82.558044,0.12426385
2025-02-14 05:00:00,,,,,5.598794,1022.08496,82.5408,0.12529899
2025-02-14 06:00:00,,,,,5.688196,1021.8951,82.115074,0.12332072
2025-02-14 07:00:00,,,,,5.802032,1021.77734,81.66796,0.12192205
2025-02-14 08:00:00,,,,,5.7905836,1021.61426,81.83195,0.12415463
2025-02-14 09:00:00,,,,,5.8910894,1021.20154,81.85177,0.12782703
2025-02-14 10:00:00,,,,,6.0625105,1020.9724,81.11667,0.125278
2025-02-14 11:00:00,,,,,8.221075,1020.9546,73.2787,0.10931448
2025-02-14 12:00:00,,,,,10.156133,1020.44745,67.37967,0.115334176
2025-02-14 13:00:00,,,,,11.871752,1019.8974,65.41066,0.124378584
2025-02-14 14:00:00,,,,,13.869544,1018.92084,61.91513,0.12930796
2025-02-14 15:00:00,,,,,13.054814,1018.5597,67.01845,0.14617299
2025-02-14 16:00:00,,,,,12.213657,1018.34515,70.43195,0.15459964
2025-02-14 17:00:00,,,,,11.50561,1018.36194,73.62321,0.16338576
2025-02-14 18:00:00,,,,,11.158226,1018.24207,76.53183,0.19376524
2025-02-14 19:00:00,,,,,10.599858,1017.93066,78.95461,0.22704159
2025-02-14 20:00:00,,,,,9.712639,1017.9343,80.87675,0.24724175
2025-02-14 21:00:00,,,,,9.030006,1018.25543,82.265945,0.24570633
2025-02-14 22:00:00,,,,,8.190781,1018.5581,82.79683,0.22866787
2025-02-14 23:00:00,,,,,7.524926,1018.3174,83.30454,0.21825284
