latitude,longitude,elevation,utc_offset_seconds,timezone,timezone_abbreviation
42.355007,-3.5630798,892.0,3600,Europe/Berlin,GMT+1

time,temperature_2m (°C),relative_humidity_2m (%),rain (mm),surface_pressure (hPa),wind_speed_10m (km/h),wind_direction_10m (°)
2025-01-01T00:00,-1.1,77,0.00,923.7,7.0,198
2025-01-01T01:00,-1.4,76,0.00,923.4,7.6,207
2025-01-01T02:00,-0.8,87,0.00,924.4,7.9,221
2025-01-01T03:00,-0.8,84,0.00,924.0,9.1,216
2025-01-01T04:00,-0.8,82,0.00,924.1,9.9,224
2025-01-01T05:00,-1.1,81,0.00,924.2,10.6,224
2025-01-01T06:00,-1.1,79,0.00,924.1,10.3,226
2025-01-01T07:00,-1.2,78,0.00,923.8,10.3,224
2025-01-01T08:00,-1.0,75,0.00,923.8,10.2,212
2025-01-01T09:00,-0.4,72,0.00,923.9,10.2,203
2025-01-01T10:00,1.3,68,0.00,924.5,11.8,208
2025-01-01T11:00,2.8,67,0.00,925.1,11.4,219
2025-01-01T12:00,4.7,63,0.00,925.5,10.8,212
2025-01-01T13:00,6.7,58,0.00,925.0,11.6,222
2025-01-01T14:00,6.1,57,0.00,924.7,13.8,243
2025-01-01T15:00,5.5,62,0.00,924.2,12.7,238
2025-01-01T16:00,4.9,66,0.00,923.7,11.8,223
2025-01-01T17:00,3.0,76,0.00,923.4,10.7,222
2025-01-01T18:00,0.4,88,0.00,922.6,11.3,211
2025-01-01T19:00,0.0,89,0.00,922.3,13.1,201
2025-01-01T20:00,0.1,90,0.00,922.4,14.2,198
2025-01-01T21:00,0.1,90,0.00,922.7,14.0,204
2025-01-01T22:00,-0.2,91,0.00,922.9,13.8,204
2025-01-01T23:00,-0.3,92,0.00,922.8,14.4,200
2025-01-02T00:00,-0.3,92,0.00,922.9,14.7,205
2025-01-02T01:00,-0.4,93,0.00,922.9,15.2,204
2025-01-02T02:00,-0.2,96,0.00,923.2,16.9,202
2025-01-02T03:00,0.0,95,0.00,922.5,17.3,202
2025-01-02T04:00,0.3,94,0.00,922.7,16.2,210
2025-01-02T05:00,0.0,96,0.00,922.5,17.0,211
2025-01-02T06:00,-0.3,98,0.00,922.2,17.6,209
2025-01-02T07:00,-0.3,99,0.00,922.2,18.0,206
2025-01-02T08:00,-0.1,98,0.00,922.3,19.0,203
2025-01-02T09:00,0.0,97,0.00,922.6,18.5,205
2025-01-02T10:00,0.5,96,0.00,923.0,19.3,202
2025-01-02T11:00,1.5,93,0.00,923.6,20.5,211
2025-01-02T12:00,2.3,89,0.00,923.7,20.3,213
2025-01-02T13:00,3.5,83,0.00,923.3,21.2,220
2025-01-02T14:00,3.6,80,0.00,923.0,21.1,220
2025-01-02T15:00,4.4,75,0.00,922.3,21.1,226
2025-01-02T16:00,4.1,77,0.00,922.0,18.9,220
2025-01-02T17:00,3.4,82,0.00,921.9,16.9,211
2025-01-02T18:00,1.7,91,0.00,921.4,16.1,200
2025-01-02T19:00,1.9,89,0.00,921.2,18.6,199
2025-01-02T20:00,1.7,90,0.00,921.5,17.0,195
2025-01-02T21:00,1.6,90,0.00,921.4,17.8,196
2025-01-02T22:00,1.4,90,0.00,921.3,17.2,196
2025-01-02T23:00,1.4,90,0.00,921.3,17.0,200
2025-01-03T00:00,1.2,91,0.00,921.8,15.7,202
2025-01-03T01:00,1.6,90,0.00,921.8,16.9,202
2025-01-03T02:00,3.1,90,0.00,920.8,20.5,201
2025-01-03T03:00,3.3,90,0.00,920.8,21.5,206
2025-01-03T04:00,3.3,90,0.00,920.4,21.5,204
2025-01-03T05:00,3.3,89,0.00,920.1,21.5,208
2025-01-03T06:00,3.2,89,0.00,920.1,23.2,211
2025-01-03T07:00,2.9,89,0.10,919.6,23.8,206
2025-01-03T08:00,2.4,94,0.50,919.6,24.5,207
2025-01-03T09:00,2.4,95,0.50,919.7,24.4,204
2025-01-03T10:00,2.9,92,0.10,920.2,24.2,203
2025-01-03T11:00,3.4,92,0.10,920.8,23.6,204
2025-01-03T12:00,4.0,91,0.10,920.9,23.8,207
2025-01-03T13:00,4.4,93,0.20,920.4,22.8,209
2025-01-03T14:00,4.6,95,0.70,920.2,22.1,212
2025-01-03T15:00,4.8,97,0.70,919.7,21.5,210
2025-01-03T16:00,5.1,98,0.30,919.5,21.2,212
2025-01-03T17:00,5.4,98,0.30,919.5,20.5,209
2025-01-03T18:00,5.4,98,0.40,919.6,19.9,209
2025-01-03T19:00,5.6,98,0.40,919.7,20.5,209
2025-01-03T20:00,5.7,99,0.30,919.7,20.3,209
2025-01-03T21:00,5.8,99,0.60,919.9,19.7,210
2025-01-03T22:00,5.9,99,0.60,919.9,20.0,208
2025-01-03T23:00,5.9,99,0.50,920.0,19.3,202
2025-01-04T00:00,6.0,98,0.10,920.1,21.3,205
2025-01-04T01:00,6.0,98,0.00,920.0,21.2,210
2025-01-04T02:00,6.4,99,0.00,919.3,22.4,210
2025-01-04T03:00,6.3,99,0.10,919.1,22.8,208
2025-01-04T04:00,6.2,98,0.00,919.0,22.8,210
2025-01-04T05:00,6.0,98,0.00,918.7,22.2,210
2025-01-04T06:00,5.7,98,0.00,918.5,20.9,209
2025-01-04T07:00,5.5,98,0.00,918.4,21.2,206
2025-01-04T08:00,5.4,97,0.00,918.4,22.2,206
2025-01-04T09:00,5.4,96,0.00,918.5,21.0,205
2025-01-04T10:00,5.6,95,0.00,918.6,21.6,205
2025-01-04T11:00,6.2,92,0.00,918.6,22.1,207
2025-01-04T12:00,6.7,87,0.00,918.7,25.3,210
2025-01-04T13:00,7.3,83,0.00,918.1,26.3,216
2025-01-04T14:00,7.6,85,0.00,917.7,25.1,219
2025-01-04T15:00,7.8,80,0.00,917.1,25.2,219
2025-01-04T16:00,7.6,79,0.00,916.5,24.4,219
2025-01-04T17:00,7.0,82,0.00,916.0,23.3,219
2025-01-04T18:00,6.2,86,0.00,915.8,21.8,215
2025-01-04T19:00,6.0,86,0.00,915.8,22.7,207
2025-01-04T20:00,5.8,86,0.00,915.3,23.1,200
2025-01-04T21:00,5.8,85,0.00,914.7,23.2,199
2025-01-04T22:00,5.6,85,0.00,914.7,23.2,203
2025-01-04T23:00,5.2,87,0.00,914.7,23.0,204
2025-01-05T00:00,4.7,88,0.00,914.4,22.8,201
2025-01-05T01:00,4.2,90,0.00,913.8,22.8,202
2025-01-05T02:00,4.7,89,0.00,913.4,24.8,203
2025-01-05T03:00,5.7,84,0.00,912.4,25.5,202
2025-01-05T04:00,6.2,84,0.00,911.6,26.6,203
2025-01-05T05:00,6.6,79,0.00,910.5,27.7,201
2025-01-05T06:00,6.7,73,0.00,909.6,26.9,192
2025-01-05T07:00,6.6,70,0.00,908.8,27.0,186
2025-01-05T08:00,5.7,72,0.00,908.0,29.2,182
2025-01-05T09:00,5.4,77,0.00,907.4,29.9,182
2025-01-05T10:00,6.2,77,0.00,907.6,30.3,184
2025-01-05T11:00,7.7,72,0.00,907.3,30.1,182
2025-01-05T12:00,8.9,69,0.00,906.6,33.6,184
2025-01-05T13:00,9.9,67,0.00,905.3,35.2,187
2025-01-05T14:00,10.3,67,0.00,903.9,34.1,187
2025-01-05T15:00,10.9,63,0.00,903.0,40.7,196
2025-01-05T16:00,10.1,67,0.00,902.5,37.7,193
2025-01-05T17:00,9.7,67,0.00,901.9,38.2,196
2025-01-05T18:00,9.3,69,0.00,901.6,38.4,198
2025-01-05T19:00,9.5,69,0.00,901.3,39.6,203
2025-01-05T20:00,9.2,71,0.00,901.1,38.9,201
2025-01-05T21:00,9.0,72,0.00,900.7,39.7,202
2025-01-05T22:00,8.5,76,0.00,900.7,37.2,204
2025-01-05T23:00,8.4,79,0.00,900.6,34.8,206
2025-01-06T00:00,8.4,81,0.00,900.4,35.6,209
2025-01-06T01:00,7.7,85,0.10,900.3,34.2,209
2025-01-06T02:00,7.2,93,0.90,900.2,37.9,217
2025-01-06T03:00,6.7,92,0.10,899.8,35.6,214
2025-01-06T04:00,6.5,92,0.00,900.2,33.7,215
2025-01-06T05:00,6.3,94,0.30,900.3,31.7,215
2025-01-06T06:00,6.2,94,0.20,900.4,28.3,217
2025-01-06T07:00,6.0,95,0.00,900.5,26.3,220
2025-01-06T08:00,5.8,95,0.10,901.2,25.8,225
2025-01-06T09:00,5.5,95,0.20,902.0,25.2,234
2025-01-06T10:00,5.5,97,0.30,902.7,20.6,244
2025-01-06T11:00,6.0,92,0.10,903.9,19.5,256
2025-01-06T12:00,6.7,81,0.00,904.8,17.2,260
2025-01-06T13:00,7.7,63,0.00,905.1,16.0,262
2025-01-06T14:00,8.2,65,0.30,905.2,20.0,269
2025-01-06T15:00,6.8,72,0.40,905.5,17.4,263
2025-01-06T16:00,7.9,55,0.00,905.8,20.5,276
2025-01-06T17:00,6.8,60,0.00,906.4,15.1,278
2025-01-06T18:00,4.7,71,0.30,906.7,6.5,294
2025-01-06T19:00,3.2,78,0.20,907.6,1.7,283
2025-01-06T20:00,1.8,85,0.00,908.2,5.8,236
2025-01-06T21:00,1.9,88,0.00,909.5,11.4,242
2025-01-06T22:00,1.3,90,0.00,910.5,11.3,239
2025-01-06T23:00,0.7,91,0.00,910.9,12.5,230
2025-01-07T00:00,0.3,94,0.00,911.8,12.7,223
2025-01-07T01:00,0.2,95,0.00,912.4,13.4,219
2025-01-07T02:00,0.8,92,0.00,912.3,16.1,230
2025-01-07T03:00,0.4,93,0.00,912.5,16.2,228
2025-01-07T04:00,-0.3,94,0.00,912.8,15.7,212
2025-01-07T05:00,-0.6,98,0.00,913.2,17.4,208
2025-01-07T06:00,-0.3,100,0.00,913.4,18.1,208
2025-01-07T07:00,0.5,99,0.00,913.6,21.6,211
2025-01-07T08:00,1.0,99,0.00,913.8,24.4,217
2025-01-07T09:00,1.4,98,0.00,913.9,23.8,207
2025-01-07T10:00,1.8,98,0.00,913.9,25.6,202
2025-01-07T11:00,2.6,95,0.10,914.5,29.4,204
2025-01-07T12:00,3.4,93,0.30,914.7,30.3,206
2025-01-07T13:00,3.6,95,0.20,914.4,27.2,201
2025-01-07T14:00,4.7,84,0.10,914.3,32.6,212
2025-01-07T15:00,5.4,82,0.00,913.8,27.3,205
2025-01-07T16:00,5.5,83,0.00,913.8,30.8,211
2025-01-07T17:00,5.9,86,0.00,913.8,29.4,216
2025-01-07T18:00,6.3,90,0.10,913.7,28.4,213
2025-01-07T19:00,6.7,92,0.20,913.8,28.9,217
2025-01-07T20:00,6.8,95,0.10,914.2,29.2,218
2025-01-07T21:00,7.0,96,0.10,914.5,28.5,218
2025-01-07T22:00,6.8,97,0.20,914.7,28.3,213
2025-01-07T23:00,7.2,96,0.00,915.0,29.6,215
2025-01-08T00:00,7.5,95,0.00,915.1,29.0,215
2025-01-08T01:00,7.5,93,0.00,915.3,29.3,217
2025-01-08T02:00,8.0,90,0.00,914.6,29.4,215
2025-01-08T03:00,7.6,91,0.00,914.2,32.5,218
2025-01-08T04:00,7.5,90,0.00,914.3,30.3,214
2025-01-08T05:00,7.5,91,0.00,913.5,32.6,216
2025-01-08T06:00,7.6,91,0.00,913.0,34.9,216
2025-01-08T07:00,7.3,91,0.00,912.2,35.1,216
2025-01-08T08:00,7.1,90,0.00,911.9,34.7,214
2025-01-08T09:00,7.0,87,0.00,911.4,31.6,209
2025-01-08T10:00,6.9,85,0.00,910.8,36.1,206
2025-01-08T11:00,8.2,76,0.00,911.4,35.7,210
2025-01-08T12:00,9.6,68,0.00,911.6,42.8,219
2025-01-08T13:00,8.3,74,0.00,910.7,33.7,209
2025-01-08T14:00,8.6,77,0.10,910.3,33.5,207
2025-01-08T15:00,8.0,79,0.10,909.5,28.3,207
2025-01-08T16:00,9.0,73,0.00,909.2,34.8,211
2025-01-08T17:00,9.3,73,0.00,909.0,37.6,219
2025-01-08T18:00,9.2,77,0.00,908.8,37.8,224
2025-01-08T19:00,8.3,85,0.10,909.2,34.9,227
2025-01-08T20:00,8.1,86,0.10,909.6,35.0,226
2025-01-08T21:00,7.5,89,0.10,909.9,34.0,222
2025-01-08T22:00,7.4,89,0.00,910.6,34.8,223
2025-01-08T23:00,7.3,91,0.10,911.1,33.2,224
2025-01-09T00:00,7.2,91,0.10,911.6,30.2,222
2025-01-09T01:00,7.1,91,0.10,912.0,29.4,221
2025-01-09T02:00,7.5,92,0.20,911.3,32.9,219
2025-01-09T03:00,7.3,91,0.20,911.5,32.4,222
2025-01-09T04:00,7.1,96,0.30,911.9,29.3,222
2025-01-09T05:00,7.2,94,0.20,912.3,28.9,226
2025-01-09T06:00,7.0,95,0.30,912.7,27.1,222
2025-01-09T07:00,7.0,95,0.20,912.8,25.4,219
2025-01-09T08:00,7.0,97,0.20,913.5,25.1,221
2025-01-09T09:00,7.3,96,0.10,914.4,25.4,229
2025-01-09T10:00,7.8,95,0.10,915.7,23.5,233
2025-01-09T11:00,8.6,92,0.30,916.8,23.9,243
2025-01-09T12:00,10.2,75,0.10,917.7,28.6,256
2025-01-09T13:00,11.3,65,0.00,917.9,25.5,261
2025-01-09T14:00,11.5,72,0.00,917.8,23.7,259
2025-01-09T15:00,11.5,72,0.30,917.9,23.2,263
2025-01-09T16:00,11.6,71,0.20,917.8,23.8,262
2025-01-09T17:00,11.1,76,0.00,918.2,19.3,249
2025-01-09T18:00,9.8,82,0.00,918.5,14.8,246
2025-01-09T19:00,8.7,88,0.00,918.7,13.5,239
2025-01-09T20:00,7.9,93,0.00,919.2,12.9,227
2025-01-09T21:00,7.9,96,0.00,919.7,14.7,213
2025-01-09T22:00,7.9,97,0.00,919.8,17.5,219
2025-01-09T23:00,7.9,98,0.00,920.2,18.2,221
2025-01-10T00:00,7.9,99,0.00,920.6,18.5,221
2025-01-10T01:00,8.0,99,0.00,920.5,19.5,215
2025-01-10T02:00,8.5,98,0.00,920.5,21.3,217
2025-01-10T03:00,8.1,99,0.00,920.5,22.0,218
2025-01-10T04:00,7.9,100,0.00,920.6,21.5,216
2025-01-10T05:00,7.8,100,0.00,920.6,22.2,213
2025-01-10T06:00,7.7,99,0.10,920.4,21.7,209
2025-01-10T07:00,7.7,99,0.00,920.5,21.5,210
2025-01-10T08:00,7.6,99,0.00,920.9,19.8,211
2025-01-10T09:00,7.6,100,0.10,921.2,20.4,208
2025-01-10T10:00,7.9,98,0.00,921.6,21.1,216
2025-01-10T11:00,8.4,96,0.10,922.0,21.8,230
2025-01-10T12:00,8.8,93,0.10,922.4,22.0,233
2025-01-10T13:00,9.4,89,0.20,922.1,23.6,231
2025-01-10T14:00,11.6,71,0.10,921.9,27.8,242
2025-01-10T15:00,11.6,71,0.00,921.5,25.2,241
2025-01-10T16:00,11.6,72,0.00,921.4,24.4,236
2025-01-10T17:00,11.3,77,0.00,921.1,20.2,227
2025-01-10T18:00,10.7,84,0.00,920.9,19.2,226
2025-01-10T19:00,10.3,89,0.10,921.6,19.1,224
2025-01-10T20:00,10.3,90,0.00,921.4,20.3,222
2025-01-10T21:00,10.0,93,0.00,921.3,20.4,221
2025-01-10T22:00,10.0,94,0.00,921.2,20.8,220
2025-01-10T23:00,10.0,96,0.00,921.2,21.5,225
2025-01-11T00:00,9.9,98,0.10,921.3,23.2,231
2025-01-11T01:00,9.6,99,0.80,920.9,22.4,230
2025-01-11T02:00,9.9,99,0.50,920.5,22.8,226
2025-01-11T03:00,10.0,99,0.20,920.5,22.3,229
2025-01-11T04:00,9.9,100,0.00,920.5,18.9,231
2025-01-11T05:00,9.9,100,0.10,920.5,17.4,244
2025-01-11T06:00,9.8,97,0.60,921.1,16.1,288
2025-01-11T07:00,9.5,97,1.30,920.9,5.3,336
2025-01-11T08:00,9.0,96,0.00,921.0,4.7,317
2025-01-11T09:00,7.7,98,0.00,921.3,6.3,305
2025-01-11T10:00,8.5,93,0.00,922.8,8.6,311
2025-01-11T11:00,9.5,88,0.00,924.4,9.6,326
2025-01-11T12:00,10.1,86,0.00,924.9,10.3,347
2025-01-11T13:00,10.0,87,0.20,924.7,13.6,354
2025-01-11T14:00,12.0,70,0.20,924.6,23.0,341
2025-01-11T15:00,10.8,76,0.10,925.1,23.6,346
2025-01-11T16:00,10.0,78,0.00,925.5,19.1,357
2025-01-11T17:00,9.2,71,0.00,925.4,12.6,360
2025-01-11T18:00,7.1,78,0.00,925.8,8.5,359
2025-01-11T19:00,5.0,87,0.00,925.9,6.3,347
2025-01-11T20:00,4.5,90,0.00,926.1,6.2,334
2025-01-11T21:00,4.3,92,0.00,926.5,9.6,356
2025-01-11T22:00,4.3,95,0.00,927.6,14.6,4
2025-01-11T23:00,4.2,97,0.00,927.7,13.6,11
2025-01-12T00:00,4.4,97,0.00,928.0,13.3,16
2025-01-12T01:00,4.0,96,0.00,927.7,13.0,20
2025-01-12T02:00,3.1,95,0.00,926.9,14.4,13
2025-01-12T03:00,2.9,98,0.00,927.2,14.3,10
2025-01-12T04:00,3.4,99,0.00,927.0,9.9,1
2025-01-12T05:00,4.3,97,0.10,927.3,10.5,354
2025-01-12T06:00,4.9,98,0.20,927.3,10.8,30
2025-01-12T07:00,4.9,98,0.10,927.4,15.4,53
2025-01-12T08:00,4.6,98,0.00,927.6,18.5,52
2025-01-12T09:00,4.5,95,0.10,928.0,18.2,44
2025-01-12T10:00,4.5,91,0.00,928.3,16.8,37
2025-01-12T11:00,5.0,84,0.00,928.9,18.8,29
2025-01-12T12:00,5.5,79,0.00,929.0,20.3,30
2025-01-12T13:00,6.0,75,0.00,928.6,19.8,30
2025-01-12T14:00,7.2,67,0.00,928.2,20.0,31
2025-01-12T15:00,7.2,65,0.00,927.9,21.5,31
2025-01-12T16:00,6.3,70,0.00,927.9,20.6,31
2025-01-12T17:00,5.1,73,0.00,928.1,19.5,31
2025-01-12T18:00,3.5,82,0.00,928.4,16.6,34
2025-01-12T19:00,1.9,90,0.00,928.5,17.7,44
2025-01-12T20:00,0.8,91,0.00,928.8,18.0,46
2025-01-12T21:00,-0.3,84,0.00,928.7,18.5,49
2025-01-12T22:00,-1.1,76,0.00,928.7,19.7,51
2025-01-12T23:00,-1.7,75,0.00,928.5,20.3,52
2025-01-13T00:00,-2.1,75,0.00,928.2,20.1,50
2025-01-13T01:00,-2.7,70,0.00,927.8,19.8,49
2025-01-13T02:00,-3.1,71,0.00,927.0,20.2,47
2025-01-13T03:00,-3.4,71,0.00,926.6,19.9,46
2025-01-13T04:00,-3.7,72,0.00,926.2,19.9,47
2025-01-13T05:00,-3.7,69,0.00,926.0,18.9,52
2025-01-13T06:00,-3.5,61,0.00,925.6,19.4,53
2025-01-13T07:00,-3.6,61,0.00,925.5,20.9,48
2025-01-13T08:00,-3.9,66,0.00,925.7,21.5,43
2025-01-13T09:00,-4.0,74,0.00,926.2,22.4,42
2025-01-13T10:00,-2.5,75,0.00,927.0,22.3,44
2025-01-13T11:00,-0.7,67,0.00,927.8,20.0,43
2025-01-13T12:00,1.2,57,0.00,928.0,19.1,39
2025-01-13T13:00,2.3,51,0.00,927.4,18.7,38
2025-01-13T14:00,3.2,50,0.00,926.9,19.9,42
2025-01-13T15:00,3.8,51,0.00,926.4,20.8,43
2025-01-13T16:00,3.7,53,0.00,926.0,22.0,45
2025-01-13T17:00,2.8,56,0.00,925.8,20.8,44
2025-01-13T18:00,0.8,65,0.00,925.7,19.9,45
2025-01-13T19:00,-0.7,75,0.00,925.6,20.0,48
2025-01-13T20:00,-1.6,78,0.00,925.8,18.1,49
2025-01-13T21:00,-2.2,80,0.00,925.6,17.0,51
2025-01-13T22:00,-2.6,78,0.00,925.5,14.8,54
2025-01-13T23:00,-2.8,72,0.00,925.4,14.0,57
2025-01-14T00:00,-2.9,65,0.00,925.6,15.2,53
2025-01-14T01:00,-3.0,62,0.00,925.8,15.6,50
2025-01-14T02:00,-3.5,73,0.00,926.1,15.2,54
2025-01-14T03:00,-3.8,75,0.00,926.2,13.5,54
2025-01-14T04:00,-3.7,73,0.00,926.0,15.6,57
2025-01-14T05:00,-3.5,71,0.00,925.4,16.9,59
2025-01-14T06:00,-3.4,68,0.00,924.7,17.1,56
2025-01-14T07:00,-3.4,68,0.00,924.7,14.1,55
2025-01-14T08:00,-3.9,70,0.00,924.8,10.2,72
2025-01-14T09:00,-3.8,65,0.00,924.7,9.0,91
2025-01-14T10:00,-0.5,52,0.00,925.7,8.6,90
2025-01-14T11:00,2.8,46,0.00,927.2,4.1,45
2025-01-14T12:00,4.6,38,0.00,928.0,3.5,12
2025-01-14T13:00,6.0,32,0.00,927.2,2.6,348
2025-01-14T14:00,8.2,18,0.00,926.8,4.3,33
2025-01-14T15:00,8.7,21,0.00,926.0,2.9,356
2025-01-14T16:00,8.1,26,0.00,925.7,6.1,346
2025-01-14T17:00,5.7,41,0.00,924.8,2.5,30
2025-01-14T18:00,2.5,35,0.00,923.7,1.5,104
2025-01-14T19:00,2.1,30,0.00,923.4,0.9,101
2025-01-14T20:00,1.4,28,0.00,923.5,3.1,66
2025-01-14T21:00,0.7,29,0.00,923.9,10.1,65
2025-01-14T22:00,0.6,32,0.00,924.5,14.2,57
2025-01-14T23:00,-0.5,38,0.00,924.7,15.1,55
2025-01-15T00:00,-1.4,41,0.00,924.5,14.3,62
2025-01-15T01:00,-1.8,45,0.00,924.4,12.8,56
2025-01-15T02:00,-2.2,62,0.00,924.1,11.3,56
2025-01-15T03:00,-2.0,60,0.00,923.8,10.2,59
2025-01-15T04:00,-1.8,57,0.00,923.7,10.1,63
2025-01-15T05:00,-1.7,53,0.00,923.5,9.4,64
2025-01-15T06:00,-1.5,49,0.00,923.3,9.2,64
2025-01-15T07:00,-1.1,45,0.00,923.0,9.3,65
2025-01-15T08:00,-0.6,40,0.00,923.2,11.8,63
2025-01-15T09:00,0.2,36,0.00,923.5,16.0,55
2025-01-15T10:00,2.5,30,0.00,924.7,19.7,50
2025-01-15T11:00,4.3,27,0.00,925.5,18.1,44
2025-01-15T12:00,6.0,24,0.00,926.1,20.8,43
2025-01-15T13:00,6.9,25,0.00,925.5,22.4,42
2025-01-15T14:00,7.6,29,0.00,925.1,24.1,44
2025-01-15T15:00,7.7,30,0.00,924.2,22.4,43
2025-01-15T16:00,7.3,33,0.00,923.9,22.0,43
2025-01-15T17:00,5.9,34,0.00,923.7,19.0,43
2025-01-15T18:00,2.9,38,0.00,923.1,17.4,41
2025-01-15T19:00,1.7,38,0.00,923.1,18.5,40
2025-01-15T20:00,1.6,38,0.00,923.6,19.2,45
2025-01-15T21:00,1.4,41,0.00,923.6,19.9,46
2025-01-15T22:00,1.3,41,0.00,923.4,21.0,49
2025-01-15T23:00,1.3,40,0.00,923.1,21.0,54
2025-01-16T00:00,1.3,43,0.00,922.8,20.8,58
2025-01-16T01:00,1.2,46,0.00,922.5,19.9,59
2025-01-16T02:00,1.3,49,0.00,922.5,17.5,53
2025-01-16T03:00,1.0,53,0.00,922.3,15.2,50
2025-01-16T04:00,0.9,59,0.00,922.2,14.2,51
2025-01-16T05:00,0.9,65,0.00,921.9,13.4,51
2025-01-16T06:00,1.5,70,0.00,921.9,13.6,47
2025-01-16T07:00,1.7,79,0.00,921.8,14.2,49
2025-01-16T08:00,1.8,87,0.00,921.9,14.2,52
2025-01-16T09:00,1.8,95,0.00,922.1,14.5,54
2025-01-16T10:00,2.2,97,0.00,922.1,14.9,47
2025-01-16T11:00,2.9,96,0.00,922.0,14.4,42
2025-01-16T12:00,3.5,95,0.00,921.8,16.8,42
2025-01-16T13:00,4.1,96,0.10,921.1,21.2,33
2025-01-16T14:00,5.0,86,0.00,920.7,23.9,35
2025-01-16T15:00,5.2,82,0.00,920.3,24.6,35
2025-01-16T16:00,5.0,82,0.10,920.5,23.1,35
2025-01-16T17:00,4.3,82,0.00,920.7,18.7,32
2025-01-16T18:00,3.7,86,0.00,921.3,17.9,40
2025-01-16T19:00,2.7,94,0.00,922.1,18.7,46
2025-01-16T20:00,2.4,92,0.00,922.7,16.7,55
2025-01-16T21:00,1.6,96,0.00,922.7,12.1,48
2025-01-16T22:00,1.1,99,0.00,923.1,13.2,56
2025-01-16T23:00,1.2,97,0.00,923.8,12.9,62
2025-01-17T00:00,0.8,99,0.00,923.7,9.9,65
2025-01-17T01:00,-0.4,97,0.00,923.0,6.3,77
2025-01-17T02:00,-1.8,91,0.00,922.2,5.8,85
2025-01-17T03:00,-2.3,90,0.00,922.3,3.4,72
2025-01-17T04:00,-2.3,91,0.00,922.6,1.3,74
2025-01-17T05:00,-2.6,93,0.00,922.7,1.5,83
2025-01-17T06:00,-2.6,95,0.00,923.3,2.6,74
2025-01-17T07:00,-2.4,96,0.00,923.8,4.0,87
2025-01-17T08:00,-2.2,95,0.00,923.9,3.4,96
2025-01-17T09:00,-1.9,95,0.00,924.1,3.3,96
2025-01-17T10:00,-0.1,88,0.00,924.9,4.2,65
2025-01-17T11:00,2.1,81,0.00,926.1,4.7,32
2025-01-17T12:00,4.0,71,0.00,926.5,5.5,9
2025-01-17T13:00,5.8,63,0.00,926.0,5.8,4
2025-01-17T14:00,6.9,59,0.00,925.7,7.6,8
2025-01-17T15:00,7.0,60,0.00,925.3,9.7,28
2025-01-17T16:00,6.5,63,0.00,925.1,9.6,30
2025-01-17T17:00,5.7,66,0.00,924.8,7.3,28
2025-01-17T18:00,2.5,81,0.00,923.4,3.8,41
2025-01-17T19:00,1.0,84,0.00,922.6,3.6,93
2025-01-17T20:00,0.4,86,0.00,922.4,3.2,124
2025-01-17T21:00,-0.2,86,0.00,922.3,3.2,133
2025-01-17T22:00,-0.5,84,0.00,922.3,4.0,141
2025-01-17T23:00,-0.5,81,0.00,922.7,3.5,145
2025-01-18T00:00,-0.0,76,0.00,923.0,3.3,158
2025-01-18T01:00,0.4,74,0.00,922.7,4.0,180
2025-01-18T02:00,0.4,72,0.00,922.7,1.5,194
2025-01-18T03:00,0.3,72,0.00,922.4,2.6,196
2025-01-18T04:00,0.0,73,0.00,922.3,3.6,207
2025-01-18T05:00,-0.5,74,0.00,921.8,5.0,201
2025-01-18T06:00,-0.9,76,0.00,921.5,6.2,201
2025-01-18T07:00,-1.5,79,0.00,921.1,6.8,217
2025-01-18T08:00,-1.9,84,0.00,921.4,7.3,224
2025-01-18T09:00,-2.1,86,0.00,921.1,7.1,201
2025-01-18T10:00,0.6,76,0.00,922.2,10.7,197
2025-01-18T11:00,3.2,65,0.00,923.3,8.6,211
2025-01-18T12:00,4.9,58,0.00,923.5,8.4,230
2025-01-18T13:00,5.8,57,0.00,922.7,8.5,241
2025-01-18T14:00,6.7,51,0.00,922.1,7.4,256
2025-01-18T15:00,7.2,48,0.00,921.2,6.0,265
2025-01-18T16:00,7.0,48,0.00,920.7,4.7,270
2025-01-18T17:00,5.1,57,0.00,919.9,3.8,253
2025-01-18T18:00,1.7,70,0.00,918.7,4.4,232
2025-01-18T19:00,0.8,73,0.00,918.5,4.0,212
2025-01-18T20:00,0.5,74,0.00,918.6,4.5,209
2025-01-18T21:00,0.0,77,0.00,918.5,4.3,204
2025-01-18T22:00,-0.5,79,0.00,918.3,5.0,178
2025-01-18T23:00,-0.8,80,0.00,918.3,5.1,172
2025-01-19T00:00,-0.7,79,0.00,918.0,5.5,169
2025-01-19T01:00,-0.7,81,0.00,917.6,7.2,184
2025-01-19T02:00,-1.0,85,0.00,917.1,9.4,188
2025-01-19T03:00,-1.0,86,0.00,916.8,9.8,188
2025-01-19T04:00,-1.1,86,0.00,916.7,10.7,193
2025-01-19T05:00,-1.1,87,0.00,916.3,10.9,193
2025-01-19T06:00,-1.2,87,0.00,915.7,11.1,192
2025-01-19T07:00,-1.0,85,0.00,915.2,11.6,192
2025-01-19T08:00,-1.0,83,0.00,915.1,11.1,188
2025-01-19T09:00,-0.7,80,0.00,914.9,11.7,184
2025-01-19T10:00,2.2,64,0.00,915.8,13.9,186
2025-01-19T11:00,5.0,50,0.00,916.5,14.1,194
2025-01-19T12:00,6.5,45,0.00,916.7,16.3,206
2025-01-19T13:00,7.2,47,0.00,916.1,18.0,216
2025-01-19T14:00,7.8,47,0.00,914.9,19.8,217
2025-01-19T15:00,7.8,46,0.00,914.0,20.9,219
2025-01-19T16:00,7.4,47,0.00,913.5,20.5,224
2025-01-19T17:00,6.1,54,0.00,913.4,17.3,228
2025-01-19T18:00,4.3,63,0.00,913.1,16.7,218
2025-01-19T19:00,3.3,68,0.00,913.0,16.1,210
2025-01-19T20:00,2.8,73,0.10,913.2,17.1,212
2025-01-19T21:00,2.1,85,0.30,913.3,16.0,207
2025-01-19T22:00,1.4,94,0.40,913.4,16.1,208
2025-01-19T23:00,1.6,94,0.20,913.0,21.2,189
2025-01-20T00:00,2.2,86,0.10,912.7,25.8,192
2025-01-20T01:00,2.0,86,0.10,912.8,22.9,199
2025-01-20T02:00,2.4,92,0.20,912.2,20.6,185
2025-01-20T03:00,2.9,89,0.10,911.8,21.7,189
2025-01-20T04:00,3.3,89,0.20,911.5,21.9,192
2025-01-20T05:00,3.5,87,0.00,911.6,20.6,192
2025-01-20T06:00,3.7,86,0.00,911.4,19.9,192
2025-01-20T07:00,3.7,87,0.00,911.2,19.7,192
2025-01-20T08:00,3.8,89,0.00,911.5,15.7,196
2025-01-20T09:00,3.8,89,0.00,911.8,16.9,196
2025-01-20T10:00,4.2,87,0.00,912.3,17.6,196
2025-01-20T11:00,5.1,85,0.00,913.0,17.7,201
2025-01-20T12:00,5.8,84,0.00,913.3,16.8,190
2025-01-20T13:00,6.0,83,0.00,912.9,17.4,185
2025-01-20T14:00,6.3,85,0.00,912.4,13.8,198
2025-01-20T15:00,6.5,85,0.00,911.8,14.7,200
2025-01-20T16:00,6.6,85,0.00,911.1,14.0,192
2025-01-20T17:00,6.4,86,0.00,911.2,15.2,187
2025-01-20T18:00,5.6,91,0.00,910.8,13.7,176
2025-01-20T19:00,5.6,91,0.00,911.2,14.9,180
2025-01-20T20:00,5.7,91,0.00,910.9,14.4,178
2025-01-20T21:00,6.0,89,0.00,910.6,14.6,175
2025-01-20T22:00,5.5,92,0.00,909.9,14.7,174
2025-01-20T23:00,6.1,88,0.00,910.2,16.1,170
2025-01-21T00:00,7.0,85,0.00,909.9,16.1,170
2025-01-21T01:00,7.2,85,0.00,909.7,15.7,175
2025-01-21T02:00,7.3,85,0.00,908.9,18.0,181
2025-01-21T03:00,7.2,86,0.00,908.9,18.9,184
2025-01-21T04:00,6.9,87,0.10,908.8,19.3,180
2025-01-21T05:00,6.6,90,0.20,908.5,19.3,180
2025-01-21T06:00,6.4,93,0.10,908.1,18.6,184
2025-01-21T07:00,6.4,93,0.10,908.1,17.9,184
2025-01-21T08:00,6.2,93,0.00,907.6,15.9,177
2025-01-21T09:00,5.9,94,0.00,907.8,17.3,175
2025-01-21T10:00,7.2,89,0.20,908.3,18.8,176
2025-01-21T11:00,7.4,90,0.20,908.3,19.8,172
2025-01-21T12:00,8.6,83,0.00,908.6,20.5,178
2025-01-21T13:00,10.9,74,0.00,908.3,23.1,190
2025-01-21T14:00,10.3,81,0.30,908.0,22.7,195
2025-01-21T15:00,9.9,85,0.10,906.9,20.2,196
2025-01-21T16:00,10.3,81,0.20,907.0,24.3,204
2025-01-21T17:00,9.2,92,1.10,906.6,21.0,194
2025-01-21T18:00,9.0,91,0.10,906.6,23.2,207
2025-01-21T19:00,8.2,96,0.30,906.3,18.7,203
2025-01-21T20:00,7.9,95,0.10,906.5,18.8,194
2025-01-21T21:00,7.8,93,0.00,906.7,23.5,194
2025-01-21T22:00,7.4,92,0.00,906.5,22.1,194
2025-01-21T23:00,7.1,93,0.00,906.7,21.7,194
2025-01-22T00:00,7.4,91,0.00,906.7,22.4,193
2025-01-22T01:00,6.8,93,0.00,906.3,21.1,195
2025-01-22T02:00,7.4,93,0.10,905.9,22.9,188
2025-01-22T03:00,7.0,95,0.10,905.4,19.8,197
2025-01-22T04:00,7.4,95,0.00,904.7,21.8,191
2025-01-22T05:00,7.5,94,0.00,904.2,21.0,186
2025-01-22T06:00,7.0,94,0.00,903.7,20.7,181
2025-01-22T07:00,7.0,93,0.00,902.9,21.6,179
2025-01-22T08:00,7.4,90,0.10,903.3,24.9,185
2025-01-22T09:00,7.4,93,0.70,903.5,25.0,187
2025-01-22T10:00,8.2,87,0.00,903.4,30.6,198
2025-01-22T11:00,9.6,78,0.00,904.0,32.2,204
2025-01-22T12:00,11.2,72,0.00,904.6,28.1,214
2025-01-22T13:00,12.2,66,0.20,904.4,29.9,229
2025-01-22T14:00,10.6,74,0.20,904.6,27.3,222
2025-01-22T15:00,11.0,77,0.90,904.2,22.8,219
2025-01-22T16:00,10.7,75,0.50,904.2,27.2,216
2025-01-22T17:00,9.1,93,0.80,904.1,17.9,216
2025-01-22T18:00,8.9,92,0.40,904.0,17.8,216
2025-01-22T19:00,8.6,92,0.10,904.4,19.4,211
2025-01-22T20:00,8.6,90,0.20,904.8,21.1,209
2025-01-22T21:00,8.1,93,1.50,905.7,20.6,214
2025-01-22T22:00,7.8,94,2.70,905.9,13.1,213
2025-01-22T23:00,8.0,95,1.60,906.6,19.1,219
2025-01-23T00:00,8.1,96,0.60,907.7,19.4,242
2025-01-23T01:00,7.7,99,0.20,908.5,10.3,243
2025-01-23T02:00,7.8,98,1.00,908.9,7.8,224
2025-01-23T03:00,7.6,98,0.80,909.1,2.2,265
2025-01-23T04:00,7.4,100,0.30,909.8,6.4,10
2025-01-23T05:00,6.6,98,0.50,910.5,15.4,34
2025-01-23T06:00,5.9,97,0.10,911.0,16.7,50
2025-01-23T07:00,5.8,97,0.00,911.8,13.7,52
2025-01-23T08:00,5.8,97,0.00,912.6,14.2,55
2025-01-23T09:00,5.9,96,0.00,913.1,14.0,58
2025-01-23T10:00,6.2,94,0.00,913.9,16.6,61
2025-01-23T11:00,6.5,93,0.00,914.7,17.4,52
2025-01-23T12:00,6.0,95,0.00,915.8,17.2,48
2025-01-23T13:00,6.5,89,0.00,915.4,14.3,75
2025-01-23T14:00,10.3,71,0.00,914.7,3.1,93
2025-01-23T15:00,11.7,63,0.00,913.4,11.4,215
2025-01-23T16:00,12.0,62,0.00,913.0,17.1,228
2025-01-23T17:00,11.5,65,0.00,913.5,19.9,228
2025-01-23T18:00,9.9,74,0.00,913.9,17.0,229
2025-01-23T19:00,8.9,80,0.00,914.0,14.8,227
2025-01-23T20:00,8.5,83,0.00,914.3,13.9,223
2025-01-23T21:00,7.5,90,0.00,914.5,16.3,208
2025-01-23T22:00,7.2,93,0.00,914.1,17.5,201
2025-01-23T23:00,6.9,94,0.00,914.4,18.7,200
2025-01-24T00:00,6.8,93,0.00,914.5,20.0,202
2025-01-24T01:00,7.1,94,0.00,914.7,20.7,203
2025-01-24T02:00,7.8,96,0.00,915.2,20.7,209
2025-01-24T03:00,7.9,96,0.00,914.9,21.6,207
2025-01-24T04:00,8.3,95,0.00,915.1,21.7,207
2025-01-24T05:00,8.2,96,0.00,914.8,22.2,204
2025-01-24T06:00,8.0,97,0.00,914.7,22.9,203
2025-01-24T07:00,7.9,97,0.00,914.4,23.8,205
2025-01-24T08:00,7.6,98,0.00,914.4,25.3,203
2025-01-24T09:00,7.5,98,0.00,914.8,24.6,208
2025-01-24T10:00,7.8,97,0.00,915.3,22.1,202
2025-01-24T11:00,8.6,91,0.00,915.4,23.4,199
2025-01-24T12:00,9.4,85,0.00,915.2,29.1,205
2025-01-24T13:00,10.1,80,0.00,914.5,29.5,211
2025-01-24T14:00,10.9,75,0.00,914.2,31.4,215
2025-01-24T15:00,11.6,68,0.00,913.4,32.8,215
2025-01-24T16:00,11.8,64,0.00,912.9,32.1,215
2025-01-24T17:00,11.4,67,0.00,912.6,28.2,209
2025-01-24T18:00,10.4,74,0.00,911.8,22.0,205
2025-01-24T19:00,9.6,79,0.00,911.3,24.4,198
2025-01-24T20:00,9.3,79,0.00,910.8,25.6,201
2025-01-24T21:00,8.8,80,0.00,910.7,27.0,202
2025-01-24T22:00,8.5,78,0.00,910.3,31.6,206
2025-01-24T23:00,8.3,77,0.00,909.9,33.8,209
2025-01-25T00:00,8.2,78,0.00,910.0,33.2,216
2025-01-25T01:00,7.8,81,0.00,909.9,32.2,218
2025-01-25T02:00,7.6,86,0.00,909.7,32.9,212
2025-01-25T03:00,7.8,84,0.00,909.3,34.6,209
2025-01-25T04:00,7.8,85,0.00,908.9,33.1,205
2025-01-25T05:00,8.1,84,0.00,908.5,30.7,203
2025-01-25T06:00,8.1,82,0.00,908.1,29.4,203
2025-01-25T07:00,7.7,85,0.20,908.5,28.5,206
2025-01-25T08:00,7.5,87,0.20,909.0,28.1,212
2025-01-25T09:00,7.4,90,0.30,909.5,28.3,217
2025-01-25T10:00,7.3,91,0.10,910.1,28.3,218
2025-01-25T11:00,7.1,92,0.40,910.6,25.2,218
2025-01-25T12:00,7.9,89,0.10,911.3,26.5,225
2025-01-25T13:00,9.3,75,0.10,911.3,28.1,241
2025-01-25T14:00,8.5,77,0.10,911.4,25.3,240
2025-01-25T15:00,9.4,64,0.10,911.2,28.4,241
2025-01-25T16:00,9.2,58,0.10,911.1,28.4,244
2025-01-25T17:00,8.8,54,0.00,911.4,24.1,248
2025-01-25T18:00,7.0,60,0.00,912.4,20.3,253
2025-01-25T19:00,5.5,73,0.10,913.8,18.9,239
2025-01-25T20:00,4.0,83,0.00,913.8,14.5,224
2025-01-25T21:00,3.7,87,0.00,914.2,15.1,211
2025-01-25T22:00,3.6,88,0.00,914.6,15.9,211
2025-01-25T23:00,3.7,87,0.00,914.9,19.7,216
2025-01-26T00:00,3.4,88,0.00,915.1,19.8,211
2025-01-26T01:00,3.1,90,0.00,915.1,20.4,214
2025-01-26T02:00,3.2,91,0.00,914.7,22.8,209
2025-01-26T03:00,3.1,92,0.00,913.5,21.7,196
2025-01-26T04:00,3.3,91,0.00,913.3,21.0,194
2025-01-26T05:00,3.1,90,0.00,912.3,22.5,186
2025-01-26T06:00,3.9,82,0.00,910.6,27.6,190
2025-01-26T07:00,4.4,76,0.00,910.0,31.2,201
2025-01-26T08:00,5.4,66,0.00,909.3,32.7,205
2025-01-26T09:00,5.9,58,0.00,909.8,31.6,209
2025-01-26T10:00,6.3,58,0.00,909.9,33.3,209
2025-01-26T11:00,7.3,57,0.00,909.8,39.2,211
2025-01-26T12:00,7.9,60,0.00,908.7,45.6,208
2025-01-26T13:00,8.7,66,0.10,908.7,41.0,204
2025-01-26T14:00,10.1,53,0.00,907.5,44.2,208
2025-01-26T15:00,11.1,44,0.00,906.2,44.8,207
2025-01-26T16:00,10.7,50,0.00,905.7,45.4,207
2025-01-26T17:00,8.1,77,0.60,905.1,43.5,197
2025-01-26T18:00,8.9,79,0.10,904.0,48.3,200
2025-01-26T19:00,9.9,77,0.10,904.1,48.1,207
2025-01-26T20:00,10.7,77,0.20,903.8,48.1,211
2025-01-26T21:00,11.2,77,0.00,904.0,46.9,213
2025-01-26T22:00,11.7,78,0.00,903.7,46.4,215
2025-01-26T23:00,11.7,80,0.00,903.4,45.5,215
2025-01-27T00:00,11.6,80,0.00,903.3,42.8,217
2025-01-27T01:00,10.3,92,5.30,903.2,40.2,215
2025-01-27T02:00,10.7,91,0.70,902.6,41.8,216
2025-01-27T03:00,10.4,95,0.90,902.2,41.5,215
2025-01-27T04:00,10.7,94,0.20,902.9,36.4,230
2025-01-27T05:00,10.1,96,0.20,902.5,32.4,231
2025-01-27T06:00,9.7,97,0.70,902.4,29.0,237
2025-01-27T07:00,9.2,98,1.50,902.2,28.7,229
2025-01-27T08:00,9.0,97,2.10,902.5,26.5,233
2025-01-27T09:00,8.7,92,0.50,903.0,31.1,239
2025-01-27T10:00,8.3,81,0.10,904.0,34.4,238
2025-01-27T11:00,8.9,73,0.00,904.5,30.7,231
2025-01-27T12:00,9.8,65,0.10,904.7,36.1,242
2025-01-27T13:00,10.4,53,0.10,903.8,34.6,233
2025-01-27T14:00,9.9,57,0.00,903.8,39.0,232
2025-01-27T15:00,10.3,52,0.10,902.5,40.0,232
2025-01-27T16:00,6.3,91,2.50,902.4,30.1,244
2025-01-27T17:00,5.8,94,0.90,902.4,28.6,229
2025-01-27T18:00,4.9,95,2.00,903.4,39.2,240
2025-01-27T19:00,4.7,88,0.80,903.9,30.6,239
2025-01-27T20:00,4.4,86,0.00,905.0,28.0,236
2025-01-27T21:00,4.2,83,0.00,905.4,28.0,232
2025-01-27T22:00,3.2,86,0.10,905.7,28.2,232
2025-01-27T23:00,2.7,95,0.30,906.4,33.7,239
2025-01-28T00:00,2.9,92,0.10,906.7,31.7,234
2025-01-28T01:00,2.4,91,0.10,906.7,30.9,230
2025-01-28T02:00,2.6,85,0.00,906.5,35.7,231
2025-01-28T03:00,2.5,86,0.00,906.9,35.4,235
2025-01-28T04:00,2.1,90,0.20,906.9,32.7,232
2025-01-28T05:00,2.3,86,0.10,906.9,33.5,229
2025-01-28T06:00,1.8,86,0.00,907.1,31.1,229
2025-01-28T07:00,1.9,85,0.00,907.7,30.7,231
2025-01-28T08:00,1.9,84,0.00,908.1,31.6,228
2025-01-28T09:00,1.7,85,0.00,908.8,30.3,226
2025-01-28T10:00,2.3,84,0.00,909.8,32.6,226
2025-01-28T11:00,3.0,80,0.10,910.6,36.2,235
2025-01-28T12:00,4.2,70,0.10,911.5,37.6,240
2025-01-28T13:00,4.6,72,0.20,912.3,33.8,246
2025-01-28T14:00,4.7,75,0.10,913.2,33.9,244
2025-01-28T15:00,5.2,75,0.20,913.6,30.4,247
2025-01-28T16:00,6.0,72,0.20,914.1,27.4,247
2025-01-28T17:00,6.3,73,0.60,914.6,23.7,252
2025-01-28T18:00,5.5,74,0.10,915.6,22.0,259
2025-01-28T19:00,5.0,73,0.00,916.3,22.3,256
2025-01-28T20:00,4.0,78,0.00,916.6,21.2,248
2025-01-28T21:00,3.5,79,0.00,917.3,23.9,248
2025-01-28T22:00,3.0,81,0.00,918.4,20.4,233
2025-01-28T23:00,2.1,93,0.00,918.5,18.5,218
2025-01-29T00:00,1.8,93,0.00,918.5,20.8,220
2025-01-29T01:00,1.7,95,0.00,918.1,23.3,215
2025-01-29T02:00,2.3,93,0.00,917.6,25.0,221
2025-01-29T03:00,2.3,94,0.00,916.7,26.3,217
2025-01-29T04:00,3.2,90,0.00,916.0,28.0,216
2025-01-29T05:00,3.4,89,0.00,915.5,29.9,215
2025-01-29T06:00,3.3,90,0.00,914.5,30.7,212
2025-01-29T07:00,3.2,92,0.30,913.5,29.8,208
2025-01-29T08:00,3.4,87,0.00,912.3,32.0,210
2025-01-29T09:00,3.9,84,0.00,911.1,35.9,213
2025-01-29T10:00,4.3,87,0.00,910.5,34.7,209
2025-01-29T11:00,6.0,79,0.00,908.9,36.0,204
2025-01-29T12:00,6.6,76,0.10,907.3,36.6,193
2025-01-29T13:00,6.0,85,0.60,906.8,40.9,204
2025-01-29T14:00,6.2,90,0.60,905.6,34.9,205
2025-01-29T15:00,6.1,94,1.80,904.9,38.1,225
2025-01-29T16:00,5.6,89,0.30,904.8,31.1,226
2025-01-29T17:00,6.1,83,0.30,905.2,29.4,230
2025-01-29T18:00,5.9,72,0.10,905.0,25.7,227
2025-01-29T19:00,4.5,76,0.00,904.9,24.8,213
2025-01-29T20:00,3.7,78,0.00,905.3,23.3,214
2025-01-29T21:00,3.0,85,0.00,905.6,23.4,210
2025-01-29T22:00,2.6,88,0.00,906.3,24.5,214
2025-01-29T23:00,2.3,86,0.00,905.9,25.6,214
2025-01-30T00:00,2.0,90,0.00,906.7,25.2,222
2025-01-30T01:00,2.3,87,0.10,906.8,27.5,225
2025-01-30T02:00,2.5,93,0.00,907.8,23.5,232
2025-01-30T03:00,1.9,96,0.00,908.4,19.1,232
2025-01-30T04:00,1.8,97,0.00,908.8,18.4,228
2025-01-30T05:00,2.3,95,0.10,909.3,20.7,241
2025-01-30T06:00,2.1,96,0.30,910.2,19.1,252
2025-01-30T07:00,1.9,98,0.40,911.5,13.7,267
2025-01-30T08:00,1.9,97,0.40,912.4,16.7,295
2025-01-30T09:00,2.1,95,0.30,913.2,24.0,305
2025-01-30T10:00,2.5,90,0.40,914.0,36.8,328
2025-01-30T11:00,3.1,84,0.30,915.2,36.5,336
2025-01-30T12:00,3.7,82,0.20,916.9,31.4,341
2025-01-30T13:00,4.1,77,0.10,917.7,34.6,340
2025-01-30T14:00,4.2,76,0.00,918.8,36.7,342
2025-01-30T15:00,4.3,75,0.00,918.8,38.0,347
2025-01-30T16:00,3.6,79,0.00,919.6,38.5,352
2025-01-30T17:00,3.2,84,0.00,920.5,27.7,359
2025-01-30T18:00,2.3,87,0.10,921.8,22.7,349
2025-01-30T19:00,1.8,87,0.00,922.6,21.7,350
2025-01-30T20:00,1.3,86,0.00,922.9,20.4,357
2025-01-30T21:00,1.3,84,0.00,923.7,19.1,8
2025-01-30T22:00,1.3,84,0.00,924.2,19.7,14
2025-01-30T23:00,1.1,85,0.00,924.6,17.5,19
2025-01-31T00:00,0.7,89,0.00,925.3,15.0,26
2025-01-31T01:00,0.5,92,0.00,925.1,12.3,34
2025-01-31T02:00,0.2,85,0.00,925.2,8.2,50
2025-01-31T03:00,-0.0,87,0.00,925.0,6.6,55
2025-01-31T04:00,0.6,86,0.00,925.3,5.8,14
2025-01-31T05:00,0.4,90,0.00,924.9,6.7,355
2025-01-31T06:00,0.3,94,0.00,924.9,8.7,353
2025-01-31T07:00,0.5,96,0.00,925.4,6.3,355
2025-01-31T08:00,0.8,98,0.00,925.7,3.4,3
2025-01-31T09:00,1.4,95,0.00,926.1,5.1,48
2025-01-31T10:00,2.0,89,0.00,926.5,9.9,42
2025-01-31T11:00,2.7,81,0.00,926.8,11.7,23
2025-01-31T12:00,3.3,76,0.00,927.1,12.0,21
2025-01-31T13:00,4.1,70,0.00,926.5,10.0,30
2025-01-31T14:00,5.7,58,0.00,926.2,9.9,29
2025-01-31T15:00,6.3,57,0.00,925.8,8.6,31
2025-01-31T16:00,6.6,57,0.00,925.4,8.2,22
2025-01-31T17:00,6.3,59,0.00,925.1,6.6,17
2025-01-31T18:00,4.5,71,0.00,924.3,1.2,27
2025-01-31T19:00,1.9,78,0.00,923.5,3.3,126
2025-01-31T20:00,0.3,87,0.00,922.7,5.3,152
2025-01-31T21:00,0.4,84,0.00,922.7,6.0,175
2025-01-31T22:00,0.4,81,0.00,923.0,5.7,217
2025-01-31T23:00,0.1,82,0.00,923.1,4.8,225
2025-02-01T00:00,0.3,85,0.00,922.9,5.9,203
2025-02-01T01:00,2.0,78,0.00,923.1,9.1,210
2025-02-01T02:00,2.3,78,0.00,922.4,10.6,210
2025-02-01T03:00,2.5,77,0.00,921.8,11.3,207
2025-02-01T04:00,1.2,84,0.00,921.4,9.4,209
2025-02-01T05:00,0.1,88,0.00,920.4,11.7,198
2025-02-01T06:00,0.6,85,0.00,920.5,13.3,207
2025-02-01T07:00,0.7,86,0.00,920.3,13.2,192
2025-02-01T08:00,1.2,86,0.00,919.9,12.5,192
2025-02-01T09:00,1.8,87,0.10,919.9,11.0,198
2025-02-01T10:00,1.9,92,0.30,920.2,5.6,222
2025-02-01T11:00,2.3,96,0.10,920.0,6.8,233
2025-02-01T12:00,4.6,91,0.00,920.5,7.7,286
2025-02-01T13:00,7.0,78,0.10,919.9,22.8,342
2025-02-01T14:00,8.0,69,0.10,919.5,22.5,348
2025-02-01T15:00,8.3,66,0.00,919.0,20.8,348
2025-02-01T16:00,8.2,63,0.00,919.0,18.6,354
2025-02-01T17:00,7.7,64,0.20,919.0,18.4,2
2025-02-01T18:00,6.0,73,0.00,918.5,13.2,26
2025-02-01T19:00,3.5,90,0.00,918.1,10.7,44
2025-02-01T20:00,2.3,94,0.00,918.3,7.5,35
2025-02-01T21:00,2.1,96,0.00,918.5,8.6,57
2025-02-01T22:00,2.3,96,0.00,918.6,11.8,65
2025-02-01T23:00,2.4,96,0.00,918.6,14.0,61
2025-02-02T00:00,2.0,96,0.00,918.3,12.5,51
2025-02-02T01:00,1.4,98,0.00,917.8,9.5,32
2025-02-02T02:00,-0.6,97,0.00,916.6,5.4,40
2025-02-02T03:00,-1.3,99,0.00,916.0,3.1,69
2025-02-02T04:00,-1.6,99,0.00,915.9,3.8,107
2025-02-02T05:00,-1.4,96,0.00,915.0,5.4,110
2025-02-02T06:00,-1.0,93,0.00,915.6,0.4,153
2025-02-02T07:00,-1.2,93,0.00,915.6,0.6,214
2025-02-02T08:00,-1.5,96,0.00,915.7,1.5,240
2025-02-02T09:00,-1.0,98,0.00,916.1,6.2,221
2025-02-02T10:00,0.1,97,0.00,916.3,10.3,209
2025-02-02T11:00,2.4,87,0.00,916.4,10.7,209
2025-02-02T12:00,2.3,89,0.00,917.2,15.9,252
2025-02-02T13:00,1.2,94,0.00,917.1,11.2,237
2025-02-02T14:00,1.6,99,0.70,916.6,6.8,198
2025-02-02T15:00,1.7,98,0.70,916.5,6.5,231
2025-02-02T16:00,1.8,99,0.70,916.6,1.9,248
2025-02-02T17:00,1.8,99,0.90,916.7,2.7,143
2025-02-02T18:00,2.0,98,0.60,917.5,4.1,29
2025-02-02T19:00,2.2,97,0.20,918.2,11.5,11
2025-02-02T20:00,1.9,96,0.10,918.7,12.2,28
2025-02-02T21:00,1.9,95,0.00,918.8,13.6,40
2025-02-02T22:00,1.7,95,0.00,918.9,13.9,43
2025-02-02T23:00,1.0,97,0.00,919.1,10.9,45
2025-02-03T00:00,-0.0,97,0.00,918.9,8.7,50
2025-02-03T01:00,-0.8,98,0.00,919.0,6.8,50
2025-02-03T02:00,-0.7,98,0.00,918.9,8.8,35
2025-02-03T03:00,-0.8,99,0.00,919.2,10.4,44
2025-02-03T04:00,0.1,98,0.00,919.6,11.5,41
2025-02-03T05:00,0.9,98,0.00,920.2,12.2,43
2025-02-03T06:00,1.0,99,0.00,920.5,12.3,46
2025-02-03T07:00,1.0,100,0.00,920.8,13.4,49
2025-02-03T08:00,1.0,99,0.00,921.4,13.8,54
2025-02-03T09:00,1.1,98,0.00,921.7,14.7,62
2025-02-03T10:00,2.1,94,0.00,921.8,16.1,62
2025-02-03T11:00,3.8,87,0.00,922.3,18.9,55
2025-02-03T12:00,4.9,82,0.00,922.6,19.5,50
2025-02-03T13:00,6.0,72,0.00,922.5,18.4,49
2025-02-03T14:00,6.6,68,0.00,922.1,16.6,49
2025-02-03T15:00,7.3,65,0.00,921.5,16.2,46
2025-02-03T16:00,7.3,66,0.00,921.1,15.7,49
2025-02-03T17:00,6.8,69,0.00,920.9,14.9,48
2025-02-03T18:00,5.3,76,0.00,920.8,12.3,50
2025-02-03T19:00,2.9,88,0.00,920.3,10.1,70
2025-02-03T20:00,2.4,89,0.00,920.4,10.6,81
2025-02-03T21:00,2.3,88,0.00,920.8,11.3,76
2025-02-03T22:00,2.2,89,0.00,921.0,12.7,75
2025-02-03T23:00,1.9,91,0.00,921.1,13.1,81
2025-02-04T00:00,0.9,94,0.00,920.4,11.0,85
2025-02-04T01:00,-1.1,92,0.00,919.6,6.2,98
2025-02-04T02:00,-1.4,86,0.00,919.6,6.7,166
2025-02-04T03:00,-0.7,86,0.00,920.0,9.4,185
2025-02-04T04:00,-0.1,86,0.00,920.5,9.3,196
2025-02-04T05:00,-0.2,87,0.00,920.6,10.2,193
2025-02-04T06:00,-0.1,88,0.00,920.8,10.9,189
2025-02-04T07:00,-0.1,87,0.00,920.8,10.4,197
2025-02-04T08:00,-0.3,88,0.00,921.1,10.4,201
2025-02-04T09:00,0.4,88,0.00,921.9,11.9,202
2025-02-04T10:00,3.2,80,0.00,923.5,13.7,213
2025-02-04T11:00,5.5,71,0.00,924.8,12.6,222
2025-02-04T12:00,6.9,64,0.00,925.1,12.9,228
2025-02-04T13:00,8.0,59,0.00,925.3,13.5,240
2025-02-04T14:00,8.0,54,0.00,925.6,12.3,240
2025-02-04T15:00,8.5,50,0.00,925.3,10.8,238
2025-02-04T16:00,8.4,49,0.00,925.2,9.6,240
2025-02-04T17:00,7.5,55,0.00,925.3,7.7,240
2025-02-04T18:00,3.7,73,0.00,924.7,4.8,243
2025-02-04T19:00,1.7,76,0.00,924.7,4.5,236
2025-02-04T20:00,1.9,75,0.00,925.5,1.3,196
2025-02-04T21:00,1.5,76,0.00,925.8,0.6,124
2025-02-04T22:00,1.7,75,0.00,926.2,1.0,112
2025-02-04T23:00,1.8,76,0.00,927.0,1.4,50
2025-02-05T00:00,1.0,79,0.00,926.9,3.0,52
2025-02-05T01:00,0.1,82,0.00,926.9,6.2,64
2025-02-05T02:00,0.1,84,0.00,927.2,7.2,65
2025-02-05T03:00,0.3,85,0.00,927.5,7.8,67
2025-02-05T04:00,0.4,86,0.00,927.5,8.5,73
2025-02-05T05:00,0.4,85,0.00,927.5,9.2,74
2025-02-05T06:00,0.4,84,0.00,927.7,10.6,67
2025-02-05T07:00,0.5,82,0.00,928.1,12.8,62
2025-02-05T08:00,0.7,79,0.00,928.5,14.6,61
2025-02-05T09:00,1.3,77,0.00,929.2,15.6,54
2025-02-05T10:00,3.5,71,0.00,930.6,15.7,47
2025-02-05T11:00,5.4,71,0.00,931.2,17.2,43
2025-02-05T12:00,6.7,74,0.00,931.3,21.8,42
2025-02-05T13:00,7.7,69,0.00,931.2,19.6,38
2025-02-05T14:00,8.1,59,0.00,930.2,17.5,41
2025-02-05T15:00,8.3,57,0.00,929.6,16.7,40
2025-02-05T16:00,8.3,59,0.00,929.3,15.7,40
2025-02-05T17:00,7.8,64,0.00,928.9,15.1,41
2025-02-05T18:00,5.5,75,0.00,928.4,13.9,46
2025-02-05T19:00,2.9,87,0.00,928.0,16.1,50
2025-02-05T20:00,2.3,91,0.00,928.5,18.4,50
2025-02-05T21:00,1.9,96,0.00,929.0,19.6,49
2025-02-05T22:00,1.7,99,0.00,929.4,20.3,54
2025-02-05T23:00,1.5,97,0.00,928.6,21.6,68
2025-02-06T00:00,1.3,83,0.00,927.8,20.6,63
2025-02-06T01:00,0.7,87,0.00,927.5,16.8,52
2025-02-06T02:00,-0.1,100,0.00,927.8,17.6,52
2025-02-06T03:00,-0.1,99,0.00,927.5,17.1,61
2025-02-06T04:00,-0.1,95,0.00,925.9,15.5,72
2025-02-06T05:00,-0.7,91,0.00,924.5,11.9,68
2025-02-06T06:00,-1.9,95,0.00,924.4,10.9,63
2025-02-06T07:00,-2.3,98,0.00,924.1,12.4,71
2025-02-06T08:00,-2.3,97,0.00,923.6,11.3,72
2025-02-06T09:00,-1.6,88,0.00,923.8,9.1,80
2025-02-06T10:00,1.2,74,0.00,924.9,6.7,70
2025-02-06T11:00,3.9,64,0.00,925.7,3.6,57
2025-02-06T12:00,6.5,55,0.00,925.9,1.9,287
2025-02-06T13:00,7.9,51,0.00,925.4,6.0,275
2025-02-06T14:00,9.1,48,0.00,924.7,7.2,242
2025-02-06T15:00,10.1,42,0.00,923.7,7.7,234
2025-02-06T16:00,10.1,42,0.00,922.8,7.9,240
2025-02-06T17:00,9.2,46,0.00,922.2,8.9,242
2025-02-06T18:00,6.5,60,0.00,921.6,6.9,237
2025-02-06T19:00,3.0,75,0.00,920.3,7.0,212
2025-02-06T20:00,2.2,78,0.00,919.8,7.2,205
2025-02-06T21:00,1.2,84,0.00,919.8,9.1,198
2025-02-06T22:00,0.9,88,0.00,919.6,11.5,194
2025-02-06T23:00,1.0,88,0.00,919.3,13.4,195
2025-02-07T00:00,1.0,89,0.00,918.8,15.7,198
2025-02-07T01:00,1.1,85,0.00,918.4,16.8,196
2025-02-07T02:00,1.1,80,0.00,917.9,19.0,197
2025-02-07T03:00,1.3,75,0.00,917.1,20.7,195
2025-02-07T04:00,1.7,78,0.00,916.3,18.6,192
2025-02-07T05:00,2.1,80,0.00,915.1,20.0,184
2025-02-07T06:00,2.2,79,0.00,914.1,23.5,192
2025-02-07T07:00,1.7,78,0.00,913.2,23.1,185
2025-02-07T08:00,2.0,76,0.00,912.6,23.4,187
2025-02-07T09:00,3.7,71,0.00,912.6,24.4,195
2025-02-07T10:00,3.6,79,0.50,911.7,26.8,195
2025-02-07T11:00,2.6,94,0.90,912.5,22.8,215
2025-02-07T12:00,1.7,97,0.30,912.1,21.3,194
2025-02-07T13:00,2.2,95,0.30,911.4,22.7,191
2025-02-07T14:00,2.7,95,0.10,911.0,23.1,188
2025-02-07T15:00,2.9,93,0.00,910.3,24.6,185
2025-02-07T16:00,3.3,97,0.20,909.7,22.5,182
2025-02-07T17:00,5.2,91,0.00,909.0,24.0,202
2025-02-07T18:00,4.9,94,0.40,909.1,17.1,222
2025-02-07T19:00,4.8,94,0.30,909.9,11.4,266
2025-02-07T20:00,1.1,97,1.20,912.1,18.1,19
2025-02-07T21:00,0.6,96,0.10,912.6,12.7,46
2025-02-07T22:00,0.7,96,0.00,913.3,11.6,54
2025-02-07T23:00,-0.3,95,0.00,913.7,7.8,40
2025-02-08T00:00,-2.0,96,0.00,913.6,6.4,43
2025-02-08T01:00,-3.5,99,0.00,913.6,4.3,68
2025-02-08T02:00,-0.8,97,0.00,915.6,0.6,304
2025-02-08T03:00,-2.5,99,0.00,914.9,1.0,149
2025-02-08T04:00,-3.4,96,0.00,914.3,3.4,180
2025-02-08T05:00,-2.1,94,0.00,915.0,7.5,217
2025-02-08T06:00,-1.6,95,0.00,915.5,10.2,211
2025-02-08T07:00,-1.5,95,0.00,916.1,10.4,208
2025-02-08T08:00,-1.6,95,0.00,916.5,10.0,203
2025-02-08T09:00,-1.4,94,0.00,917.2,11.7,201
2025-02-08T10:00,-0.1,90,0.00,918.5,14.4,214
2025-02-08T11:00,1.4,81,0.00,919.2,12.8,220
2025-02-08T12:00,2.9,71,0.00,919.5,13.4,224
2025-02-08T13:00,4.1,63,0.00,919.5,12.5,231
2025-02-08T14:00,4.8,58,0.00,919.7,12.9,231
2025-02-08T15:00,5.5,56,0.00,919.1,14.5,231
2025-02-08T16:00,5.9,54,0.00,919.1,14.0,232
2025-02-08T17:00,5.8,55,0.00,918.9,14.0,232
2025-02-08T18:00,4.7,60,0.00,918.7,10.9,224
2025-02-08T19:00,3.6,66,0.00,918.7,10.6,214
2025-02-08T20:00,3.9,68,0.00,919.2,12.6,208
2025-02-08T21:00,3.7,72,0.00,919.6,13.3,203
2025-02-08T22:00,3.5,75,0.00,919.8,15.5,202
2025-02-08T23:00,2.9,78,0.00,920.0,14.7,202
2025-02-09T00:00,2.9,77,0.00,920.1,15.3,198
2025-02-09T01:00,3.7,73,0.00,920.4,17.2,200
2025-02-09T02:00,3.2,80,0.00,919.8,18.3,195
2025-02-09T03:00,3.5,83,0.10,920.0,18.3,195
2025-02-09T04:00,3.5,87,0.60,919.9,19.8,191
2025-02-09T05:00,3.4,87,0.00,919.8,19.0,193
2025-02-09T06:00,3.0,89,0.00,919.8,18.2,192
2025-02-09T07:00,3.3,89,0.00,919.9,16.6,189
2025-02-09T08:00,3.3,92,0.00,919.9,16.7,192
2025-02-09T09:00,3.4,94,0.00,920.4,16.7,194
2025-02-09T10:00,5.5,89,0.00,921.5,19.5,206
2025-02-09T11:00,6.7,87,0.00,922.1,19.7,208
2025-02-09T12:00,7.4,86,0.00,922.2,19.5,205
2025-02-09T13:00,8.1,86,0.00,922.0,20.3,210
2025-02-09T14:00,9.6,79,0.00,921.7,20.6,225
2025-02-09T15:00,9.6,78,0.00,921.2,20.1,226
2025-02-09T16:00,9.5,79,0.00,920.7,18.0,221
2025-02-09T17:00,9.8,76,0.00,920.5,18.1,213
2025-02-09T18:00,9.0,80,0.00,920.2,12.8,211
2025-02-09T19:00,7.6,87,0.00,919.8,10.9,200
2025-02-09T20:00,7.2,88,0.00,919.6,10.9,189
2025-02-09T21:00,7.3,87,0.00,919.5,12.1,186
2025-02-09T22:00,7.1,88,0.30,919.5,12.2,181
2025-02-09T23:00,6.5,91,0.00,919.1,12.2,178
2025-02-10T00:00,6.7,91,0.00,918.9,12.5,186
2025-02-10T01:00,6.9,90,0.00,918.6,12.6,184
2025-02-10T02:00,6.5,96,0.00,918.4,12.1,181
2025-02-10T03:00,6.2,96,0.00,917.7,12.3,177
2025-02-10T04:00,6.0,96,0.00,917.1,11.9,182
2025-02-10T05:00,5.7,96,0.00,916.7,10.3,187
2025-02-10T06:00,5.2,98,0.00,916.4,8.8,192
2025-02-10T07:00,5.2,97,0.00,916.2,6.8,191
2025-02-10T08:00,5.8,96,0.00,916.4,8.3,196
2025-02-10T09:00,6.1,96,0.10,917.1,13.6,197
2025-02-10T10:00,7.1,92,0.10,917.3,16.8,189
2025-02-10T11:00,8.7,85,0.00,917.9,14.9,197
2025-02-10T12:00,10.1,76,0.00,918.0,13.7,201
2025-02-10T13:00,11.8,66,0.00,917.4,16.9,207
2025-02-10T14:00,12.3,65,0.00,917.0,15.9,208
2025-02-10T15:00,11.4,71,0.60,916.1,15.1,221
2025-02-10T16:00,11.8,67,0.50,915.4,10.6,230
2025-02-10T17:00,11.9,64,0.00,915.1,11.1,222
2025-02-10T18:00,10.5,71,0.00,914.9,8.8,223
2025-02-10T19:00,8.1,83,0.00,914.4,6.3,173
2025-02-10T20:00,7.6,87,0.00,914.8,8.0,189
2025-02-10T21:00,6.5,88,0.00,914.4,10.6,170
2025-02-10T22:00,6.5,84,0.00,914.4,12.8,170
2025-02-10T23:00,6.5,86,0.00,914.4,11.3,163
2025-02-11T00:00,6.3,87,0.10,914.2,11.3,182
2025-02-11T01:00,5.9,89,0.00,914.0,13.1,182
2025-02-11T02:00,5.9,88,0.00,913.7,12.4,180
2025-02-11T03:00,5.8,87,0.00,913.4,13.4,175
2025-02-11T04:00,5.8,90,0.00,913.1,14.2,184
2025-02-11T05:00,5.5,92,0.00,913.1,14.4,189
2025-02-11T06:00,5.1,93,0.00,913.2,14.0,192
2025-02-11T07:00,5.0,94,0.00,912.9,13.5,190
2025-02-11T08:00,4.7,94,0.00,912.9,13.5,188
2025-02-11T09:00,5.2,92,0.00,913.3,14.1,191
2025-02-11T10:00,7.4,80,0.00,914.0,16.2,194
2025-02-11T11:00,9.0,72,0.00,914.2,18.5,195
2025-02-11T12:00,10.1,64,0.00,914.2,21.8,205
2025-02-11T13:00,11.1,59,0.00,913.9,21.2,215
2025-02-11T14:00,11.6,51,0.00,913.6,19.4,218
2025-02-11T15:00,11.9,45,0.00,912.7,21.2,217
2025-02-11T16:00,11.6,45,0.00,911.7,21.9,214
2025-02-11T17:00,11.7,45,0.00,911.3,21.1,214
2025-02-11T18:00,10.7,51,0.00,911.0,12.0,212
2025-02-11T19:00,8.1,62,0.00,910.4,9.9,190
2025-02-11T20:00,8.2,62,0.00,910.7,13.0,190
2025-02-11T21:00,7.6,69,0.00,910.9,14.1,185
2025-02-11T22:00,6.9,73,0.00,910.8,15.2,176
2025-02-11T23:00,6.7,78,0.10,911.1,15.7,179
2025-02-12T00:00,6.3,90,1.60,910.5,12.6,167
2025-02-12T01:00,6.4,91,0.50,910.3,14.2,168
2025-02-12T02:00,6.5,92,1.10,910.5,8.8,181
2025-02-12T03:00,6.4,94,1.50,910.7,7.6,168
2025-02-12T04:00,5.8,95,0.90,910.6,10.2,150
2025-02-12T05:00,5.7,96,0.20,910.4,7.6,183
2025-02-12T06:00,5.8,97,0.50,910.6,8.0,207
2025-02-12T07:00,5.7,98,0.60,911.0,7.0,222
2025-02-12T08:00,5.7,98,0.30,911.7,7.0,271
2025-02-12T09:00,5.4,97,0.40,912.7,16.7,6
2025-02-12T10:00,5.5,93,0.10,913.5,11.7,34
2025-02-12T11:00,5.9,91,0.10,914.4,8.1,31
2025-02-12T12:00,6.3,89,0.10,915.3,10.6,10
2025-02-12T13:00,7.4,79,0.10,915.7,10.1,3
2025-02-12T14:00,9.0,64,0.10,915.4,9.7,338
2025-02-12T15:00,8.8,67,0.10,915.1,9.7,294
2025-02-12T16:00,8.1,74,0.30,915.4,8.9,263
2025-02-12T17:00,8.5,71,0.20,915.5,2.3,198
2025-02-12T18:00,7.8,80,0.10,915.6,8.5,85
2025-02-12T19:00,5.5,93,0.00,915.8,11.8,82
2025-02-12T20:00,4.1,94,0.00,915.9,7.6,85
2025-02-12T21:00,3.7,94,0.00,916.1,6.8,55
2025-02-12T22:00,3.8,95,0.00,916.7,7.1,41
2025-02-12T23:00,3.1,97,0.00,916.9,6.5,30
2025-02-13T00:00,2.5,97,0.00,916.9,5.4,30
2025-02-13T01:00,2.2,98,0.00,916.7,3.8,65
2025-02-13T02:00,2.6,99,0.00,916.5,1.4,113
2025-02-13T03:00,2.6,97,0.00,916.5,1.1,162
2025-02-13T04:00,2.9,93,0.00,916.5,1.3,196
2025-02-13T05:00,2.4,95,0.00,916.5,3.7,219
2025-02-13T06:00,2.0,96,0.00,916.6,6.2,216
2025-02-13T07:00,1.8,96,0.00,916.8,8.5,197
2025-02-13T08:00,1.8,96,0.00,917.3,10.7,202
2025-02-13T09:00,2.5,95,0.00,917.8,13.9,200
2025-02-13T10:00,4.2,90,0.00,918.7,13.6,208
2025-02-13T11:00,6.2,81,0.00,919.0,12.3,214
2025-02-13T12:00,7.9,75,0.00,919.1,13.8,223
2025-02-13T13:00,9.3,72,0.00,918.6,14.9,226
2025-02-13T14:00,9.0,76,0.00,918.2,17.7,235
2025-02-13T15:00,9.3,77,0.00,917.7,18.1,235
2025-02-13T16:00,9.5,83,0.60,917.7,15.0,237
2025-02-13T17:00,9.3,85,0.10,917.7,12.1,235
2025-02-13T18:00,9.1,87,0.00,917.2,12.5,229
2025-02-13T19:00,8.2,91,0.00,917.3,10.8,227
2025-02-13T20:00,7.7,92,0.00,917.5,8.7,222
2025-02-13T21:00,7.5,93,0.00,917.4,7.6,195
2025-02-13T22:00,7.2,94,0.00,917.3,10.0,188
2025-02-13T23:00,6.9,93,0.00,916.9,10.9,189
2025-02-14T00:00,6.7,93,0.00,916.8,11.2,192
2025-02-14T01:00,6.4,94,0.00,916.5,10.7,193
2025-02-14T02:00,6.9,93,0.00,916.4,10.2,190
2025-02-14T03:00,6.6,93,0.00,915.9,10.9,189
2025-02-14T04:00,6.2,94,0.00,915.6,11.3,198
2025-02-14T05:00,6.1,95,0.00,915.6,11.9,200
2025-02-14T06:00,5.5,97,0.00,915.7,12.0,204
2025-02-14T07:00,4.7,98,0.00,915.8,10.7,205
2025-02-14T08:00,4.3,98,0.00,915.6,9.4,188
2025-02-14T09:00,5.2,98,0.00,916.2,11.0,191
2025-02-14T10:00,7.0,94,0.00,917.0,12.2,206
2025-02-14T11:00,8.7,87,0.00,917.5,13.3,218
2025-02-14T12:00,10.8,74,0.00,917.6,13.7,231
2025-02-14T13:00,11.9,66,0.00,917.2,11.6,231
2025-02-14T14:00,12.4,63,0.00,916.8,10.8,237
2025-02-14T15:00,12.8,59,0.00,916.1,9.4,234
2025-02-14T16:00,13.1,57,0.00,915.3,7.3,222
2025-02-14T17:00,12.9,56,0.00,914.9,7.5,228
2025-02-14T18:00,11.3,67,0.00,914.6,4.8,233
2025-02-14T19:00,8.2,77,0.00,913.6,5.1,212
2025-02-14T20:00,7.7,76,0.00,913.5,3.2,183
2025-02-14T21:00,6.6,79,0.00,912.9,4.1,151
2025-02-14T22:00,5.6,82,0.00,912.4,5.7,162
2025-02-14T23:00,5.2,84,0.00,912.1,7.0,167
2025-02-15T00:00,5.2,84,0.00,911.8,7.7,169
2025-02-15T01:00,4.7,81,0.00,911.3,7.8,172
2025-02-15T02:00,4.2,79,0.00,910.9,7.5,169
2025-02-15T03:00,4.3,76,0.00,910.5,7.8,172
2025-02-15T04:00,3.7,78,0.00,910.0,7.4,184
2025-02-15T05:00,3.6,80,0.00,909.9,7.6,183
2025-02-15T06:00,4.0,80,0.00,909.5,8.1,174
2025-02-15T07:00,5.3,78,0.00,909.5,10.6,171
2025-02-15T08:00,5.7,79,0.00,909.4,10.3,173
2025-02-15T09:00,6.9,75,0.00,910.1,10.1,177
2025-02-15T10:00,10.0,64,0.00,911.1,12.4,188
2025-02-15T11:00,12.7,55,0.00,911.4,13.5,199
2025-02-15T12:00,13.9,42,0.00,911.4,17.8,198
2025-02-15T13:00,14.7,40,0.00,911.0,15.9,205
2025-02-15T14:00,15.2,36,0.00,910.5,17.6,209
2025-02-15T15:00,15.4,33,0.00,909.9,19.7,209
2025-02-15T16:00,15.0,35,0.00,909.7,20.7,215
2025-02-15T17:00,14.0,46,0.00,909.7,16.3,222
2025-02-15T18:00,12.0,60,0.00,909.2,8.5,205
2025-02-15T19:00,10.4,66,0.00,908.7,11.8,196
2025-02-15T20:00,9.8,59,0.00,909.0,14.8,196
2025-02-15T21:00,8.9,57,0.00,909.3,17.0,196
2025-02-15T22:00,8.1,59,0.00,909.3,15.5,189
2025-02-15T23:00,7.4,59,0.00,909.4,14.7,186
2025-02-16T00:00,7.2,60,0.00,909.4,13.9,179
2025-02-16T01:00,7.7,58,0.00,909.8,13.7,183
2025-02-16T02:00,6.9,66,0.00,910.1,12.7,188
2025-02-16T03:00,6.5,66,0.00,909.9,11.7,190
2025-02-16T04:00,6.5,65,0.00,909.5,11.3,187
2025-02-16T05:00,5.8,66,0.00,908.9,9.7,183
2025-02-16T06:00,5.1,68,0.00,908.8,9.5,181
2025-02-16T07:00,5.0,67,0.00,909.0,10.5,184
2025-02-16T08:00,5.8,63,0.00,909.7,11.2,186
2025-02-16T09:00,7.0,59,0.00,910.5,12.3,187
2025-02-16T10:00,9.5,53,0.00,911.4,13.1,193
2025-02-16T11:00,11.7,49,0.00,912.3,11.8,213
2025-02-16T12:00,13.3,43,0.00,912.8,12.9,226
2025-02-16T13:00,14.5,37,0.00,913.0,13.6,239
2025-02-16T14:00,14.6,39,0.00,913.2,15.3,240
2025-02-16T15:00,14.9,40,0.00,912.9,13.5,241
2025-02-16T16:00,14.8,40,0.00,912.9,16.0,241
2025-02-16T17:00,13.9,42,0.00,912.7,16.3,242
2025-02-16T18:00,12.4,53,0.00,912.7,11.0,266
2025-02-16T19:00,9.3,76,0.50,913.2,9.1,252
2025-02-16T20:00,8.1,91,0.30,913.6,9.2,219
2025-02-16T21:00,7.6,91,0.10,913.3,8.8,195
2025-02-16T22:00,6.1,94,0.00,913.0,7.7,181
2025-02-16T23:00,6.1,93,0.00,913.6,9.7,190
2025-02-17T00:00,5.9,95,0.00,913.8,10.6,190
2025-02-17T01:00,6.3,95,0.00,914.0,9.9,185
2025-02-17T02:00,5.8,95,0.30,913.9,9.7,165
2025-02-17T03:00,6.1,94,0.10,913.6,10.5,177
2025-02-17T04:00,5.7,94,0.00,913.2,8.2,172
2025-02-17T05:00,5.0,95,0.00,913.2,6.3,185
2025-02-17T06:00,4.7,95,0.00,913.5,7.6,185
2025-02-17T07:00,5.6,95,0.00,913.7,6.8,183
2025-02-17T08:00,5.4,97,0.00,913.8,4.8,191
2025-02-17T09:00,6.2,95,0.00,914.2,5.8,196
2025-02-17T10:00,6.5,96,0.00,914.7,7.4,206
2025-02-17T11:00,7.5,90,0.00,915.2,10.1,207
2025-02-17T12:00,8.2,83,0.10,915.1,10.3,209
2025-02-17T13:00,9.7,71,0.10,915.0,11.3,209
2025-02-17T14:00,11.7,55,0.00,914.3,10.7,222
2025-02-17T15:00,12.0,53,0.00,913.6,11.6,226
2025-02-17T16:00,12.0,52,0.00,913.1,10.6,230
2025-02-17T17:00,11.5,54,0.00,912.9,10.9,234
2025-02-17T18:00,10.3,61,0.00,912.6,7.7,239
2025-02-17T19:00,6.9,77,0.00,911.5,5.2,241
2025-02-17T20:00,6.3,78,0.00,911.6,2.2,204
2025-02-17T21:00,5.1,83,0.00,911.0,2.4,132
2025-02-17T22:00,4.1,87,0.00,910.5,3.9,127
2025-02-17T23:00,3.4,89,0.00,909.9,5.1,135
2025-02-18T00:00,4.1,80,0.00,909.8,8.1,155
2025-02-18T01:00,6.1,68,0.00,910.5,11.8,168
2025-02-18T02:00,6.8,70,0.00,910.4,13.0,170
2025-02-18T03:00,7.2,71,0.00,910.0,15.8,168
2025-02-18T04:00,7.8,67,0.00,909.8,18.0,164
2025-02-18T05:00,8.0,66,0.00,909.4,18.8,165
2025-02-18T06:00,7.9,67,0.00,909.2,18.2,163
2025-02-18T07:00,7.9,66,0.00,909.1,16.7,166
2025-02-18T08:00,7.9,65,0.00,908.8,16.1,166
2025-02-18T09:00,8.6,62,0.00,908.9,17.7,165
2025-02-18T10:00,10.8,57,0.00,909.3,18.1,167
2025-02-18T11:00,12.7,57,0.00,909.8,14.7,173
2025-02-18T12:00,14.4,51,0.00,910.3,18.4,177
2025-02-18T13:00,15.5,47,0.00,910.4,19.5,189
2025-02-18T14:00,16.0,45,0.00,910.0,18.0,198
2025-02-18T15:00,16.1,42,0.00,909.4,19.1,209
2025-02-18T16:00,16.3,43,0.00,909.2,22.5,204
2025-02-18T17:00,15.4,46,0.00,909.1,18.9,209
2025-02-18T18:00,14.0,52,0.00,908.9,15.2,215
2025-02-18T19:00,11.7,60,0.00,908.9,14.6,213
2025-02-18T20:00,10.7,66,0.00,909.5,14.8,201
2025-02-18T21:00,9.6,71,0.00,909.8,13.7,197
2025-02-18T22:00,8.9,71,0.00,910.2,12.9,196
2025-02-18T23:00,8.1,73,0.00,910.2,12.0,197
2025-02-19T00:00,7.6,74,0.00,910.3,10.5,185
2025-02-19T01:00,7.4,73,0.00,910.8,10.3,176
2025-02-19T02:00,7.1,83,0.00,912.1,8.0,211
2025-02-19T03:00,6.3,88,0.00,912.5,6.4,190
2025-02-19T04:00,6.1,89,0.00,912.6,7.0,168
2025-02-19T05:00,5.2,89,0.00,912.1,6.2,163
2025-02-19T06:00,4.5,89,0.00,912.4,5.6,176
2025-02-19T07:00,4.5,87,0.00,913.0,4.7,176
2025-02-19T08:00,4.8,86,0.00,913.4,6.1,168
2025-02-19T09:00,7.0,82,0.00,914.8,9.6,177
2025-02-19T10:00,10.0,74,0.00,916.5,11.3,205
2025-02-19T11:00,11.7,66,0.00,917.3,11.6,222
2025-02-19T12:00,13.0,60,0.00,918.0,11.3,236
2025-02-19T13:00,13.8,57,0.00,918.3,12.0,246
2025-02-19T14:00,13.6,55,0.00,918.1,15.2,251
2025-02-19T15:00,13.7,56,0.00,918.1,12.6,244
2025-02-19T16:00,13.8,54,0.00,918.2,13.2,253
2025-02-19T17:00,13.5,56,0.00,918.5,12.5,258
2025-02-19T18:00,12.8,62,0.00,918.6,8.7,252
2025-02-19T19:00,9.4,79,0.00,918.1,7.1,264
2025-02-19T20:00,8.1,83,0.00,918.4,6.2,263
2025-02-19T21:00,7.8,83,0.00,919.0,2.9,240
2025-02-19T22:00,7.1,85,0.00,919.1,3.6,171
2025-02-19T23:00,7.1,86,0.00,919.1,6.5,166
2025-02-20T00:00,7.0,87,0.00,919.3,9.4,183
2025-02-20T01:00,6.8,88,0.00,919.9,11.7,195
2025-02-20T02:00,6.9,89,0.00,920.2,13.4,202
2025-02-20T03:00,6.5,90,0.00,920.5,14.8,194
2025-02-20T04:00,6.4,91,0.00,920.3,14.9,195
2025-02-20T05:00,6.1,94,0.00,920.3,15.4,198
2025-02-20T06:00,6.2,96,0.00,920.5,15.9,195
2025-02-20T07:00,6.3,96,0.00,920.6,16.5,196
2025-02-20T08:00,6.2,97,0.00,920.9,17.1,197
2025-02-20T09:00,6.8,96,0.00,921.8,17.8,200
2025-02-20T10:00,8.8,89,0.00,923.0,20.4,211
2025-02-20T11:00,10.2,82,0.00,923.4,21.3,221
2025-02-20T12:00,11.6,75,0.00,923.3,21.8,225
2025-02-20T13:00,13.1,65,0.00,922.9,21.7,228
2025-02-20T14:00,13.7,62,0.00,923.0,21.8,231
2025-02-20T15:00,14.0,61,0.00,922.8,20.7,232
2025-02-20T16:00,14.2,59,0.00,922.3,19.5,226
2025-02-20T17:00,14.0,59,0.00,922.0,19.4,232
2025-02-20T18:00,13.1,64,0.00,921.8,16.9,235
2025-02-20T19:00,11.6,72,0.00,921.1,13.9,228
2025-02-20T20:00,10.0,80,0.00,920.9,12.3,219
2025-02-20T21:00,9.1,84,0.00,920.5,12.6,205
2025-02-20T22:00,8.7,85,0.00,920.4,13.7,196
2025-02-20T23:00,8.6,84,0.00,920.4,15.2,194
2025-02-21T00:00,8.9,81,0.00,919.9,17.0,190
2025-02-21T01:00,9.2,79,0.00,919.7,17.2,190
