time,pred_temp1h,pred_temp2h,pred_temp3h,pred_temp4h,pred_temp5h,pred_temp6h,pred_temp7h,pred_temp8h,pred_temp9h,pred_temp10h,pred_temp11h,pred_temp12h,pred_temp13h,pred_temp14h,pred_temp15h,pred_temp16h,pred_temp17h,pred_temp18h,pred_temp19h,pred_temp20h,pred_temp21h,pred_temp22h,pred_temp23h,pred_temp24h
2025-05-17 16:00:00,22.363277538646525,21.45098261764626,19.866660440868426,18.091617439860773,16.71489030844577,15.769851856037324,14.955787219333514,14.22014446353172,13.54807360087107,12.827718327330192,12.101666389431545,11.554058651974122,11.08456915886326,10.798421721877268,11.442011959123498,13.106790229860172,14.847638058244506,16.257490490496107,17.43274179687187,18.403964462468863,19.13562981803875,19.55281088685187,19.71730782709688,19.561804256364727
2025-05-17 16:00:00,22.36327853041643,21.450983609416166,19.866659944983475,18.091617439860773,16.714890060503294,15.769851360152373,14.955786971391037,14.22014437055329,13.548073166971736,12.827718575272668,12.101665893546588,11.554058404031649,11.084568662978306,10.798420482164884,11.442012207065977,13.106791035673222,14.847638678100695,16.257490986381057,17.432742044814347,18.403964462468863,19.13562981803875,19.552810390966915,19.71730782709688,19.561804256364727
2025-05-17 18:00:00,22.95510532092858,21.809307101353447,20.29076356774452,18.912619445075485,18.01662128718013,17.215599478503357,16.40107497049099,15.616774154496666,14.803972908682598,14.11017029085056,13.495511593405338,12.947985552993972,13.10628864222992,14.51530011558636,16.337938402353217,17.8826480493499,19.20595770976913,20.29565745634853,21.05183837223914,21.52595744727392,21.80645526698708,21.93829173655358,21.74772909962386,21.026181780640897
2025-05-17 20:00:00,21.49136054585281,20.417501348221293,19.46716957187896,18.576556724576324,17.819725207626995,16.955879238333022,16.10865285324855,15.380195129499016,14.799074495128384,14.322085733868924,14.58465160984371,16.18220846013989,18.18184023591713,19.913403052450448,21.50170768128816,22.87363043133321,23.943438744781304,24.803369702369057,25.3525791482256,25.54791021486616,25.43667231037434,24.958360528059508,23.991792486576564,22.47385889146018
2025-05-17 20:00:00,21.49136054585281,20.417501348221293,19.46716957187896,18.576556724576324,17.819725207626995,16.955879238333022,16.10865285324855,15.380195129499016,14.799074495128384,14.322085733868924,14.58465160984371,16.18220846013989,18.18184023591713,19.913403052450448,21.50170768128816,22.87363043133321,23.943438744781304,24.803369702369057,25.3525791482256,25.54791021486616,25.43667231037434,24.958360528059508,23.991792486576564,22.47385889146018
2025-05-17 21:00:00,19.87252675986584,18.982627986895945,18.19915207552142,17.46910454461164,16.737597128399372,15.936863180937989,15.211643585933434,14.641715074958547,14.113407830732156,14.050968631802755,15.382474960571765,17.482757001203126,19.310043465579643,20.923246973806965,22.30573008981728,23.427710459200963,24.318718526811367,24.87499334148238,25.072822676517603,24.980454186268368,24.55099401424189,23.602930415675907,22.046288041105736,20.430113190238306
2025-05-17 21:00:00,,,,,,,,,,,,,,,,,,,,,,,,
2025-05-17 23:00:00,12.092684921157565,12.583498706972255,12.446659997939449,11.963801198545422,11.50037637841329,11.115900161981996,11.17192127692502,12.287024961718965,14.542062158716726,16.68042704801958,18.326724926259537,19.698762225728803,20.82552044663744,21.81300392368022,22.516278873904376,22.878261005027028,22.94228967019577,22.549006289051576,21.619573584065627,20.18158259403895,18.73470683330418,17.602270233795434,16.694882838235397,15.876116530332592
2025-05-18 00:00:00,14.406709678874543,14.166129296203184,13.637206565771333,13.008531122250808,12.431135823591765,12.194512664833272,12.831588709390616,14.724369240958463,16.87247783569412,18.55482555826832,19.98206725016254,21.13045597273366,22.08114131504769,22.79057168519703,23.17436382833526,23.27937044250403,22.99507563170353,22.18845032305459,20.86041636668537,19.35782247671404,18.165544464582126,17.218737934372726,16.39448267592196,15.625086673968656
2025-05-18 03:00:00,10.916007449656137,11.13865285129378,11.331090181289412,12.075991945974977,14.117737464244948,16.438820493423005,18.18060399472858,19.636962067540143,20.788601811865032,21.76949696141841,22.56481906844208,23.063875701892822,23.21469117627657,22.839196180176785,21.909104939972867,20.500640427719905,19.101240692413075,18.06501866685128,17.261192876706133,16.52264439004211,15.835805794537212,15.276911467600447,14.768150179656963,14.26933398842294
2025-05-18 04:00:00,10.716841208786844,11.423504045011876,12.318384478222516,14.191950211677824,16.54638438629589,18.316461595381305,19.79943430952088,20.968734996457165,21.95766992875823,22.764175729133427,23.297501979936108,23.482781458573484,23.13569273613793,22.24239566358314,20.872088010830947,19.475403245643378,18.432194696974683,17.620355653926854,16.851066019296034,16.10820134999858,15.499031231187605,14.939376278718113,14.3944697505725,13.944165519426644
2025-05-18 06:00:00,,,,,,,,,,,,,,,,,,,,,,,,
2025-05-18 06:00:00,12.796668119066254,14.786774874675087,17.075815460790484,18.71853057024293,20.05089508990922,21.182498106811487,22.102133612775297,22.75826378872032,23.15045820650708,23.263225420194832,22.87963063926801,21.93664093554408,20.438269010065056,18.966358497463467,17.901340680606626,17.093026139864303,16.348157847413084,15.672599890768092,15.09697583117658,14.515515453627328,13.933143112656165,13.47585483782818,13.064418720170158,12.833126324659528
2025-05-18 06:00:00,,,,,,,,,,,,,,,,,,,,,,,,
2025-05-18 08:00:00,14.409505664198049,16.6371204232789,18.39539854578574,19.808642397218502,20.81174724205982,21.41918250736171,21.71436546408159,21.850014297168983,21.61809485513492,20.93521565303956,19.598390152333472,17.956753096769486,16.724616595919592,15.849444862234964,15.121980582003726,14.463531276103414,13.904988035713576,13.369939514482503,12.791953616844092,12.29746408381314,11.96587945238466,11.656782707702904,11.88763798062721,13.435073693168984
2025-05-18 09:00:00,18.38022248267527,19.60700615339688,20.88977523534488,21.775101453160488,22.155546372864016,22.185661466077285,22.09025815991392,21.785689588683127,21.09024862895104,19.715213209054184,18.194521005942647,17.135186278592975,16.380905345900892,15.67581297732293,15.022663007961569,14.472257115683972,13.915820828475043,13.338606093924618,12.897202098898832,12.512102679052491,12.25063097322714,13.032643900018224,14.840388840083603,16.394155639795265
2025-05-18 10:00:00,19.96497855878723,21.04418488387007,22.02446563196633,22.342797490075668,22.276055342442525,22.07994276111559,21.73581348008127,20.909393931751868,19.41011205738356,18.02346648307533,17.130663807818976,16.458109674278536,15.778542983671151,15.19917158347325,14.71392565589971,14.186644521612914,13.694987824356057,13.320912980776868,12.912245264841824,13.005364896824055,14.446723131640429,16.203221089150578,17.48574669158651,18.45663637043737
2025-05-18 11:00:00,20.71836268354129,21.82384496052904,22.50047204513332,22.53460579000805,22.27472240368808,21.822620620579364,20.9863924678739,19.49688349416502,18.057199552907807,17.103963626336533,16.413745078990015,15.713482877799567,15.095018573265946,14.5864288615163,14.053403457916218,13.54642943232282,13.176540477605586,12.732796525456466,12.652220923223885,13.927104814558383,15.76699679841876,17.167021844651686,18.19118766728664,19.111340381256724
2025-05-18 12:00:00,21.69272554060499,22.31533339782268,22.534719843547308,22.40513518755369,21.97864437462752,21.12392963086341,19.61537024490401,18.153416606279524,17.158692960976236,16.434015616168104,15.6749831138536,15.0035270555566,14.416519894876709,13.812622086874727,13.30452175158836,12.954014522256069,12.479173190786828,12.397187043804612,13.657314421691934,15.462206566613848,16.920941911891486,18.037491597209225,19.00935122702872,19.78735703148351
2025-05-18 14:00:00,22.77710245809578,22.614137802356435,22.160911848058607,21.419341190546763,19.92434128275011,18.22588622512316,16.995810870081613,16.20600250785358,15.508948930253394,14.88543304570061,14.287725989426733,13.683878575733129,13.108127755550433,12.700994927517057,12.36100653378518,12.177738612460823,12.921526619541304,14.749606995728035,16.559949567135604,18.02652410969732,19.30540594949648,20.45938428726108,21.27102448044264,22.0017441834066
2025-05-18 15:00:00,23.10141419285684,22.522659921483303,21.69571324744856,20.17356760553893,18.35570593058464,16.955996515124475,16.065360609171513,15.361114220323865,14.711289221559928,14.108065941065655,13.51251951751888,12.9371812116317,12.480905068986193,12.152223596016745,11.954966512217617,12.45996855831583,14.130595730090937,16.055362576743292,17.651049444880616,19.02735234671808,20.245166946289544,21.11794826655684,21.85972074924468,22.386365942071684
2025-05-18 15:00:00,23.10141419285684,22.522659921483303,21.69571324744856,20.17356760553893,18.35570593058464,16.955996515124475,16.065360609171513,15.361114220323865,14.711289221559928,14.108065941065655,13.51251951751888,12.9371812116317,12.480905068986193,12.152223596016745,11.954966512217617,12.45996855831583,14.130595730090937,16.055362576743292,17.651049444880616,19.02735234671808,20.245166946289544,21.11794826655684,21.85972074924468,22.386365942071684
2025-05-18 15:00:00,,,,,,,,,,,,,,,,,,,,,,,,
2025-05-18 17:00:00,,,,,,,,,,,,,,,,,,,,,,,,
2025-05-18 18:00:00,,,,,,,,,,,,,,,,,,,,,,,,
2025-05-18 20:00:00,21.42998784049389,20.057065386383,18.671695228174634,17.700248670521233,16.946591561100387,16.186338685915835,15.45940357691538,14.70785633399954,13.982804534066055,13.32270399325691,12.733599115253366,12.838957063911543,14.07317293434182,15.66512244155744,17.13778868282784,18.43805605712257,19.473322512379376,20.10579302543304,20.46191875525734,20.618559886072337,20.55475040205295,20.24480395850373,19.56593993687516,18.47039420258143
2025-05-18 20:00:00,21.42998784049389,20.057065386383,18.671695228174634,17.700248670521233,16.946591561100387,16.186338685915835,15.45940357691538,14.70785633399954,13.982804534066055,13.32270399325691,12.733599115253366,12.838957063911543,14.07317293434182,15.66512244155744,17.13778868282784,18.43805605712257,19.473322512379376,20.10579302543304,20.46191875525734,20.618559886072337,20.55475040205295,20.24480395850373,19.56593993687516,18.47039420258143
2025-05-18 20:00:00,,,,,,,,,,,,,,,,,,,,,,,,
2025-05-18 21:00:00,,,,,,,,,,,,,,,,,,,,,,,,
2025-05-18 23:00:00,,,,,,,,,,,,,,,,,,,,,,,,
2025-05-18 23:00:00,,,,,,,,,,,,,,,,,,,,,,,,
2025-05-19 03:00:00,12.489619503212824,11.820974430759165,11.268639669984513,11.685508083334582,13.16678214356666,14.627694981659811,15.91128196385264,17.01136802077869,17.81841855077508,18.31289519079725,18.46326783991771,18.323564651452223,17.76355210394579,16.71640226166835,15.645732348113912,14.621979411688198,13.61416105639463,12.86493449307457,12.245035159471746,11.627035313182496,11.127173858452558,10.701461089018093,10.232254994158035,9.757103486650514
2025-05-19 04:00:00,10.9632390038021,10.933711286316,11.41672579358536,12.944619237988569,14.458380581079217,15.766818279835576,16.89256241601473,17.729268105930213,18.25459102152928,18.434605193732622,18.33295026596313,17.8478101478415,16.829281793298023,15.727669898370705,14.745356455865297,13.737827883341309,12.942667186869944,12.30833264227686,11.66632303831924,11.133405892603024,10.695231286349918,10.230205997531044,9.734015083225357,9.349080917039698
2025-05-19 04:00:00,10.9632390038021,10.933711286316,11.41672579358536,12.944619237988569,14.458380581079217,15.766818279835576,16.89256241601473,17.729268105930213,18.25459102152928,18.434605193732622,18.33295026596313,17.8478101478415,16.829281793298023,15.727669898370705,14.745356455865297,13.737827883341309,12.942667186869944,12.30833264227686,11.66632303831924,11.133405892603024,10.695231286349918,10.230205997531044,9.734015083225357,9.349080917039698
2025-05-19 06:00:00,10.394955591159754,12.026088067815737,13.81155113033967,15.271607978025015,16.49506004568795,17.506761056194534,18.166409287940663,18.45773872268853,18.42608241904044,18.10909639269432,17.260271770405396,16.148300590861382,15.284815873755882,14.372131869024145,13.504349317028485,12.858456252044794,12.22861343335861,11.67353618084979,11.23970180765035,10.809340860606229,10.308536728580084,9.856094024565978,9.523568451438631,9.322401314782816
2025-05-19 08:00:00,12.260189155701797,14.514622798725783,16.10298315263511,17.39615242970845,18.356227601555496,18.88796503696784,19.08217342007414,19.00426691860264,18.559402080502228,17.910479096468322,17.28547264373157,16.24598521575236,15.150698395389869,14.358227998761334,13.651904285858736,13.012170421923,12.502239527331565,11.996208519955276,11.463881973218426,11.07977543901981,10.810276595513084,10.711658963082492,11.59190731897642,13.243706482902551
2025-05-19 08:00:00,12.260189155701797,14.514622798725783,16.10298315263511,17.39615242970845,18.356227601555496,18.88796503696784,19.08217342007414,19.00426691860264,18.559402080502228,17.910479096468322,17.28547264373157,16.24598521575236,15.150698395389869,14.358227998761334,13.651904285858736,13.012170421923,12.502239527331565,11.996208519955276,11.463881973218426,11.07977543901981,10.810276595513084,10.711658963082492,11.59190731897642,13.243706482902551
2025-05-19 10:00:00,16.294594834183517,17.67900446323736,18.47831993178986,18.890142963682685,19.009067580835435,18.799430233292483,18.36909631197831,17.829101400323793,16.820199164493573,15.42846432290974,14.352034023781034,13.6369353786875,12.99596267016721,12.48034199162173,12.054035895840654,11.600892010502598,11.165706846690396,10.918994660614752,10.735382347190338,10.96605984535889,12.364331442396988,14.13413213363532,15.535632003704947,16.655553458762576
2025-05-19 10:00:00,16.294594834183517,17.67900446323736,18.47831993178986,18.890142963682685,19.009067580835435,18.799430233292483,18.36909631197831,17.829101400323793,16.820199164493573,15.42846432290974,14.352034023781034,13.6369353786875,12.99596267016721,12.48034199162173,12.054035895840654,11.600892010502598,11.165706846690396,10.918994660614752,10.735382347190338,10.96605984535889,12.364331442396988,14.13413213363532,15.535632003704947,16.655553458762576
2025-05-19 11:00:00,,,,,,,,,,,,,,,,,,,,,,,,
2025-05-19 11:00:00,,,,,,,,,,,,,,,,,,,,,,,,
2025-05-19 14:00:00,17.502909517762337,17.879290412331176,17.765553247674788,17.268635613970055,16.042496345745242,14.776296701640842,13.871037799264377,13.144353453086232,12.512587406594331,12.05630928040901,11.692157652615718,11.301828010195797,10.891545444910363,10.600057326977446,10.409738417502268,10.416407822181537,11.28028751165233,13.083272142122986,14.817600756983282,16.243919359036955,17.493012645864585,18.49190370831532,19.28698233582692,19.85423505159385
2025-05-19 15:00:00,,,,,,,,,,,,,,,,,,,,,,,,
2025-05-19 15:00:00,16.40992254982758,16.377691515518624,15.9017746095857,14.92502053329162,13.85844538973897,13.059456771356306,12.3832184605554,11.759243944406442,11.289903960608996,10.929676518393562,10.579828940020382,10.185004596383845,9.79419270584685,9.48291927416263,9.2715066584869,9.546530404200702,10.90049914362696,12.709458691899805,14.282925110244271,15.713721646404576,16.959781604972935,17.910209830938687,18.602008019803908,18.990440158450067
2025-05-19 16:00:00,,,,,,,,,,,,,,,,,,,,,,,,
2025-05-19 18:00:00,,,,,,,,,,,,,,,,,,,,,,,,
2025-05-19 18:00:00,15.548541128751458,14.655841349622907,13.62598090815562,12.968746024505917,12.495136719203122,12.03465968717582,11.607672245468924,11.198078712326089,10.768484651362227,10.32088079272232,9.94045694812931,9.64526209017055,9.467587503176826,9.87648580561515,11.122149800048303,12.528753999899005,13.81314366486716,15.00522818888886,15.973945953629933,16.62834648285787,16.96412258185403,17.010322943239633,16.71436714982005,15.964359753655414
2025-05-19 20:00:00,15.112954979968904,14.54048270315488,13.699762793549707,13.03112364072268,12.367660813973371,11.758575243546932,11.175316849142671,10.627417035447763,10.18345322030748,9.825326346754178,9.68600449381777,10.286946889483763,11.627369539641014,13.008598066719504,14.269278883207503,15.425947210886845,16.327799042713306,16.92119902823977,17.191770966785413,17.210025483685907,16.906282560902344,16.13844661301209,14.91541821705612,13.656493391173337
2025-05-19 20:00:00,15.112954979968904,14.54048270315488,13.699762793549707,13.03112364072268,12.367660813973371,11.758575243546932,11.175316849142671,10.627417035447763,10.18345322030748,9.825326346754178,9.68600449381777,10.286946889483763,11.627369539641014,13.008598066719504,14.269278883207503,15.425947210886845,16.327799042713306,16.92119902823977,17.191770966785413,17.210025483685907,16.906282560902344,16.13844661301209,14.91541821705612,13.656493391173337
2025-05-19 20:00:00,15.112954979968904,14.54048270315488,13.699762793549707,13.03112364072268,12.367660813973371,11.758575243546932,11.175316849142671,10.627417035447763,10.18345322030748,9.825326346754178,9.68600449381777,10.286946889483763,11.627369539641014,13.008598066719504,14.269278883207503,15.425947210886845,16.327799042713306,16.92119902823977,17.191770966785413,17.210025483685907,16.906282560902344,16.13844661301209,14.91541821705612,13.656493391173337
2025-05-19 22:00:00,12.930060799587416,12.492432658552834,11.931591735231931,11.392799592531617,10.87221213029399,10.357371726722512,9.885848113533257,9.470054034934488,9.375861679827052,10.161294105284783,11.77715456509183,13.407654106590556,14.8033417711083,15.993219266166957,16.87375920241342,17.4514428581728,17.748498028533827,17.81842946024405,17.45781969072963,16.499133988521702,15.067821267117829,13.749285832064825,12.764618950563914,11.977056451289329
2025-05-19 22:00:00,,,,,,,,,,,,,,,,,,,,,,,,
2025-05-19 23:00:00,,,,,,,,,,,,,,,,,,,,,,,,
2025-05-20 03:00:00,11.180517938475248,11.12156713522819,10.998512044357016,10.89854386925614,11.569426126676564,13.196287298287386,14.769153726831185,16.00349896124865,17.011059580337744,17.89019740187878,18.539272622593344,18.914089743961988,19.02903488436459,18.6520919042012,17.536336130693677,15.998056871828773,14.771110674813722,13.85569127570121,13.112197979247032,12.500296898027054,12.035610794516227,11.66277324588112,11.286037049743246,10.827697529807097
2025-05-20 04:00:00,10.50928856158752,10.699523914448068,10.657336502046965,11.232324279257783,12.824618798429656,14.437536986851978,15.69915477795922,16.71874705366998,17.612063465737947,18.31062007063156,18.73269254862392,18.914704641304063,18.67851265451246,17.742779731194968,16.24727972342292,14.96471042112548,14.017470193035216,13.24928816393678,12.609718127992489,12.11367325180554,11.732245984009548,11.376924579579484,10.953538502345854,10.482552428445963
2025-05-20 06:00:00,10.206238885968656,11.28922459822299,13.031726140940926,14.72969665698289,15.980178235722873,17.012576492409856,17.896862839478423,18.557719542855715,18.97121122761636,19.145029813213306,18.88037155067812,17.91051777549468,16.39897638536867,15.121085881576754,14.180581181324994,13.412219099499302,12.766607449226605,12.25996799101263,11.86105656359108,11.485670414238538,11.043994860215204,10.563977729546009,10.186559195712409,9.862996247230814
2025-05-20 06:00:00,10.206238885968656,11.28922459822299,13.031726140940926,14.72969665698289,15.980178235722873,17.012576492409856,17.896862839478423,18.557719542855715,18.97121122761636,19.145029813213306,18.88037155067812,17.91051777549468,16.39897638536867,15.121085881576754,14.180581181324994,13.412219099499302,12.766607449226605,12.25996799101263,11.86105656359108,11.485670414238538,11.043994860215204,10.563977729546009,10.186559195712409,9.862996247230814
2025-05-20 08:00:00,12.582490324919744,14.366598536772862,15.646427330875948,16.77241023566011,17.681604140104977,18.281844858562067,18.614793917439524,18.697963741805243,18.351894558833653,17.265717331019946,15.734201199090482,14.514650878211263,13.61605738244163,12.867273458427997,12.22688502635392,11.709728592108103,11.268972904673124,10.832719108786584,10.356787078362585,9.917693845233508,9.575510416755897,9.313773412480533,9.703003430016532,11.143734680295092
2025-05-20 08:00:00,12.582490324919744,14.366598536772862,15.646427330875948,16.77241023566011,17.681604140104977,18.281844858562067,18.614793917439524,18.697963741805243,18.351894558833653,17.265717331019946,15.734201199090482,14.514650878211263,13.61605738244163,12.867273458427997,12.22688502635392,11.709728592108103,11.268972904673124,10.832719108786584,10.356787078362585,9.917693845233508,9.575510416755897,9.313773412480533,9.703003430016532,11.143734680295092
2025-05-20 08:00:00,,,,,,,,,,,,,,,,,,,,,,,,
2025-05-20 10:00:00,,,,,,,,,,,,,,,,,,,,,,,,
2025-05-20 11:00:00,18.299115043830284,19.223048880569205,19.915230884388272,20.102845485270688,19.8830732410524,19.25598357562688,18.047816417821664,16.39709425402846,14.961682547600695,13.947212871932251,13.144578212941312,12.462176238127876,11.932246551312751,11.484809062074673,11.040475812644187,10.560227599586756,10.118208893175748,9.745013811489317,9.456145949649578,9.795269767965394,11.27553668585734,13.033345081342178,14.489279234504304,15.650740042314707
2025-05-20 11:00:00,18.299115043830284,19.223048880569205,19.915230884388272,20.102845485270688,19.8830732410524,19.25598357562688,18.047816417821664,16.39709425402846,14.961682547600695,13.947212871932251,13.144578212941312,12.462176238127876,11.932246551312751,11.484809062074673,11.040475812644187,10.560227599586756,10.118208893175748,9.745013811489317,9.456145949649578,9.795269767965394,11.27553668585734,13.033345081342178,14.489279234504304,15.650740042314707
2025-05-20 14:00:00,22.08367727069881,21.933993405778462,21.468076267871105,20.46159742180761,18.94224162864519,17.308468316670464,16.076410909470617,15.199845243182294,14.526674662659296,14.05644823801863,13.724202948364724,13.411499756388936,13.015617318233316,12.56758699853358,12.236904877720088,11.971425925587202,11.956166057919624,12.973149978776078,14.907444510978465,16.692942440413177,18.170733404733348,19.40846125637406,20.360704669211326,21.069319308612503
2025-05-20 15:00:00,21.79017189277592,21.416909866620784,20.617921186252502,19.00053984729372,17.193409618613558,15.8825997302119,14.998906027648134,14.38801704761782,13.989788779201447,13.737191229046903,13.517313733247285,13.212690056801058,12.814958215712146,12.503203031795806,12.29323046602443,12.149085388089851,12.662636490782775,14.379980860036047,16.427412412130103,18.108477528272616,19.54879521050013,20.68826147510672,21.56392388695262,22.158561353380016
2025-05-20 15:00:00,21.36361116007132,21.18379335830948,20.55746041332268,19.081769769722165,17.307463157870146,15.975291041565727,15.078638129575172,14.453928092069248,14.046599048558418,13.789084225725029,13.55886845843361,13.242562228372837,12.845300176291548,12.54335682000347,12.342572506531596,12.23989084896632,12.840912338282363,14.592201148329448,16.605454945759167,18.264330202011884,19.70507484118417,20.86593060736595,21.758380212535567,22.386919349679555
2025-05-20 16:00:00,,,,,,,,,,,,,,,,,,,,,,,,
2025-05-20 18:00:00,20.38459888568558,18.86155916320517,17.48620191397363,16.490702952545874,15.826127359961385,15.294151899771464,14.875905360150584,14.482211448250688,14.015526556464392,13.536900073161076,13.169711645913836,12.915408514958855,13.002017673389352,14.136167679382954,16.17608155359952,18.085028120601464,19.68017744944942,21.09465357499111,22.238996868113293,23.17101858844037,23.77608253189563,23.980402009199505,23.74697408513753,22.927814788409247
2025-05-20 18:00:00,20.38459888568558,18.86155916320517,17.48620191397363,16.490702952545874,15.826127359961385,15.294151899771464,14.875905360150584,14.482211448250688,14.015526556464392,13.536900073161076,13.169711645913836,12.915408514958855,13.002017673389352,14.136167679382954,16.17608155359952,18.085028120601464,19.68017744944942,21.09465357499111,22.238996868113293,23.17101858844037,23.77608253189563,23.980402009199505,23.74697408513753,22.927814788409247
2025-05-20 20:00:00,19.23873173810194,18.15298469048521,17.262874422582737,16.581124350526018,15.943312164755518,15.371406560471865,14.789947670577472,14.241441048663788,13.829597654495068,13.523464318294172,13.56322542760445,14.67645758059906,16.670912503420812,18.49907073354521,20.00791773277752,21.358529826954964,22.463594072927087,23.374162818404947,23.97373533188748,24.19861221581493,24.01386432584748,23.248212999118948,21.81901206577428,20.1158639529494
2025-05-20 20:00:00,19.23873173810194,18.15298469048521,17.262874422582737,16.581124350526018,15.943312164755518,15.371406560471865,14.789947670577472,14.241441048663788,13.829597654495068,13.523464318294172,13.56322542760445,14.67645758059906,16.670912503420812,18.49907073354521,20.00791773277752,21.358529826954964,22.463594072927087,23.374162818404947,23.97373533188748,24.19861221581493,24.01386432584748,23.248212999118948,21.81901206577428,20.1158639529494
2025-05-20 21:00:00,17.703526965947432,17.04364765181307,16.4528242845039,15.867044810997116,15.300637083190583,14.737995167704952,14.206289375951192,13.779764563912906,13.453204052874298,13.484249178317464,14.574502394490354,16.576073762276764,18.42986205415441,19.959995906776577,21.335671018263177,22.467232876714323,23.39447327432178,24.00433242527535,24.244595627533464,24.076788159340296,23.326598525455324,21.901514428992865,20.164095707046148,18.79585093569964
2025-05-20 21:00:00,17.703526965947432,17.04364765181307,16.4528242845039,15.867044810997116,15.300637083190583,14.737995167704952,14.206289375951192,13.779764563912906,13.453204052874298,13.484249178317464,14.574502394490354,16.576073762276764,18.42986205415441,19.959995906776577,21.335671018263177,22.467232876714323,23.39447327432178,24.00433242527535,24.244595627533464,24.076788159340296,23.326598525455324,21.901514428992865,20.164095707046148,18.79585093569964
2025-05-20 23:00:00,14.272446720260358,14.214097208511976,13.99236965893006,13.716031415183515,13.389827228476657,13.08225582591122,12.801978303088552,12.825547095062213,13.80446809562374,15.770173189487055,17.699094498292453,19.25070835149379,20.646725159649275,21.833863324240344,22.79071053298395,23.430724447947057,23.698118507769543,23.540132536961227,22.76577148691312,21.26711095639128,19.49678332540445,18.14455415039433,17.186993363202944,16.44524840213002
2025-05-21 00:00:00,,,,,,,,,,,,,,,,,,,,,,,,
2025-05-21 03:00:00,11.27436689325253,12.1851478774904,12.188357492850567,12.214341864402938,13.208087190679006,15.170139193069868,16.955322111588004,18.353953969044664,19.62891534240312,20.76271959261304,21.72739583299918,22.448272219640344,22.824522944408947,22.77381771616519,22.10678055067257,20.6709466601927,18.97937894868199,17.710072895273328,16.81618844699137,16.151970883343154,15.63833845551789,15.233538146333547,14.859540164922125,14.43831056737911
2025-05-21 04:00:00,10.78261861224336,11.819708684415891,11.897678163276463,12.890578439606506,14.85019384929376,16.70848942546871,18.110505201846617,19.40135472910847,20.57084236467215,21.587134278076288,22.359080368401884,22.791011039265644,22.831614099240987,22.34918349650413,21.09093344607153,19.32206222919252,17.89896737522018,16.902148120104293,16.169235613876882,15.600028119624078,15.163955755644825,14.777186877117616,14.354845629480566,13.886609175661048
2025-05-21 05:00:00,11.475537005218063,12.28841021633598,13.188591783668524,15.160007395675494,16.997823171222063,18.393323267256225,19.67213518727697,20.848560749222123,21.89088166382443,22.688876590746325,23.123082381775777,23.159591415576763,22.713881093630995,21.520020216728177,19.756147520178324,18.303313701729785,17.28416251568498,16.527860107980807,15.93227698894749,15.474804275909692,15.074102641821147,14.645094840843312,14.168561239985353,13.783468886499598
2025-05-21 05:00:00,11.475537005218063,12.28841021633598,13.188591783668524,15.160007395675494,16.997823171222063,18.393323267256225,19.67213518727697,20.848560749222123,21.89088166382443,22.688876590746325,23.123082381775777,23.159591415576763,22.713881093630995,21.520020216728177,19.756147520178324,18.303313701729785,17.28416251568498,16.527860107980807,15.93227698894749,15.474804275909692,15.074102641821147,14.645094840843312,14.168561239985353,13.783468886499598
2025-05-21 08:00:00,12.736388964000572,15.915313756465364,17.518835110979705,18.864411989341445,20.138421263589585,21.300519221579343,22.16149996761321,22.60535171275405,22.647603094314128,22.358760026722056,21.605768642851,20.036086973434088,18.373528531690813,17.19557985911163,16.369890749318426,15.737966205598331,15.241540241824785,14.824537443652371,14.407504458483428,13.936553096530268,13.540176447033076,13.297855322218812,13.099119385517737,13.592088225353807
2025-05-21 08:00:00,12.736388964000572,15.915313756465364,17.518835110979705,18.864411989341445,20.138421263589585,21.300519221579343,22.16149996761321,22.60535171275405,22.647603094314128,22.358760026722056,21.605768642851,20.036086973434088,18.373528531690813,17.19557985911163,16.369890749318426,15.737966205598331,15.241540241824785,14.824537443652371,14.407504458483428,13.936553096530268,13.540176447033076,13.297855322218812,13.099119385517737,13.592088225353807
2025-05-21 10:00:00,18.77898340901349,20.14455982342636,21.375493555322045,22.291286944667768,22.64208885363356,22.53423982691252,22.11101739171348,21.23034753360925,19.638683284213013,18.08711579625481,17.014486889192405,16.246326880485174,15.612395490359118,15.078167410783262,14.594914754765089,14.10227952153134,13.626143000549728,13.315581969586528,13.060477054647698,12.98130232740816,13.933852708527915,15.86834502134464,17.64586447180902,19.06171072747665
2025-05-21 10:00:00,18.73629118572994,20.11629537285876,21.35463564241678,22.28098344710832,22.64023424390825,22.53885949113737,22.12042879224196,21.24747490401092,19.662492208475303,18.11226906462547,17.039545443536984,16.271044265981892,15.635782912411113,15.099821343009792,14.615735848212568,14.123302192212334,13.648392552590778,13.339364425989436,13.0848718669823,13.010575655913222,13.972475467438704,15.905917728370431,17.67522904314549,19.08405381581701
2025-05-21 10:00:00,,,,,,,,,,,,,,,,,,,,,,,,
2025-05-21 12:00:00,,,,,,,,,,,,,,,,,,,,,,,,
2025-05-21 14:00:00,23.843281885455703,23.64842587660041,23.12847265121804,22.05159301833603,20.420059618695312,18.720958918859186,17.442077822887452,16.494837393343925,15.735316692292905,15.124848656602314,14.599208994489336,14.088772979087356,13.55249918812232,13.075357322383534,12.69273968275717,12.484409735893564,12.864006196442013,14.46944253467472,16.747394327421514,18.68016692671664,20.28080818142228,21.59952495540413,22.62083621630547,23.417009261908973
2025-05-21 15:00:00,23.84329477846449,23.228389502226243,22.127445564331005,20.37018103066869,18.57467434529364,17.243795744889876,16.26825565694707,15.514105389940177,14.927985429427336,14.431075729881854,13.94770153556091,13.429537261636746,12.947880673326353,12.565140054231572,12.331011940615555,12.616207278491231,14.1067229296481,16.373541950229498,18.347612096377045,19.97674243753412,21.346503625067783,22.423324247640352,23.27380760509803,23.757651479951765
2025-05-21 15:00:00,23.84329477846449,23.228389502226243,22.127445564331005,20.37018103066869,18.57467434529364,17.243795744889876,16.26825565694707,15.514105389940177,14.927985429427336,14.431075729881854,13.94770153556091,13.429537261636746,12.947880673326353,12.565140054231572,12.331011940615555,12.616207278491231,14.1067229296481,16.373541950229498,18.347612096377045,19.97674243753412,21.346503625067783,22.423324247640352,23.27380760509803,23.757651479951765
2025-05-21 15:00:00,23.84329477846449,23.228389502226243,22.127445564331005,20.37018103066869,18.57467434529364,17.243795744889876,16.26825565694707,15.514105389940177,14.927985429427336,14.431075729881854,13.94770153556091,13.429537261636746,12.947880673326353,12.565140054231572,12.331011940615555,12.616207278491231,14.1067229296481,16.373541950229498,18.347612096377045,19.97674243753412,21.346503625067783,22.423324247640352,23.27380760509803,23.757651479951765
2025-05-21 16:00:00,24.39109392751388,23.332033424543376,21.32516767906755,19.33033210255853,17.83452117492077,16.76802611678808,15.947842321746291,15.27890194980295,14.71573377641064,14.18485341615444,13.636314561718793,13.153225888656108,12.775020137459162,12.56135149318844,12.924341758421129,14.492489965605614,16.74372849790432,18.682937435950663,20.2981706012918,21.65024208488677,22.699082894854925,23.52538095137077,23.97971669619406,24.03401808211908
2025-05-21 18:00:00,23.07472268936108,20.94543584192686,18.99990908163313,17.580994537817023,16.61029230347851,15.80992580676751,15.14008645738947,14.527388489049557,13.906828419739282,13.36516606393652,12.939275085846964,12.651423540218994,12.967997238226449,14.476250849126528,16.614432446953522,18.478117114843965,20.06271996250536,21.416156121491785,22.50434788192824,23.33371943338456,23.7760319516304,23.83555302257373,23.4539616168582,22.45705533393301
2025-05-21 20:00:00,20.646545649296183,19.037428728968923,17.725326068494038,16.644376707800387,15.727493115384856,14.910318288254016,14.132325624750486,13.501411632579575,13.015450452946537,12.723691085944164,13.221401949617306,14.794529647545868,16.725441748481863,18.43186890056037,19.95725911771937,21.308139485656543,22.417817941119026,23.22750186815985,23.64411564458641,23.698157186795903,23.2944255096859,22.23795451794148,20.50125780448675,18.824996573829228
2025-05-21 20:00:00,20.65366953253514,19.04076008408512,17.726096177826495,16.65722459105516,15.739148147384498,14.920537361400166,14.139477432510876,13.50213717425186,13.010662683722524,12.71117990857267,13.194435477914944,14.755812376062265,16.690641286287438,18.408265272668743,19.94289085119781,21.29641825301564,22.40684202356292,23.218411305196152,23.63776137479496,23.69738955688821,23.304841077244795,22.266926100452466,20.54525420519745,18.859933652328287
2025-05-21 20:00:00,,,,,,,,,,,,,,,,,,,,,,,,
2025-05-21 22:00:00,17.801575818336598,16.669620723117493,15.780293209613788,14.97253102272381,14.21311826962856,13.5581243830612,13.087183434692058,12.733777385894074,12.878151438705832,14.16078672469487,16.078831819812578,17.83326584216152,19.40487947935645,20.817661661897706,21.98602413450237,22.85830361919694,23.355757552478657,23.518410792467336,23.27134801572972,22.40270634305248,20.817665133092376,19.087999076505387,17.78676745391899,16.855585266817837
2025-05-21 22:00:00,17.801575818336598,16.669620723117493,15.780293209613788,14.97253102272381,14.21311826962856,13.5581243830612,13.087183434692058,12.733777385894074,12.878151438705832,14.16078672469487,16.078831819812578,17.83326584216152,19.40487947935645,20.817661661897706,21.98602413450237,22.85830361919694,23.355757552478657,23.518410792467336,23.27134801572972,22.40270634305248,20.817665133092376,19.087999076505387,17.78676745391899,16.855585266817837
2025-05-22 00:00:00,16.652570462826063,15.632423043910098,14.798633095534338,14.147389152969373,13.65680040594504,13.246820888351689,13.277590115803967,14.408503666664307,16.188724140483636,17.87458967091647,19.414227902495863,20.80884631508308,21.961598825243144,22.81435135224708,23.30934272085076,23.491979132687096,23.26634552832093,22.406020838080263,20.81764430592434,19.11529357610435,17.841701589044405,16.938120854328297,16.231208340029283,15.643167135250549
2025-05-22 03:00:00,16.536671239773334,15.45605313022848,14.808762351518324,14.40833717329124,15.0201806078854,16.595218144725937,18.26712005075909,19.78227470659724,21.169414678203896,22.354814766033684,23.267501932032,23.83113865471956,24.07177476246254,23.914013923423013,23.139918667709864,21.603626915737745,19.88815011120418,18.583852679894072,17.651009526141877,16.92494915819902,16.324754804985062,15.805738554221932,15.31089124019718,14.77689312726841
2025-05-22 04:00:00,15.503389068157112,14.6978964227271,14.321216664495475,15.0397100450008,16.64424579417272,18.270190570389857,19.73461074077201,21.091318252795286,22.259249801375542,23.16444117041993,23.725443752235613,23.955953889232426,23.8009352939846,23.05101244620449,21.55222348147976,19.88556853413736,18.6234962024848,17.708948476141746,16.992494143571538,16.40262237948773,15.898949057121854,15.425069742461996,14.915238334789317,14.402921551730746
2025-05-22 06:00:00,15.265950178650458,16.031852175222884,17.518696263192783,19.02732358539079,20.3777502185957,21.66180413845767,22.73999836235085,23.49834728725724,23.894823175730707,23.960412886732406,23.61122557917453,22.606627128853912,20.9774303391131,19.532828706774115,18.478133974932376,17.687557734854174,17.04263381502607,16.527148513072838,16.079443989787414,15.63727205492584,15.162014366052697,14.710938011041758,14.305727171101717,14.078941192089722
2025-05-22 06:00:00,15.265950178650458,16.031852175222884,17.518696263192783,19.02732358539079,20.3777502185957,21.66180413845767,22.73999836235085,23.49834728725724,23.894823175730707,23.960412886732406,23.61122557917453,22.606627128853912,20.9774303391131,19.532828706774115,18.478133974932376,17.687557734854174,17.04263381502607,16.527148513072838,16.079443989787414,15.63727205492584,15.162014366052697,14.710938011041758,14.305727171101717,14.078941192089722
2025-05-22 08:00:00,16.185270301783973,17.303716499105565,18.399985481603668,19.60188812479398,20.745387917610618,21.59088812717269,22.06487331327008,22.20496230022922,21.924704984718403,20.96055537415265,19.41670088075792,18.087161913555462,17.10399660268593,16.31414856966163,15.687049482421994,15.212686927875156,14.807640597768366,14.406546160811196,14.016541555481751,13.622812451246578,13.12224603406992,12.896467321369297,13.893734871979364,15.549423803968311
2025-05-22 08:00:00,16.021709592330776,17.244007983649883,18.287943251717625,19.52788076671019,20.68959540563106,21.54202610330031,22.02441505170109,22.183629329538707,21.989858316961204,21.230045043787747,19.72981999623828,18.21874498591084,17.11370255887666,16.274348099483184,15.603572457327717,15.104178312180633,14.70410762970953,14.319955288138354,13.889027327642951,13.466121731936251,13.037887635456784,12.687532642805154,13.241007009188085,14.861101210755075
2025-05-22 10:00:00,17.52233159578535,18.89823233492569,20.075489991822472,20.88922728247149,21.284910746789603,21.347225137674823,21.053836788600897,20.27343585982172,18.736586237277148,17.143769799191944,15.986515397483435,15.103402252228737,14.403733129442424,13.904828825650762,13.508742547786532,13.103767563127397,12.6334025851315,12.219070623317506,11.85390094371511,11.496958987257695,11.918634261402476,13.551791560293978,15.286653375450296,16.58296730695492
2025-05-22 10:00:00,17.52233159578535,18.89823233492569,20.075489991822472,20.88922728247149,21.284910746789603,21.347225137674823,21.053836788600897,20.27343585982172,18.736586237277148,17.143769799191944,15.986515397483435,15.103402252228737,14.403733129442424,13.904828825650762,13.508742547786532,13.103767563127397,12.6334025851315,12.219070623317506,11.85390094371511,11.496958987257695,11.918634261402476,13.551791560293978,15.286653375450296,16.58296730695492
2025-05-22 11:00:00,18.384967605793296,19.41011354503842,20.235372226692167,20.67740754524911,20.854414671095707,20.69333140286914,20.13831564009453,18.912368031404167,17.24121193634076,15.935880584903044,14.956169670603735,14.141404503424978,13.522686956644272,13.059914473168192,12.62977791406543,12.127009829681786,11.64787537422944,11.329635006893984,11.002534911040575,11.015593049515548,12.28425643602475,14.09747910724102,15.525580415701771,16.56947576503077
2025-05-22 11:00:00,,,,,,,,,,,,,,,,,,,,,,,,
2025-05-22 14:00:00,20.877300257574973,20.518292940287104,20.20104657434052,19.484601415641944,18.379191041972422,16.770742822504673,15.498100703072756,14.549423012977735,13.73812851359424,13.009539256360846,12.39649032544524,11.821387998810208,11.232551642508868,10.817813550918132,10.637808056701468,10.46571812605169,10.857181857359786,12.401163297302563,14.07787206413043,15.386500554622568,16.387894348432553,17.253505172275283,17.982207863191743,18.18073887543587
2025-05-22 15:00:00,20.07601017513847,19.62586912113506,19.383462208223875,18.5519583514684,17.15392180389816,15.651425107377676,14.596119197331008,13.763952218421744,13.010239693857368,12.30140860067408,11.66613856911662,11.044868361560424,10.532742928108206,10.320083905602385,10.188167350615926,10.218730971769448,11.29081787657791,12.952377110140304,14.314521008906494,15.377258002920682,16.216739160919726,17.036021437116432,17.476297603801576,17.409197923117116
2025-05-22 15:00:00,20.07601017513847,19.62586912113506,19.383462208223875,18.5519583514684,17.15392180389816,15.651425107377676,14.596119197331008,13.763952218421744,13.010239693857368,12.30140860067408,11.66613856911662,11.044868361560424,10.532742928108206,10.320083905602385,10.188167350615926,10.218730971769448,11.29081787657791,12.952377110140304,14.314521008906494,15.377258002920682,16.216739160919726,17.036021437116432,17.476297603801576,17.409197923117116
2025-05-22 16:00:00,,,,,,,,,,,,,,,,,,,,,,,,
2025-05-22 18:00:00,,,,,,,,,,,,,,,,,,,,,,,,
2025-05-22 18:00:00,19.697489784938664,18.644874298706068,17.07703880897025,15.880136917591388,14.93628084086844,14.05994396350044,13.28041653606648,12.589003029953773,11.881357597693798,11.318790994735448,10.970586531154993,10.728561945542795,10.97409020629246,12.491439648933872,14.595110877264112,16.295281386901348,17.5937139868689,18.67574065762357,19.73297084923148,20.602285933675283,21.09809600833685,21.278087865717293,21.14509796774944,20.47793236805392
2025-05-22 20:00:00,18.99760172894548,17.508023579285613,16.198876145189857,15.140653005948604,14.149543370184889,13.28666964532746,12.478098360150572,11.73187357440963,11.166019502153446,10.700654036256616,10.4817366976978,11.114220103760251,13.03025373454337,15.17262481639823,16.8613119942009,18.22775025666257,19.45413027703221,20.577722272514087,21.417897669447736,21.87139437693006,21.978903722458085,21.71225001887085,20.86633227417812,19.364490641680923
2025-05-22 20:00:00,19.061593698627675,17.582074079360332,16.26038695450827,15.18026429601737,14.183949975755167,13.32129853132805,12.4974661387712,11.752867359792091,11.186882373908242,10.71912128780207,10.543528177899775,11.311199739928014,13.320562638057368,15.45183364516094,17.124109944333824,18.48897749120596,19.72821927960906,20.84035633266995,21.65761986122181,22.086822173072576,22.16830945979178,21.85937412566232,20.95759989983105,19.39935829628652
2025-05-22 21:00:00,17.521301146852416,16.204190544234258,15.05636719249551,13.98835621406061,13.098445477866216,12.301012884481356,11.602434212707328,11.05507169035931,10.563116129439669,10.40848209297311,11.294483706095102,13.39602386883858,15.531362682199603,17.172663279822785,18.53818415512088,19.802046631454804,20.92801887471247,21.75363260999277,22.19550874947971,22.291238347942343,21.989639631696804,21.082437945051776,19.498751988669014,17.76495372276626
2025-05-22 22:00:00,14.829306679176252,13.93125780455297,12.949341426427504,12.132002895276456,11.443895330176092,10.887087935065246,10.400616861728984,10.014915561520588,10.312126687699424,11.972988707017494,14.305094607858177,16.17114601065943,17.63336569156136,18.941196799048605,20.14187411051934,21.14459613217671,21.80524183650638,22.093492817464224,22.02299186188515,21.41848330957757,20.143973687411567,18.381035733998665,16.851606781837596,15.684975939489814
2025-05-22 23:00:00,13.316873439961752,12.644845874256086,11.914280391512596,11.269237211353229,10.747425905050882,10.26073019583078,9.930856615433624,10.4570627021345,12.354672843219287,14.618241244953444,16.339814831016465,17.734983180016876,19.02129808732337,20.185438595435727,21.16637291990041,21.8213442127096,22.11715148858567,22.05695601410585,21.45954010428518,20.189757257493927,18.465195344731143,16.99813731433997,15.8754465897607,14.976719267039291
2025-05-23 00:00:00,12.792555745148624,12.312573202454915,11.710334067636069,11.18079042725708,10.676418155049545,10.204121209275632,10.428914536588447,12.043777771754431,14.222080057468457,15.929067373587324,17.31915042239175,18.62131182926556,19.790865913412983,20.796933174965247,21.50049722611717,21.85624162041239,21.87231424351841,21.37440756727434,20.21245936654047,18.539524532149617,17.062309786145168,15.932942218612329,15.034800659991996,14.290653167313192
2025-05-23 03:00:00,10.43660571221397,10.45802174363416,10.082224257712864,9.98842340377605,11.258784452422836,13.320064955521124,15.000539100770554,16.352703872722365,17.65905972247358,18.796008627114784,19.798122693819423,20.57268209784885,21.030811362564805,21.068882929853608,20.509261387632844,19.37399626035053,17.830720464696284,16.466234005410755,15.411276206601295,14.543491609080204,13.808313807407735,13.215600901476869,12.684002189880207,12.093657103608486
2025-05-23 04:00:00,9.150590071476786,9.600226314597752,9.521764421978563,10.419034772721586,12.3915924697616,14.193113371821385,15.562265984546128,16.837597288079735,17.904636332006188,18.80053258554364,19.51192517245315,20.00932951723954,20.13746866859432,19.670335620781483,18.63117795629621,17.177544275418015,15.879597642704685,14.868606305551875,14.022063761314392,13.299622780163574,12.7219815225677,12.21835134219276,11.66799317884192,11.115514115545862
2025-05-23 06:00:00,8.748045542944961,9.809130744179743,11.78810320897551,13.74165561929575,15.284544376743955,16.60936896569548,17.605347943758023,18.325570010203325,18.859063374235262,19.26524918597909,19.36387475256894,18.957875393567548,17.927001239284497,16.443551979704814,15.162219786394594,14.179164314042207,13.382274032839389,12.718008244379469,12.184581576873745,11.704029634282422,11.179550714873857,10.678305493181764,10.360775976926844,10.094442615019442
2025-05-23 06:00:00,8.748045542944961,9.809130744179743,11.78810320897551,13.74165561929575,15.284544376743955,16.60936896569548,17.605347943758023,18.325570010203325,18.859063374235262,19.26524918597909,19.36387475256894,18.957875393567548,17.927001239284497,16.443551979704814,15.162219786394594,14.179164314042207,13.382274032839389,12.718008244379469,12.184581576873745,11.704029634282422,11.179550714873857,10.678305493181764,10.360775976926844,10.094442615019442
2025-05-23 08:00:00,,,,,,,,,,,,,,,,,,,,,,,,
2025-05-23 08:00:00,9.199700533710766,11.469121989519836,12.967266427776536,14.197298082956577,14.980597831201448,15.347373992095642,15.677721390565663,16.09071520683321,16.30948700315823,16.03873803368426,15.060763584520137,13.73119250876696,12.663835788542308,11.828233442647893,11.143847246179488,10.626138148153233,10.264166678557077,9.94917014264356,9.571946987481557,9.170535556067996,8.890135921575585,8.626243305408272,8.701018789284703,9.910045811598923
2025-05-23 10:00:00,15.24235473286056,15.75978811885279,16.430814182909668,16.71962551386473,16.992504805098033,17.174767319679592,17.12662879195406,16.611952030417168,15.366970621622215,14.02098110499372,12.965159536581249,12.04898902672855,11.255230197020134,10.63907231538988,10.147417508694408,9.672237239859594,9.21907376706588,8.920815827750651,8.710968224987504,8.598638877713505,9.43355541471752,11.08671807630834,12.498466586664462,13.59603794900676
2025-05-23 10:00:00,15.24235473286056,15.75978811885279,16.430814182909668,16.71962551386473,16.992504805098033,17.174767319679592,17.12662879195406,16.611952030417168,15.366970621622215,14.02098110499372,12.965159536581249,12.04898902672855,11.255230197020134,10.63907231538988,10.147417508694408,9.672237239859594,9.21907376706588,8.920815827750651,8.710968224987504,8.598638877713505,9.43355541471752,11.08671807630834,12.498466586664462,13.59603794900676
2025-05-23 11:00:00,,,,,,,,,,,,,,,,,,,,,,,,
2025-05-23 12:00:00,,,,,,,,,,,,,,,,,,,,,,,,
2025-05-23 14:00:00,19.892130083839284,19.29697292998084,18.75883907455601,18.043749665319737,16.658160821846973,15.291347174475655,14.33994341883555,13.495324830734804,12.64117657354422,11.885212359378194,11.261816540969726,10.738834946177615,10.33469664340592,10.153925998706333,10.03186069420192,10.216994630605504,11.491076056114345,13.237088216359094,14.717355568150374,15.916521236326622,16.906584802781374,17.81857153128317,18.62482864535429,19.0997213009162
2025-05-23 15:00:00,20.78548914201324,20.089141208701577,19.178482212162216,17.704343192580545,16.06085400671602,14.93882968952835,14.12056819250799,13.333552468380026,12.610903293030848,11.991104376131066,11.439901968647252,10.962032019825797,10.681279811131594,10.504333679134252,10.498907953917834,11.501377570133982,13.422744815503442,15.201617288062874,16.61707129873245,17.806280278888458,18.88057585527887,19.854637214290968,20.506693695344712,20.738375608486148
2025-05-23 15:00:00,20.78548914201324,20.089141208701577,19.178482212162216,17.704343192580545,16.06085400671602,14.93882968952835,14.12056819250799,13.333552468380026,12.610903293030848,11.991104376131066,11.439901968647252,10.962032019825797,10.681279811131594,10.504333679134252,10.498907953917834,11.501377570133982,13.422744815503442,15.201617288062874,16.61707129873245,17.806280278888458,18.88057585527887,19.854637214290968,20.506693695344712,20.738375608486148
2025-05-23 16:00:00,21.247064807154548,19.917212936546573,18.21886449418458,16.425022494597723,15.221598724313198,14.428368012080035,13.719879575399473,13.05397563099636,12.456463891408458,11.876518256434649,11.341559800308213,11.003612964929028,10.767293535704423,10.711507470229265,11.663405995081517,13.481454556677582,15.191783889439144,16.5911387471577,17.755663070223907,18.83204508255529,19.849368436662267,20.51632973175704,20.73310484731764,20.633456765954108
2025-05-23 16:00:00,,,,,,,,,,,,,,,,,,,,,,,,
2025-05-23 18:00:00,,,,,,,,,,,,,,,,,,,,,,,,
2025-05-23 20:00:00,,,,,,,,,,,,,,,,,,,,,,,,
2025-05-23 20:00:00,,,,,,,,,,,,,,,,,,,,,,,,
2025-05-23 21:00:00,,,,,,,,,,,,,,,,,,,,,,,,
2025-05-23 22:00:00,,,,,,,,,,,,,,,,,,,,,,,,
2025-05-23 23:00:00,13.289849507590429,12.166292843911474,11.54548306553441,11.094358671668624,10.739732497943072,10.429532161297772,10.18474475266832,10.37297375500786,11.784641932001549,13.746918880204346,15.321158290212564,16.673947319334946,17.995766349584585,19.17528524186836,20.19971165204626,20.911678969616627,21.23051018387393,21.18859749173695,20.64386687877852,19.394790699981776,17.67144246564217,16.28497689757199,15.30569560559909,14.559732213214147
2025-05-24 00:00:00,14.049479954180171,12.748669554868789,12.04609900922078,11.519410922345308,11.06665209167348,10.709274748227076,11.156686451447584,12.8149173052035,14.646442346218256,16.037423938558042,17.325497253908903,18.54900238126184,19.64267267866223,20.611350710621416,21.26386886056667,21.524918072411825,21.38309398400112,20.69230194570612,19.33450051147588,17.669330987511064,16.387267797794074,15.464328458328977,14.729538283725931,14.108741119422367
2025-05-24 03:00:00,10.152003700684904,10.300725548795867,10.139525995547755,10.382887982878977,12.01712469934255,14.029722781899974,15.50231845254296,16.697719052225736,17.751144070644578,18.56821990674162,19.284531176502803,19.853418329075783,20.10690430361336,19.76664391698461,18.82664142421929,17.360001424843738,15.918269478729444,14.874770155521263,14.075743787896531,13.40365832762257,12.884490955919924,12.483343583243991,12.079561573811231,11.59787008759725
2025-05-24 04:00:00,10.406276396700877,10.54428688187831,10.572094622403926,11.834749370934118,13.965643350509138,15.626765988362973,16.930227853526787,18.021512696359377,18.821290825573296,19.48337062918788,20.000819635556137,20.23676219221624,19.90397132063888,18.978104028467087,17.516461557650786,15.99518098704217,14.886822143426013,14.065463132037742,13.382701609640362,12.844917353107608,12.426987498015022,12.013768054093733,11.525693288818534,11.110160293647672
2025-05-24 05:00:00,8.77136602052826,9.714652263454258,10.949889532917071,13.205916702238458,15.082252387057222,16.510868610056345,17.70423037875367,18.51578156058612,19.16072655552473,19.684477267879394,19.964373083259265,19.69187487961257,18.813655189062544,17.39809109193334,15.832137237652775,14.67046456299608,13.826511204560171,13.130299763581911,12.58281488162167,12.165907045417814,11.76457445971183,11.288965746277372,10.866504742424103,10.59704928885079
2025-05-24 06:00:00,,,,,,,,,,,,,,,,,,,,,,,,
2025-05-24 06:00:00,,,,,,,,,,,,,,,,,,,,,,,,
2025-05-24 08:00:00,11.2552475529935,13.488943597199018,15.09565962853931,16.572543805236773,17.653609946836927,18.31042617961481,18.652278852828587,18.892738921413155,18.969051648644783,18.59074796016957,17.61659163918891,16.058267470799663,14.67737379003588,13.722173849121484,12.994972883800443,12.417059137422736,11.992292764421624,11.615308625807106,11.182785372424163,10.75769692214589,10.537263167399916,10.36963644927222,10.525597225931303,11.9454068420881
2025-05-24 09:00:00,14.851696008788512,15.86325426641417,17.288733583184403,18.271691118258516,18.825401215951118,19.054068644461505,19.188685540961103,19.119954398780315,18.603985113112675,17.467176791855724,15.82435779450557,14.486088400786745,13.551748790216756,12.815263680843373,12.223070679293215,11.763551201110715,11.32883935948643,10.86113133307026,10.477099429557114,10.310882016466667,10.156303519114878,10.508852182828626,12.145356085298635,13.975840790674203
2025-05-24 09:00:00,14.851696008788512,15.86325426641417,17.288733583184403,18.271691118258513,18.825401215951114,19.054068644461505,19.188685540961103,19.119954398780315,18.603985113112675,17.467176791855724,15.82435779450557,14.486088400786743,13.551748790216756,12.815263680843373,12.223070679293215,11.763551201110715,11.32883935948643,10.86113133307026,10.477099429557114,10.310882016466667,10.156303519114878,10.508852182828626,12.145356085298637,13.975840790674203
