t_s,red_x_cm,red_y_cm,green_x_cm,green_y_cm,blue_x_cm,blue_y_cm
0.0274,-0.135,-43.497,-0.320,-23.522,0.000,0.000
0.0659,-0.135,-43.497,-0.320,-23.522,0.000,0.000
0.0958,-0.135,-43.522,-0.320,-23.362,0.000,0.000
0.1336,-0.135,-43.472,-0.320,-23.682,0.000,0.000
0.1646,-0.135,-43.497,-0.320,-23.522,0.000,0.000
0.1974,-0.135,-43.497,-0.320,-23.522,0.000,0.000
0.2302,-0.135,-43.497,-0.320,-23.522,0.000,0.000
0.2629,-0.135,-43.522,-0.320,-23.362,0.000,0.000
0.2962,-0.135,-43.522,-0.320,-23.362,0.000,0.000
0.3310,-0.135,-43.497,-0.320,-23.522,0.000,0.000
0.3745,-0.135,-43.497,-0.320,-23.522,0.000,0.000
0.3968,-0.135,-43.522,-0.320,-23.362,0.000,0.000
0.4299,-0.135,-43.522,-0.320,-23.362,0.000,0.000
0.4639,-0.135,-43.497,-0.320,-23.522,0.000,0.000
0.4956,-0.135,-43.522,-0.320,-23.362,0.000,0.000
0.5296,-0.135,-43.497,-0.320,-23.522,0.000,0.000
0.5630,-0.135,-43.497,-0.320,-23.522,0.000,0.000
0.5985,-0.110,-43.622,-0.480,-22.722,0.000,0.000
0.6309,-0.135,-43.497,-0.320,-23.522,0.000,0.000
0.6626,-0.135,-43.497,-0.320,-23.522,0.000,0.000
0.6973,-0.135,-43.497,-0.320,-23.522,0.000,0.000
0.7309,-0.135,-43.522,-0.320,-23.362,0.000,0.000
0.7637,-0.135,-43.497,-0.320,-23.522,0.000,0.000
0.7988,-0.135,-43.522,-0.320,-23.362,0.000,0.000
0.8296,-0.135,-43.497,-0.320,-23.522,0.000,0.000
0.8630,-0.135,-43.497,-0.320,-23.522,0.000,0.000
0.8972,-0.135,-43.522,-0.320,-23.362,0.000,0.000
0.9295,-0.135,-43.522,-0.320,-23.362,0.000,0.000
0.9660,-0.135,-43.522,-0.320,-23.362,0.000,0.000
0.9960,-0.135,-43.522,-0.320,-23.362,0.000,0.000
1.0330,-0.135,-43.497,-0.320,-23.522,0.000,0.000
1.0656,-0.135,-43.497,-0.320,-23.522,0.000,0.000
1.0988,-0.135,-43.522,-0.320,-23.362,0.000,0.000
1.1283,-0.135,-43.497,-0.320,-23.522,0.000,0.000
1.1616,-0.135,-43.522,-0.320,-23.362,0.000,0.000
1.2016,-0.135,-43.522,-0.320,-23.362,0.000,0.000
1.2343,-0.160,-43.497,-0.160,-23.522,0.000,0.000
1.2659,-0.135,-43.497,-0.320,-23.522,0.000,0.000
1.2951,-0.135,-43.497,-0.320,-23.522,0.000,0.000
1.3301,-0.135,-43.497,-0.320,-23.522,0.000,0.000
1.3654,-0.135,-43.522,-0.320,-23.362,0.000,0.000
1.4045,-0.135,-43.522,-0.320,-23.362,0.000,0.000
1.4325,-0.135,-43.497,-0.320,-23.522,0.000,0.000
1.4644,-0.135,-43.497,-0.320,-23.522,0.000,0.000
1.4951,-0.135,-43.497,-0.320,-23.522,0.000,0.000
1.5300,-0.135,-43.522,-0.320,-23.362,0.000,0.000
1.5652,-0.135,-43.497,-0.320,-23.522,0.000,0.000
1.5974,-0.135,-43.497,-0.320,-23.522,0.000,0.000
1.6279,-0.135,-43.522,-0.320,-23.362,0.000,0.000
1.6682,-0.135,-43.497,-0.320,-23.522,0.000,0.000
1.6968,-0.135,-43.497,-0.320,-23.522,0.000,0.000
1.7323,-0.160,-43.497,-0.160,-23.522,0.000,0.000
1.7634,-0.135,-43.497,-0.320,-23.522,0.000,0.000
1.7966,-0.135,-43.522,-0.320,-23.362,0.000,0.000
1.8312,-0.135,-43.522,-0.320,-23.362,0.000,0.000
1.8658,-0.135,-43.522,-0.320,-23.362,0.000,0.000
1.8964,-0.135,-43.497,-0.320,-23.522,0.000,0.000
1.9340,-0.160,-43.497,-0.160,-23.522,0.000,0.000
1.9678,-0.135,-43.497,-0.320,-23.522,0.000,0.000
2.0015,-0.135,-43.497,-0.320,-23.522,0.000,0.000
2.0322,-0.135,-43.522,-0.320,-23.362,0.000,0.000
2.0646,-0.135,-43.497,-0.320,-23.522,0.000,0.000
2.0993,-0.135,-43.472,-0.320,-23.682,0.000,0.000
2.1303,-0.135,-43.497,-0.320,-23.522,0.000,0.000
2.1685,-0.135,-43.522,-0.320,-23.362,0.000,0.000
2.1986,-0.135,-43.497,-0.320,-23.522,0.000,0.000
2.2330,-0.135,-43.497,-0.320,-23.522,0.000,0.000
2.2652,-0.135,-43.522,-0.320,-23.362,0.000,0.000
2.2984,-0.135,-43.522,-0.320,-23.362,0.000,0.000
2.3357,-0.135,-43.497,-0.320,-23.522,0.000,0.000
2.4017,-0.135,-43.522,-0.320,-23.362,0.000,0.000
2.4269,-0.135,-43.522,-0.320,-23.362,0.000,0.000
2.4541,-0.135,-43.522,-0.320,-23.362,0.000,0.000
2.4753,-0.135,-43.522,-0.320,-23.362,0.000,0.000
2.4974,-0.135,-43.497,-0.320,-23.522,0.000,0.000
2.5319,-0.135,-43.522,-0.320,-23.362,0.000,0.000
2.5669,-0.135,-43.522,-0.320,-23.362,0.000,0.000
2.6008,-0.135,-43.497,-0.320,-23.522,0.000,0.000
2.6513,-0.135,-43.522,-0.320,-23.362,0.000,0.000
2.6744,-0.135,-43.497,-0.320,-23.522,0.000,0.000
2.7008,-0.135,-43.522,-0.320,-23.362,0.000,0.000
2.7317,-0.135,-43.522,-0.320,-23.362,0.000,0.000
2.7752,-0.135,-43.497,-0.320,-23.522,0.000,0.000
2.7993,-0.160,-43.497,-0.160,-23.522,0.000,0.000
2.8326,-0.135,-43.497,-0.320,-23.522,0.000,0.000
2.8677,-0.135,-43.522,-0.320,-23.362,0.000,0.000
2.8976,-0.135,-43.497,-0.320,-23.522,0.000,0.000
2.9329,-0.135,-43.522,-0.320,-23.362,0.000,0.000
2.9675,-0.160,-43.472,-0.160,-23.682,0.000,0.000
2.9977,-0.135,-43.522,-0.320,-23.362,0.000,0.000
3.0320,-0.135,-43.497,-0.320,-23.522,0.000,0.000
3.0651,-0.135,-43.497,-0.320,-23.522,0.000,0.000
3.0991,-0.160,-43.522,-0.160,-23.362,0.000,0.000
3.1316,-0.160,-43.522,-0.160,-23.362,0.000,0.000
3.1657,-0.135,-43.522,-0.320,-23.362,0.000,0.000
3.2016,-0.135,-43.522,-0.320,-23.362,0.000,0.000
3.2338,-0.135,-43.497,-0.320,-23.522,0.000,0.000
3.2675,-0.135,-43.497,-0.320,-23.522,0.000,0.000
3.2975,-0.135,-43.522,-0.320,-23.362,0.000,0.000
3.3335,-0.160,-43.522,-0.160,-23.362,0.000,0.000
3.3798,-0.135,-43.522,-0.320,-23.362,0.000,0.000
3.4032,-0.160,-43.522,-0.160,-23.362,0.000,0.000
3.4255,-0.160,-43.522,-0.160,-23.362,0.000,0.000
3.4730,-0.135,-43.522,-0.320,-23.362,0.000,0.000
3.5005,-0.135,-43.522,-0.320,-23.362,0.000,0.000
3.5345,-0.135,-43.522,-0.320,-23.362,0.000,0.000
3.5709,-0.135,-43.497,-0.320,-23.522,0.000,0.000
3.6030,-0.135,-43.522,-0.320,-23.362,0.000,0.000
3.6315,-0.135,-43.497,-0.320,-23.522,0.000,0.000
3.6676,-0.135,-43.497,-0.320,-23.522,0.000,0.000
3.6982,-0.135,-43.522,-0.320,-23.362,0.000,0.000
3.7297,-0.135,-43.522,-0.320,-23.362,0.000,0.000
3.7675,-0.135,-43.497,-0.320,-23.522,0.000,0.000
3.8008,-0.135,-43.522,-0.320,-23.362,0.000,0.000
3.8345,-0.135,-43.497,-0.320,-23.522,0.000,0.000
3.8673,-0.160,-43.522,-0.160,-23.362,0.000,0.000
3.8997,-0.135,-43.497,-0.320,-23.522,0.000,0.000
3.9331,-0.135,-43.522,-0.320,-23.362,0.000,0.000
3.9702,-0.135,-43.497,-0.320,-23.522,0.000,0.000
4.0035,-0.135,-43.497,-0.320,-23.522,0.000,0.000
4.0325,-0.135,-43.497,-0.320,-23.522,0.000,0.000
4.0762,-0.135,-43.497,-0.320,-23.522,0.000,0.000
4.1002,-0.135,-43.497,-0.320,-23.522,0.000,0.000
4.1319,-0.135,-43.497,-0.320,-23.522,0.000,0.000
4.1694,-0.160,-43.497,-0.160,-23.522,0.000,0.000
4.2062,-0.135,-43.522,-0.320,-23.362,0.000,0.000
4.2345,-0.135,-43.522,-0.320,-23.362,0.000,0.000
4.2639,-0.135,-43.522,-0.320,-23.362,0.000,0.000
4.2971,-0.135,-43.522,-0.320,-23.362,0.000,0.000
4.3330,-0.135,-43.522,-0.320,-23.362,0.000,0.000
4.3725,-0.135,-43.497,-0.320,-23.522,0.000,0.000
4.4091,-0.135,-43.497,-0.320,-23.522,0.000,0.000
4.4338,-0.135,-43.522,-0.320,-23.362,0.000,0.000
4.4673,-0.135,-43.522,-0.320,-23.362,0.000,0.000
4.4999,-0.135,-43.497,-0.320,-23.522,0.000,0.000
4.5333,-0.135,-43.522,-0.320,-23.362,0.000,0.000
4.5686,-0.135,-43.522,-0.320,-23.362,0.000,0.000
4.6002,-0.135,-43.497,-0.320,-23.522,0.000,0.000
4.6376,-0.135,-43.522,-0.320,-23.362,0.000,0.000
4.6687,-0.135,-43.522,-0.320,-23.362,0.000,0.000
4.7005,-0.135,-43.497,-0.320,-23.522,0.000,0.000
4.7334,-0.135,-43.522,-0.320,-23.362,0.000,0.000
4.7680,-0.135,-43.497,-0.320,-23.522,0.000,0.000
4.7996,-0.135,-43.497,-0.320,-23.522,0.000,0.000
4.8381,-0.135,-43.522,-0.320,-23.362,0.000,0.000
4.8657,-0.135,-43.522,-0.320,-23.362,0.000,0.000
4.9005,-0.135,-43.497,-0.320,-23.522,0.000,0.000
4.9374,-0.135,-43.522,-0.320,-23.362,0.000,0.000
4.9665,-0.135,-43.522,-0.320,-23.362,0.000,0.000
5.0006,-0.135,-43.522,-0.320,-23.362,0.000,0.000
5.0368,-0.135,-43.497,-0.320,-23.522,0.000,0.000
5.0669,-0.135,-43.497,-0.320,-23.522,0.000,0.000
5.1000,-0.160,-43.497,-0.160,-23.522,0.000,0.000
5.1331,-0.135,-43.497,-0.320,-23.522,0.000,0.000
5.1702,-0.135,-43.497,-0.320,-23.522,0.000,0.000
5.2044,-0.135,-43.497,-0.320,-23.522,0.000,0.000
5.2372,-0.135,-43.522,-0.320,-23.362,0.000,0.000
5.2673,-0.135,-43.497,-0.320,-23.522,0.000,0.000
5.3002,-0.135,-43.522,-0.320,-23.362,0.000,0.000
5.3349,-0.135,-43.522,-0.320,-23.362,0.000,0.000
5.3677,-0.135,-43.522,-0.320,-23.362,0.000,0.000
5.4014,-0.135,-43.497,-0.320,-23.522,0.000,0.000
5.4409,-0.135,-43.497,-0.320,-23.522,0.000,0.000
5.4672,-0.135,-43.522,-0.320,-23.362,0.000,0.000
5.5015,-0.135,-43.497,-0.320,-23.522,0.000,0.000
5.5348,-0.135,-43.522,-0.320,-23.362,0.000,0.000
5.5712,-0.135,-43.522,-0.320,-23.362,0.000,0.000
5.6059,-0.135,-43.522,-0.320,-23.362,0.000,0.000
5.6420,-0.135,-43.497,-0.320,-23.522,0.000,0.000
5.6767,-0.110,-43.497,-0.480,-23.522,0.000,0.000
5.7054,-0.135,-43.522,-0.320,-23.362,0.000,0.000
5.7419,-0.135,-43.522,-0.320,-23.362,0.000,0.000
5.7788,-0.135,-43.497,-0.320,-23.522,0.000,0.000
5.8069,-0.135,-43.522,-0.320,-23.362,0.000,0.000
5.8398,-0.135,-43.497,-0.320,-23.522,0.000,0.000
5.8713,-0.135,-43.497,-0.320,-23.522,0.000,0.000
5.9025,-0.135,-43.497,-0.320,-23.522,0.000,0.000
5.9384,-0.135,-43.497,-0.320,-23.522,0.000,0.000
5.9734,-0.135,-43.497,-0.320,-23.522,0.000,0.000
6.0054,-0.135,-43.497,-0.320,-23.522,0.000,0.000
6.0389,-0.135,-43.497,-0.320,-23.522,0.000,0.000
6.0718,-0.135,-43.497,-0.320,-23.522,0.000,0.000
6.1036,-0.135,-43.522,-0.320,-23.362,0.000,0.000
6.1458,-0.135,-43.472,-0.320,-23.682,0.000,0.000
6.1725,-0.135,-43.497,-0.320,-23.522,0.000,0.000
6.2040,-0.135,-43.522,-0.320,-23.362,0.000,0.000
6.2395,-0.135,-43.497,-0.320,-23.522,0.000,0.000
6.2707,-0.135,-43.522,-0.320,-23.362,0.000,0.000
6.3032,-0.160,-43.497,-0.160,-23.522,0.000,0.000
6.3365,-0.135,-43.497,-0.320,-23.522,0.000,0.000
6.3721,-0.135,-43.522,-0.320,-23.362,0.000,0.000
6.4042,-0.135,-43.522,-0.320,-23.362,0.000,0.000
6.4371,-0.160,-43.497,-0.160,-23.522,0.000,0.000
6.4706,-0.135,-43.522,-0.320,-23.362,0.000,0.000
6.5013,-0.135,-43.497,-0.320,-23.522,0.000,0.000
6.5441,-0.160,-43.447,-0.160,-23.842,0.000,0.000
6.5739,-0.135,-43.497,-0.320,-23.522,0.000,0.000
6.6056,-0.135,-43.497,-0.320,-23.522,0.000,0.000
6.6358,-0.135,-43.522,-0.320,-23.362,0.000,0.000
6.6744,-0.160,-43.497,-0.160,-23.522,0.000,0.000
6.7101,-0.135,-43.497,-0.320,-23.522,0.000,0.000
6.7367,-0.135,-43.522,-0.320,-23.362,0.000,0.000
6.7746,-0.135,-43.497,-0.320,-23.522,0.000,0.000
6.8049,-0.135,-43.497,-0.320,-23.522,0.000,0.000
6.8372,-0.135,-43.522,-0.320,-23.362,0.000,0.000
6.8691,-0.160,-43.522,-0.160,-23.362,0.000,0.000
6.9026,-0.135,-43.497,-0.320,-23.522,0.000,0.000
6.9366,-0.135,-43.497,-0.320,-23.522,0.000,0.000
6.9710,-0.135,-43.497,-0.320,-23.522,0.000,0.000
7.0023,-0.135,-43.522,-0.320,-23.362,0.000,0.000
7.0361,-0.135,-43.497,-0.320,-23.522,0.000,0.000
7.0722,-0.135,-43.497,-0.320,-23.522,0.000,0.000
7.1040,-0.135,-43.522,-0.320,-23.362,0.000,0.000
7.1360,-0.135,-43.522,-0.320,-23.362,0.000,0.000
7.1738,-0.135,-43.522,-0.320,-23.362,0.000,0.000
7.2040,-0.135,-43.522,-0.320,-23.362,0.000,0.000
7.2401,-0.135,-43.522,-0.320,-23.362,0.000,0.000
7.2696,-0.135,-43.497,-0.320,-23.522,0.000,0.000
7.3058,-0.135,-43.522,-0.320,-23.362,0.000,0.000
7.3475,-0.135,-43.522,-0.320,-23.362,0.000,0.000
7.3703,-0.135,-43.522,-0.320,-23.362,0.000,0.000
7.4057,-0.135,-43.497,-0.320,-23.522,0.000,0.000
7.4385,-0.135,-43.522,-0.320,-23.362,0.000,0.000
7.4721,-0.135,-43.497,-0.320,-23.522,0.000,0.000
7.5044,-0.135,-43.497,-0.320,-23.522,0.000,0.000
7.5368,-0.135,-43.522,-0.320,-23.362,0.000,0.000
7.5740,-0.135,-43.522,-0.320,-23.362,0.000,0.000
7.6030,-0.160,-43.497,-0.160,-23.522,0.000,0.000
7.6419,-0.135,-43.497,-0.320,-23.522,0.000,0.000
7.6777,-0.135,-43.522,-0.320,-23.362,0.000,0.000
7.7113,-0.135,-43.497,-0.320,-23.522,0.000,0.000
7.7443,-0.135,-43.522,-0.320,-23.362,0.000,0.000
7.7761,-0.135,-43.497,-0.320,-23.522,0.000,0.000
7.8090,-0.160,-43.497,-0.160,-23.522,0.000,0.000
7.8438,-0.135,-43.497,-0.320,-23.522,0.000,0.000
7.8781,-0.135,-43.522,-0.320,-23.362,0.000,0.000
7.9111,-0.135,-43.497,-0.320,-23.522,0.000,0.000
7.9435,-0.135,-43.522,-0.320,-23.362,0.000,0.000
7.9771,-0.135,-43.497,-0.320,-23.522,0.000,0.000
8.0089,-0.135,-43.497,-0.320,-23.522,0.000,0.000
8.0433,-0.135,-43.522,-0.320,-23.362,0.000,0.000
8.0751,-0.135,-43.522,-0.320,-23.362,0.000,0.000
8.1090,-0.135,-43.497,-0.320,-23.522,0.000,0.000
8.1430,-0.135,-43.522,-0.320,-23.362,0.000,0.000
8.1795,-0.135,-43.522,-0.320,-23.362,0.000,0.000
8.2190,-0.160,-43.497,-0.160,-23.522,0.000,0.000
8.2486,-0.135,-43.497,-0.320,-23.522,0.000,0.000
8.2754,-0.135,-43.522,-0.320,-23.362,0.000,0.000
8.3108,-0.135,-43.497,-0.320,-23.522,0.000,0.000
8.3396,-0.135,-43.522,-0.320,-23.362,0.000,0.000
8.3771,-0.135,-43.497,-0.320,-23.522,0.000,0.000
8.4105,-0.135,-43.497,-0.320,-23.522,0.000,0.000
8.4375,-0.135,-43.522,-0.320,-23.362,0.000,0.000
8.4723,-0.135,-43.497,-0.320,-23.522,0.000,0.000
8.5069,-0.160,-43.497,-0.160,-23.522,0.000,0.000
8.5372,-0.135,-43.497,-0.320,-23.522,0.000,0.000
8.5733,-0.135,-43.497,-0.320,-23.522,0.000,0.000
8.6067,-0.135,-43.522,-0.320,-23.362,0.000,0.000
8.6433,-0.135,-43.522,-0.320,-23.362,0.000,0.000
8.6701,-0.135,-43.522,-0.320,-23.362,0.000,0.000
8.7033,-0.135,-43.522,-0.320,-23.362,0.000,0.000
8.7369,-0.135,-43.497,-0.320,-23.522,0.000,0.000
8.7723,-0.135,-43.497,-0.320,-23.522,0.000,0.000
8.8074,-0.135,-43.522,-0.320,-23.362,0.000,0.000
8.8389,-0.135,-43.522,-0.320,-23.362,0.000,0.000
8.8726,-0.135,-43.497,-0.320,-23.522,0.000,0.000
8.9101,-0.135,-43.497,-0.320,-23.522,0.000,0.000
8.9418,-0.135,-43.497,-0.320,-23.522,0.000,0.000
8.9715,-0.135,-43.497,-0.320,-23.522,0.000,0.000
9.0076,-0.135,-43.522,-0.320,-23.362,0.000,0.000
9.0397,-0.135,-43.497,-0.320,-23.522,0.000,0.000
9.0717,-0.135,-43.497,-0.320,-23.522,0.000,0.000
9.1061,-0.160,-43.497,-0.160,-23.522,0.000,0.000
9.1379,-0.135,-43.522,-0.320,-23.362,0.000,0.000
9.1746,-0.135,-43.522,-0.320,-23.362,0.000,0.000
9.2055,-0.135,-43.497,-0.320,-23.522,0.000,0.000
9.2380,-0.135,-43.522,-0.320,-23.362,0.000,0.000
9.2731,-0.135,-43.497,-0.320,-23.522,0.000,0.000
9.3070,-0.135,-43.522,-0.320,-23.362,0.000,0.000
9.3362,-0.135,-43.497,-0.320,-23.522,0.000,0.000
9.3735,-0.135,-43.522,-0.320,-23.362,0.000,0.000
9.4183,-0.110,-43.547,-0.480,-23.202,0.000,0.000
9.4426,-0.135,-43.522,-0.320,-23.362,0.000,0.000
9.4717,-0.135,-43.522,-0.320,-23.362,0.000,0.000
9.5075,-0.135,-43.497,-0.320,-23.522,0.000,0.000
9.5383,-0.135,-43.497,-0.320,-23.522,0.000,0.000
9.5750,-0.135,-43.497,-0.320,-23.522,0.000,0.000
9.6081,-0.135,-43.522,-0.320,-23.362,0.000,0.000
9.6374,-0.135,-43.522,-0.320,-23.362,0.000,0.000
9.6726,-0.135,-43.522,-0.320,-23.362,0.000,0.000
9.7097,-0.135,-43.522,-0.320,-23.362,0.000,0.000
9.7420,-0.135,-43.497,-0.320,-23.522,0.000,0.000
9.7750,-0.135,-43.522,-0.320,-23.362,0.000,0.000
9.8103,-0.135,-43.497,-0.320,-23.522,0.000,0.000
9.8406,-0.135,-43.497,-0.320,-23.522,0.000,0.000
9.8717,-0.135,-43.497,-0.320,-23.522,0.000,0.000
9.9066,-0.135,-43.497,-0.320,-23.522,0.000,0.000
9.9384,-0.135,-43.497,-0.320,-23.522,0.000,0.000
9.9734,-0.135,-43.497,-0.320,-23.522,0.000,0.000
10.0121,-0.135,-43.522,-0.320,-23.362,0.000,0.000
10.0402,-0.135,-43.497,-0.320,-23.522,0.000,0.000
10.0795,-0.135,-43.522,-0.320,-23.362,0.000,0.000
10.1027,-0.160,-43.497,-0.160,-23.522,0.000,0.000
10.1261,-0.160,-43.497,-0.160,-23.522,0.000,0.000
10.1736,-0.135,-43.497,-0.320,-23.522,0.000,0.000
10.2096,-0.135,-43.522,-0.320,-23.362,0.000,0.000
10.2470,-0.135,-43.522,-0.320,-23.362,0.000,0.000
10.2766,-0.135,-43.522,-0.320,-23.362,0.000,0.000
10.3169,-0.135,-43.497,-0.320,-23.522,0.000,0.000
10.3547,-0.135,-43.497,-0.320,-23.522,0.000,0.000
10.3865,-0.135,-43.497,-0.320,-23.522,0.000,0.000
10.4205,-0.135,-43.522,-0.320,-23.362,0.000,0.000
10.4523,-0.135,-43.497,-0.320,-23.522,0.000,0.000
10.4824,-0.135,-43.497,-0.320,-23.522,0.000,0.000
10.5150,-0.160,-43.497,-0.160,-23.522,0.000,0.000
10.5448,-0.135,-43.522,-0.320,-23.362,0.000,0.000
10.5799,-0.135,-43.497,-0.320,-23.522,0.000,0.000
10.6176,-0.135,-43.522,-0.320,-23.362,0.000,0.000
10.6458,-0.135,-43.497,-0.320,-23.522,0.000,0.000
10.6816,-0.135,-43.522,-0.320,-23.362,0.000,0.000
10.7181,-0.135,-43.497,-0.320,-23.522,0.000,0.000
10.7488,-0.135,-43.522,-0.320,-23.362,0.000,0.000
10.7776,-0.135,-43.522,-0.320,-23.362,0.000,0.000
10.8115,-0.135,-43.497,-0.320,-23.522,0.000,0.000
10.8401,-0.135,-43.497,-0.320,-23.522,0.000,0.000
10.8735,-0.135,-43.522,-0.320,-23.362,0.000,0.000
10.9051,-0.135,-43.522,-0.320,-23.362,0.000,0.000
10.9402,-0.135,-43.522,-0.320,-23.362,0.000,0.000
10.9744,-0.135,-43.522,-0.320,-23.362,0.000,0.000
11.0051,-0.160,-43.522,-0.160,-23.362,0.000,0.000
11.0424,-0.135,-43.522,-0.320,-23.362,0.000,0.000
11.0745,-0.135,-43.497,-0.320,-23.522,0.000,0.000
11.1050,-0.135,-43.497,-0.320,-23.522,0.000,0.000
11.1398,-0.135,-43.497,-0.320,-23.522,0.000,0.000
11.1826,-0.135,-43.522,-0.320,-23.362,0.000,0.000
11.2080,-0.135,-43.497,-0.320,-23.522,0.000,0.000
11.2325,-0.135,-43.497,-0.320,-23.522,0.000,0.000
11.2739,-0.135,-43.497,-0.320,-23.522,0.000,0.000
11.3064,-0.135,-43.522,-0.320,-23.362,0.000,0.000
11.3427,-0.135,-43.522,-0.320,-23.362,0.000,0.000
11.3751,-0.135,-43.522,-0.320,-23.362,0.000,0.000
11.4075,-0.135,-43.497,-0.320,-23.522,0.000,0.000
11.4452,-0.135,-43.497,-0.320,-23.522,0.000,0.000
11.4756,-0.135,-43.522,-0.320,-23.362,0.000,0.000
11.5090,-0.135,-43.522,-0.320,-23.362,0.000,0.000
11.5414,-0.135,-43.497,-0.320,-23.522,0.000,0.000
11.5653,-0.135,-43.497,-0.320,-23.522,0.000,0.000
11.6074,-0.135,-43.497,-0.320,-23.522,0.000,0.000
11.6424,-0.135,-43.522,-0.320,-23.362,0.000,0.000
11.6816,-0.135,-43.522,-0.320,-23.362,0.000,0.000
11.7073,-0.135,-43.497,-0.320,-23.522,0.000,0.000
11.7387,-0.135,-43.497,-0.320,-23.522,0.000,0.000
11.7768,-0.135,-43.522,-0.320,-23.362,0.000,0.000
11.8086,-0.135,-43.522,-0.320,-23.362,0.000,0.000
11.8436,-0.135,-43.497,-0.320,-23.522,0.000,0.000
11.8786,-0.135,-43.522,-0.320,-23.362,0.000,0.000
11.9102,-0.135,-43.522,-0.320,-23.362,0.000,0.000
11.9427,-0.135,-43.522,-0.320,-23.362,0.000,0.000
11.9768,-0.135,-43.522,-0.320,-23.362,0.000,0.000
12.0085,-0.135,-43.497,-0.320,-23.522,0.000,0.000
12.0320,-0.135,-43.497,-0.320,-23.522,0.000,0.000
12.0801,-0.135,-43.497,-0.320,-23.522,0.000,0.000
12.1073,-0.135,-43.522,-0.320,-23.362,0.000,0.000
12.1323,-0.135,-43.522,-0.320,-23.362,0.000,0.000
12.1777,-0.135,-43.497,-0.320,-23.522,0.000,0.000
12.2080,-0.135,-43.497,-0.320,-23.522,0.000,0.000
12.2341,-0.135,-43.497,-0.320,-23.522,0.000,0.000
12.2754,-0.135,-43.522,-0.320,-23.362,0.000,0.000
12.3089,-0.185,-43.497,0.000,-23.522,0.000,0.000
12.3449,-0.135,-43.497,-0.320,-23.522,0.000,0.000
12.3740,-0.135,-43.497,-0.320,-23.522,0.000,0.000
12.3988,-0.135,-43.497,-0.320,-23.522,0.000,0.000
12.4202,-0.135,-43.497,-0.320,-23.522,0.000,0.000
12.4786,-0.135,-43.497,-0.320,-23.522,0.000,0.000
12.5007,-0.135,-43.497,-0.320,-23.522,0.000,0.000
12.5212,-0.135,-43.497,-0.320,-23.522,0.000,0.000
12.5756,-0.135,-43.497,-0.320,-23.522,0.000,0.000
12.6087,-0.135,-43.522,-0.320,-23.362,0.000,0.000
12.6490,-0.135,-43.522,-0.320,-23.362,0.000,0.000
12.6857,-0.135,-43.522,-0.320,-23.362,0.000,0.000
12.7153,-0.135,-43.522,-0.320,-23.362,0.000,0.000
12.7452,-0.135,-43.522,-0.320,-23.362,0.000,0.000
12.7797,-0.135,-43.497,-0.320,-23.522,0.000,0.000
12.8139,-0.135,-43.522,-0.320,-23.362,0.000,0.000
12.8455,-0.135,-43.522,-0.320,-23.362,0.000,0.000
12.8810,-0.135,-43.522,-0.320,-23.362,0.000,0.000
12.9209,-0.135,-43.497,-0.320,-23.522,0.000,0.000
12.9535,-0.135,-43.497,-0.320,-23.522,0.000,0.000
12.9855,-0.135,-43.522,-0.320,-23.362,0.000,0.000
13.0126,-0.135,-43.497,-0.320,-23.522,0.000,0.000
13.0521,-0.135,-43.497,-0.320,-23.522,0.000,0.000
13.0845,-0.135,-43.522,-0.320,-23.362,0.000,0.000
13.1128,-0.135,-43.522,-0.320,-23.362,0.000,0.000
13.1460,-0.135,-43.497,-0.320,-23.522,0.000,0.000
13.1768,-0.135,-43.522,-0.320,-23.362,0.000,0.000
13.2187,-0.135,-43.522,-0.320,-23.362,0.000,0.000
13.2431,-0.135,-43.522,-0.320,-23.362,0.000,0.000
13.2675,-0.135,-43.497,-0.320,-23.522,0.000,0.000
13.3106,-0.135,-43.497,-0.320,-23.522,0.000,0.000
13.3387,-0.135,-43.497,-0.320,-23.522,0.000,0.000
13.3780,-0.135,-43.497,-0.320,-23.522,0.000,0.000
13.4111,-0.135,-43.522,-0.320,-23.362,0.000,0.000
13.4369,-0.135,-43.522,-0.320,-23.362,0.000,0.000
13.4813,-0.135,-43.497,-0.320,-23.522,0.000,0.000
13.5044,-0.135,-43.497,-0.320,-23.522,0.000,0.000
13.5280,-0.135,-43.522,-0.320,-23.362,0.000,0.000
13.5530,-0.135,-43.522,-0.320,-23.362,0.000,0.000
13.6098,-0.135,-43.497,-0.320,-23.522,0.000,0.000
13.6339,-0.135,-43.497,-0.320,-23.522,0.000,0.000
13.6828,-0.135,-43.522,-0.320,-23.362,0.000,0.000
13.7094,-0.135,-43.497,-0.320,-23.522,0.000,0.000
13.7372,-0.135,-43.497,-0.320,-23.522,0.000,0.000
13.7593,-0.135,-43.522,-0.320,-23.362,0.000,0.000
13.8094,-0.135,-43.522,-0.320,-23.362,0.000,0.000
13.8420,-0.135,-43.497,-0.320,-23.522,0.000,0.000
13.8817,-0.135,-43.522,-0.320,-23.362,0.000,0.000
13.9120,-0.135,-43.522,-0.320,-23.362,0.000,0.000
13.9362,-0.135,-43.522,-0.320,-23.362,0.000,0.000
13.9587,-0.135,-43.497,-0.320,-23.522,0.000,0.000
13.9889,-0.135,-43.522,-0.320,-23.362,0.000,0.000
14.0094,-0.135,-43.522,-0.320,-23.362,0.000,0.000
14.0765,-0.135,-43.522,-0.320,-23.362,0.000,0.000
14.1012,-0.135,-43.522,-0.320,-23.362,0.000,0.000
14.1253,-0.135,-43.497,-0.320,-23.522,0.000,0.000
14.1502,-0.135,-43.497,-0.320,-23.522,0.000,0.000
14.2126,-0.135,-43.522,-0.320,-23.362,0.000,0.000
14.2381,-0.135,-43.522,-0.320,-23.362,0.000,0.000
14.2644,-0.135,-43.522,-0.320,-23.362,0.000,0.000
14.2881,-0.135,-43.497,-0.320,-23.522,0.000,0.000
14.3137,-0.135,-43.522,-0.320,-23.362,0.000,0.000
14.3426,-0.135,-43.522,-0.320,-23.362,0.000,0.000
14.4104,-0.135,-43.497,-0.320,-23.522,0.000,0.000
14.4330,-0.135,-43.497,-0.320,-23.522,0.000,0.000
14.4581,-0.135,-43.522,-0.320,-23.362,0.000,0.000
14.4806,-0.135,-43.522,-0.320,-23.362,0.000,0.000
14.5118,-0.135,-43.522,-0.320,-23.362,0.000,0.000
14.5444,-0.135,-43.522,-0.320,-23.362,0.000,0.000
14.6122,-0.135,-43.522,-0.320,-23.362,0.000,0.000
14.6378,-0.135,-43.522,-0.320,-23.362,0.000,0.000
14.6648,-0.135,-43.522,-0.320,-23.362,0.000,0.000
14.6912,-0.135,-43.497,-0.320,-23.522,0.000,0.000
14.7154,-0.135,-43.522,-0.320,-23.362,0.000,0.000
14.7482,-0.135,-43.522,-0.320,-23.362,0.000,0.000
14.7779,0.025,-43.522,-0.160,-23.362,0.000,0.000
14.8141,-0.135,-43.522,-0.320,-23.362,0.000,0.000
14.8456,-0.135,-43.522,-0.320,-23.362,0.000,0.000
14.9117,-0.135,-43.522,-0.320,-23.362,0.000,0.000
14.9377,-0.135,-43.522,-0.320,-23.362,0.000,0.000
14.9610,-0.135,-43.522,-0.320,-23.362,0.000,0.000
14.9868,-0.135,-43.522,-0.320,-23.362,0.000,0.000
15.0156,-0.135,-43.522,-0.320,-23.362,0.000,0.000
15.0541,-0.135,-43.522,-0.320,-23.362,0.000,0.000
15.0876,-0.135,-43.522,-0.320,-23.362,0.000,0.000
15.1236,-0.135,-43.522,-0.320,-23.362,0.000,0.000
15.1556,-0.135,-43.522,-0.320,-23.362,0.000,0.000
15.2191,-0.135,-43.522,-0.320,-23.362,0.000,0.000
15.2502,-0.135,-43.522,-0.320,-23.362,0.000,0.000
15.2816,0.025,-43.522,-0.160,-23.362,0.000,0.000
15.3171,-0.135,-43.522,-0.320,-23.362,0.000,0.000
15.3510,-0.135,-43.522,-0.320,-23.362,0.000,0.000
15.3834,-0.135,-43.522,-0.320,-23.362,0.000,0.000
15.4244,-0.135,-43.522,-0.320,-23.362,0.000,0.000
15.4593,-0.135,-43.522,-0.320,-23.362,0.000,0.000
15.4906,-0.160,-43.472,-0.160,-23.682,0.000,0.000
15.5271,-0.135,-43.522,-0.320,-23.362,0.000,0.000
15.5605,-0.135,-43.497,-0.320,-23.522,0.000,0.000
15.5938,-0.135,-43.522,-0.320,-23.362,0.000,0.000
15.6368,-0.135,-43.522,-0.320,-23.362,0.000,0.000
15.6641,-0.135,-43.522,-0.320,-23.362,0.000,0.000
15.6893,-0.160,-43.497,-0.160,-23.522,0.000,0.000
15.7153,0.025,-43.522,-0.160,-23.362,0.000,0.000
15.7394,-0.135,-43.522,-0.320,-23.362,0.000,0.000
15.7651,-0.135,-43.522,-0.320,-23.362,0.000,0.000
15.7893,-0.135,-43.522,-0.320,-23.362,0.000,0.000
15.8158,-0.135,-43.522,-0.320,-23.362,0.000,0.000
15.8489,-0.135,-43.522,-0.320,-23.362,0.000,0.000
15.8828,-0.135,-43.522,-0.320,-23.362,0.000,0.000
15.9127,-0.135,-43.522,-0.320,-23.362,0.000,0.000
15.9445,-0.135,-43.522,-0.320,-23.362,0.000,0.000
15.9788,-0.135,-43.497,-0.320,-23.522,0.000,0.000
16.0130,-0.135,-43.522,-0.320,-23.362,0.000,0.000
16.0455,-0.135,-43.522,-0.320,-23.362,0.000,0.000
16.0786,-0.135,-43.522,-0.320,-23.362,0.000,0.000
16.1141,-0.135,-43.522,-0.320,-23.362,0.000,0.000
16.1440,-0.110,-43.522,-0.480,-23.362,0.000,0.000
16.1833,0.025,-43.522,-0.160,-23.362,0.000,0.000
16.2132,-0.135,-43.522,-0.320,-23.362,0.000,0.000
16.2465,-0.135,-43.522,-0.320,-23.362,0.000,0.000
16.2801,-0.135,-43.522,-0.320,-23.362,0.000,0.000
16.3117,-0.135,-43.522,-0.320,-23.362,0.000,0.000
16.3463,-0.135,-43.522,-0.320,-23.362,0.000,0.000
16.3802,-0.135,-43.522,-0.320,-23.362,0.000,0.000
16.4143,-0.135,-43.522,-0.320,-23.362,0.000,0.000
16.4436,-0.135,-43.522,-0.320,-23.362,0.000,0.000
16.4803,-0.135,-43.497,-0.320,-23.522,0.000,0.000
16.5129,-0.135,-43.522,-0.320,-23.362,0.000,0.000
16.5467,-0.135,-43.522,-0.320,-23.362,0.000,0.000
16.5822,-0.135,-43.447,-0.320,-23.842,0.000,0.000
16.6153,-0.135,-43.497,-0.320,-23.522,0.000,0.000
16.6470,-0.135,-43.522,-0.320,-23.362,0.000,0.000
16.6805,-0.135,-43.522,-0.320,-23.362,0.000,0.000
16.7169,-0.135,-43.522,-0.320,-23.362,0.000,0.000
16.7452,-0.135,-43.522,-0.320,-23.362,0.000,0.000
16.7800,-0.135,-43.522,-0.320,-23.362,0.000,0.000
16.8136,-0.135,-43.497,-0.320,-23.522,0.000,0.000
16.8443,-0.135,-43.522,-0.320,-23.362,0.000,0.000
16.8824,-0.135,-43.547,-0.320,-23.202,0.000,0.000
16.9148,-0.135,-43.522,-0.320,-23.362,0.000,0.000
16.9465,-0.135,-43.522,-0.320,-23.362,0.000,0.000
16.9799,-0.135,-43.522,-0.320,-23.362,0.000,0.000
17.0171,-0.135,-43.522,-0.320,-23.362,0.000,0.000
17.0468,-0.135,-43.522,-0.320,-23.362,0.000,0.000
17.0799,-0.135,-43.497,-0.320,-23.522,0.000,0.000
17.1138,-0.135,-43.522,-0.320,-23.362,0.000,0.000
17.1472,-0.135,-43.522,-0.320,-23.362,0.000,0.000
17.1823,-0.135,-43.522,-0.320,-23.362,0.000,0.000
17.2150,-0.135,-43.522,-0.320,-23.362,0.000,0.000
17.2478,0.025,-43.522,-0.160,-23.362,0.000,0.000
17.2819,-0.135,-43.522,-0.320,-23.362,0.000,0.000
17.3164,0.025,-43.522,-0.160,-23.362,0.000,0.000
17.3508,-0.135,-43.522,-0.320,-23.362,0.000,0.000
17.3839,-0.135,-43.497,-0.320,-23.522,0.000,0.000
17.4132,-0.135,-43.522,-0.320,-23.362,0.000,0.000
17.4532,0.025,-43.522,-0.160,-23.362,0.000,0.000
17.4912,-0.135,-43.522,-0.320,-23.362,0.000,0.000
17.5220,-0.135,-43.522,-0.320,-23.362,0.000,0.000
17.5523,-0.135,-43.522,-0.320,-23.362,0.000,0.000
17.5876,-0.135,-43.522,-0.320,-23.362,0.000,0.000
17.6227,-0.135,-43.522,-0.320,-23.362,0.000,0.000
17.6542,-0.135,-43.522,-0.320,-23.362,0.000,0.000
17.6876,-0.135,-43.522,-0.320,-23.362,0.000,0.000
17.7209,-0.135,-43.522,-0.320,-23.362,0.000,0.000
17.7541,-0.135,-43.522,-0.320,-23.362,0.000,0.000
17.7858,-0.135,-43.522,-0.320,-23.362,0.000,0.000
17.8207,-0.135,-43.522,-0.320,-23.362,0.000,0.000
17.8547,-0.135,-43.522,-0.320,-23.362,0.000,0.000
17.8867,-0.135,-43.497,-0.320,-23.522,0.000,0.000
17.9212,-0.135,-43.497,-0.320,-23.522,0.000,0.000
17.9538,-0.135,-43.522,-0.320,-23.362,0.000,0.000
17.9876,-0.135,-43.522,-0.320,-23.362,0.000,0.000
18.0174,-0.135,-43.522,-0.320,-23.362,0.000,0.000
18.0464,-0.135,-43.497,-0.320,-23.522,0.000,0.000
18.0828,-0.135,-43.522,-0.320,-23.362,0.000,0.000
18.1160,-0.135,-43.522,-0.320,-23.362,0.000,0.000
18.1488,-0.135,-43.522,-0.320,-23.362,0.000,0.000
18.1843,-0.135,-43.522,-0.320,-23.362,0.000,0.000
18.2162,-0.135,-43.522,-0.320,-23.362,0.000,0.000
18.2503,-0.110,-43.522,-0.480,-23.362,0.000,0.000
18.2825,-0.135,-43.522,-0.320,-23.362,0.000,0.000
18.3168,-0.135,-43.522,-0.320,-23.362,0.000,0.000
18.3488,-0.135,-43.522,-0.320,-23.362,0.000,0.000
18.3815,-0.160,-43.422,-0.160,-24.002,0.000,0.000
18.4152,-0.135,-43.497,-0.320,-23.522,0.000,0.000
18.4593,0.025,-43.522,-0.160,-23.362,0.000,0.000
18.4834,-0.135,-43.497,-0.320,-23.522,0.000,0.000
18.5146,-0.135,-43.522,-0.320,-23.362,0.000,0.000
18.5482,-0.160,-43.447,-0.160,-23.842,0.000,0.000
18.5841,-0.135,-43.522,-0.320,-23.362,0.000,0.000
18.6138,-0.135,-43.522,-0.320,-23.362,0.000,0.000
18.6491,-0.135,-43.522,-0.320,-23.362,0.000,0.000
18.6810,-0.135,-43.522,-0.320,-23.362,0.000,0.000
18.7177,-0.135,-43.522,-0.320,-23.362,0.000,0.000
18.7492,-0.135,-43.522,-0.320,-23.362,0.000,0.000
18.7821,-0.135,-43.522,-0.320,-23.362,0.000,0.000
18.8195,-0.135,-43.522,-0.320,-23.362,0.000,0.000
18.8476,-0.135,-43.497,-0.320,-23.522,0.000,0.000
18.8836,-0.135,-43.522,-0.320,-23.362,0.000,0.000
18.9146,-0.135,-43.522,-0.320,-23.362,0.000,0.000
18.9474,-0.135,-43.522,-0.320,-23.362,0.000,0.000
18.9844,-0.135,-43.497,-0.320,-23.522,0.000,0.000
19.0149,-0.135,-43.522,-0.320,-23.362,0.000,0.000
19.0503,-0.135,-43.497,-0.320,-23.522,0.000,0.000
19.0849,-0.135,-43.522,-0.320,-23.362,0.000,0.000
19.1149,-0.135,-43.522,-0.320,-23.362,0.000,0.000
19.1465,-0.135,-43.522,-0.320,-23.362,0.000,0.000
19.1826,-0.135,-43.522,-0.320,-23.362,0.000,0.000
19.2170,-0.135,-43.497,-0.320,-23.522,0.000,0.000
19.2506,-0.135,-43.497,-0.320,-23.522,0.000,0.000
19.2823,-0.135,-43.522,-0.320,-23.362,0.000,0.000
19.3159,-0.135,-43.522,-0.320,-23.362,0.000,0.000
19.3496,-0.135,-43.522,-0.320,-23.362,0.000,0.000
19.3828,-0.135,-43.497,-0.320,-23.522,0.000,0.000
19.4148,-0.135,-43.497,-0.320,-23.522,0.000,0.000
19.4479,-0.135,-43.522,-0.320,-23.362,0.000,0.000
19.4840,0.025,-43.497,-0.160,-23.522,0.000,0.000
19.5180,0.025,-43.522,-0.160,-23.362,0.000,0.000
19.5481,-0.135,-43.522,-0.320,-23.362,0.000,0.000
19.5855,-0.135,-43.497,-0.320,-23.522,0.000,0.000
19.6145,-0.135,-43.522,-0.320,-23.362,0.000,0.000
19.6557,-0.135,-43.522,-0.320,-23.362,0.000,0.000
19.6843,-0.135,-43.522,-0.320,-23.362,0.000,0.000
19.7188,-0.135,-43.522,-0.320,-23.362,0.000,0.000
19.7505,-0.135,-43.522,-0.320,-23.362,0.000,0.000
19.7844,-0.135,-43.522,-0.320,-23.362,0.000,0.000
19.8193,-0.135,-43.497,-0.320,-23.522,0.000,0.000
19.8552,-0.135,-43.522,-0.320,-23.362,0.000,0.000
19.8892,-0.135,-43.522,-0.320,-23.362,0.000,0.000
19.9246,-0.135,-43.522,-0.320,-23.362,0.000,0.000
19.9587,-0.135,-43.497,-0.320,-23.522,0.000,0.000
19.9938,-0.160,-43.472,-0.160,-23.682,0.000,0.000
20.0246,-0.135,-43.497,-0.320,-23.522,0.000,0.000
20.0573,-0.135,-43.522,-0.320,-23.362,0.000,0.000
20.0925,-0.210,-43.522,0.160,-23.362,0.000,0.000
20.1220,-0.135,-43.497,-0.320,-23.522,0.000,0.000
20.1546,-0.135,-43.522,-0.320,-23.362,0.000,0.000
20.1947,-0.135,-43.522,-0.320,-23.362,0.000,0.000
20.2257,-0.160,-43.472,-0.160,-23.682,0.000,0.000
20.2567,-0.160,-43.522,-0.160,-23.362,0.000,0.000
20.2908,-0.135,-43.522,-0.320,-23.362,0.000,0.000
20.3243,-0.135,-43.522,-0.320,-23.362,0.000,0.000
20.3552,-0.135,-43.522,-0.320,-23.362,0.000,0.000
20.3893,-0.135,-43.497,-0.320,-23.522,0.000,0.000
20.4204,-0.135,-43.497,-0.320,-23.522,0.000,0.000
20.4508,-0.135,-43.497,-0.320,-23.522,0.000,0.000
20.4837,-0.135,-43.522,-0.320,-23.362,0.000,0.000
20.5180,-0.135,-43.522,-0.320,-23.362,0.000,0.000
20.5527,-0.135,-43.522,-0.320,-23.362,0.000,0.000
20.5853,-0.135,-43.522,-0.320,-23.362,0.000,0.000
20.6180,-0.135,-43.522,-0.320,-23.362,0.000,0.000
20.6533,-0.135,-43.522,-0.320,-23.362,0.000,0.000
20.6868,-0.135,-43.522,-0.320,-23.362,0.000,0.000
20.7212,-0.135,-43.522,-0.320,-23.362,0.000,0.000
20.7522,-0.135,-43.522,-0.320,-23.362,0.000,0.000
20.7874,-0.135,-43.522,-0.320,-23.362,0.000,0.000
20.8176,-0.135,-43.497,-0.320,-23.522,0.000,0.000
20.8559,-0.135,-43.522,-0.320,-23.362,0.000,0.000
20.8861,-0.135,-43.522,-0.320,-23.362,0.000,0.000
20.9171,-0.135,-43.522,-0.320,-23.362,0.000,0.000
20.9499,-0.135,-43.522,-0.320,-23.362,0.000,0.000
20.9857,-0.135,-43.522,-0.320,-23.362,0.000,0.000
21.0183,-0.135,-43.522,-0.320,-23.362,0.000,0.000
21.0503,-0.135,-43.522,-0.320,-23.362,0.000,0.000
21.0839,-0.135,-43.497,-0.320,-23.522,0.000,0.000
21.1192,-0.135,-43.522,-0.320,-23.362,0.000,0.000
21.1517,-0.135,-43.522,-0.320,-23.362,0.000,0.000
21.1868,-0.135,-43.497,-0.320,-23.522,0.000,0.000
21.2171,-0.135,-43.522,-0.320,-23.362,0.000,0.000
21.2512,-0.135,-43.522,-0.320,-23.362,0.000,0.000
21.2921,-0.135,-43.522,-0.320,-23.362,0.000,0.000
21.3193,-0.135,-43.522,-0.320,-23.362,0.000,0.000
21.3501,-0.135,-43.522,-0.320,-23.362,0.000,0.000
21.3834,-0.135,-43.522,-0.320,-23.362,0.000,0.000
21.4195,-0.135,-43.497,-0.320,-23.522,0.000,0.000
21.4531,-0.135,-43.522,-0.320,-23.362,0.000,0.000
21.4870,-0.135,-43.522,-0.320,-23.362,0.000,0.000
21.5185,0.025,-43.522,-0.160,-23.362,0.000,0.000
21.5521,-0.135,-43.522,-0.320,-23.362,0.000,0.000
21.5845,-0.135,-43.522,-0.320,-23.362,0.000,0.000
21.6201,-0.135,-43.497,-0.320,-23.522,0.000,0.000
21.6523,-0.135,-43.522,-0.320,-23.362,0.000,0.000
21.6863,-0.135,-43.522,-0.320,-23.362,0.000,0.000
21.7251,-0.135,-43.522,-0.320,-23.362,0.000,0.000
21.7533,-0.135,-43.497,-0.320,-23.522,0.000,0.000
21.7859,-0.135,-43.522,-0.320,-23.362,0.000,0.000
21.8192,0.025,-43.497,-0.160,-23.522,0.000,0.000
21.8537,-0.135,-43.522,-0.320,-23.362,0.000,0.000
21.8861,-0.135,-43.522,-0.320,-23.362,0.000,0.000
21.9198,-0.135,-43.497,-0.320,-23.522,0.000,0.000
21.9516,-0.135,-43.522,-0.320,-23.362,0.000,0.000
21.9864,-0.135,-43.497,-0.320,-23.522,0.000,0.000
22.0196,0.025,-43.522,-0.160,-23.362,0.000,0.000
22.0513,-0.135,-43.497,-0.320,-23.522,0.000,0.000
22.0875,-0.160,-43.472,-0.160,-23.682,0.000,0.000
22.1239,-0.135,-43.522,-0.320,-23.362,0.000,0.000
22.1526,-0.135,-43.522,-0.320,-23.362,0.000,0.000
22.1861,-0.135,-43.522,-0.320,-23.362,0.000,0.000
22.2218,-0.135,-43.522,-0.320,-23.362,0.000,0.000
22.2560,-0.135,-43.522,-0.320,-23.362,0.000,0.000
22.2883,-0.135,-43.522,-0.320,-23.362,0.000,0.000
22.3254,0.025,-43.497,-0.160,-23.522,0.000,0.000
22.3584,-0.135,-43.522,-0.320,-23.362,0.000,0.000
22.3902,-0.135,-43.497,-0.320,-23.522,0.000,0.000
22.4260,-0.135,-43.497,-0.320,-23.522,0.000,0.000
22.4576,-0.135,-43.497,-0.320,-23.522,0.000,0.000
22.4928,-0.135,-43.522,-0.320,-23.362,0.000,0.000
22.5240,-0.135,-43.522,-0.320,-23.362,0.000,0.000
22.5592,-0.135,-43.522,-0.320,-23.362,0.000,0.000
22.5939,-0.135,-43.522,-0.320,-23.362,0.000,0.000
22.6267,-0.135,-43.522,-0.320,-23.362,0.000,0.000
22.6587,-0.135,-43.497,-0.320,-23.522,0.000,0.000
22.6928,-0.135,-43.522,-0.320,-23.362,0.000,0.000
22.7262,-0.135,-43.522,-0.320,-23.362,0.000,0.000
22.7610,-0.135,-43.522,-0.320,-23.362,0.000,0.000
22.7931,-0.135,-43.497,-0.320,-23.522,0.000,0.000
22.8241,-0.135,-43.522,-0.320,-23.362,0.000,0.000
22.8560,-0.135,-43.522,-0.320,-23.362,0.000,0.000
22.8874,-0.135,-43.497,-0.320,-23.522,0.000,0.000
22.9202,0.025,-43.497,-0.160,-23.522,0.000,0.000
22.9521,-0.135,-43.522,-0.320,-23.362,0.000,0.000
22.9886,-0.135,-43.522,-0.320,-23.362,0.000,0.000
23.0185,-0.135,-43.497,-0.320,-23.522,0.000,0.000
23.0563,-0.135,-43.522,-0.320,-23.362,0.000,0.000
23.0876,-0.135,-43.497,-0.320,-23.522,0.000,0.000
23.1204,-0.135,-43.497,-0.320,-23.522,0.000,0.000
23.1543,-0.135,-43.522,-0.320,-23.362,0.000,0.000
23.1875,-0.135,-43.497,-0.320,-23.522,0.000,0.000
23.2213,0.025,-43.522,-0.160,-23.362,0.000,0.000
23.2524,-0.135,-43.497,-0.320,-23.522,0.000,0.000
23.2850,-0.135,-43.522,-0.320,-23.362,0.000,0.000
23.3208,-0.135,-43.522,-0.320,-23.362,0.000,0.000
23.3491,0.025,-43.497,-0.160,-23.522,0.000,0.000
23.3868,-0.135,-43.497,-0.320,-23.522,0.000,0.000
23.4200,-0.135,-43.522,-0.320,-23.362,0.000,0.000
23.4542,0.025,-43.522,-0.160,-23.362,0.000,0.000
23.4858,0.025,-43.522,-0.160,-23.362,0.000,0.000
23.5214,0.025,-43.522,-0.160,-23.362,0.000,0.000
23.5575,0.025,-43.522,-0.160,-23.362,0.000,0.000
23.5864,-0.135,-43.522,-0.320,-23.362,0.000,0.000
23.6217,0.025,-43.497,-0.160,-23.522,0.000,0.000
23.6544,-0.135,-43.497,-0.320,-23.522,0.000,0.000
23.6885,-0.135,-43.522,-0.320,-23.362,0.000,0.000
23.7194,-0.135,-43.497,-0.320,-23.522,0.000,0.000
23.7544,-0.135,-43.522,-0.320,-23.362,0.000,0.000
23.7863,-0.135,-43.522,-0.320,-23.362,0.000,0.000
23.8237,-0.135,-43.522,-0.320,-23.362,0.000,0.000
23.8516,0.025,-43.522,-0.160,-23.362,0.000,0.000
23.8854,0.025,-43.497,-0.160,-23.522,0.000,0.000
23.9203,0.025,-43.522,-0.160,-23.362,0.000,0.000
23.9556,0.025,-43.522,-0.160,-23.362,0.000,0.000
23.9872,-0.135,-43.497,-0.320,-23.522,0.000,0.000
24.0212,-0.135,-43.522,-0.320,-23.362,0.000,0.000
24.0508,0.025,-43.497,-0.160,-23.522,0.000,0.000
24.0872,0.025,-43.522,-0.160,-23.362,0.000,0.000
24.1221,-0.135,-43.522,-0.320,-23.362,0.000,0.000
24.1518,-0.135,-43.497,-0.320,-23.522,0.000,0.000
24.1876,-0.135,-43.522,-0.320,-23.362,0.000,0.000
24.2180,-0.135,-43.497,-0.320,-23.522,0.000,0.000
24.2534,0.025,-43.522,-0.160,-23.362,0.000,0.000
24.2868,-0.135,-43.522,-0.320,-23.362,0.000,0.000
24.3218,-0.135,-43.522,-0.320,-23.362,0.000,0.000
24.3529,0.025,-43.497,-0.160,-23.522,0.000,0.000
24.3896,-0.135,-43.497,-0.320,-23.522,0.000,0.000
24.4225,-0.110,-43.572,-0.480,-23.042,0.000,0.000
24.4556,-0.135,-43.497,-0.320,-23.522,0.000,0.000
24.4858,-0.135,-43.522,-0.320,-23.362,0.000,0.000
24.5234,0.025,-43.522,-0.160,-23.362,0.000,0.000
24.5563,-0.135,-43.522,-0.320,-23.362,0.000,0.000
24.5914,-0.135,-43.522,-0.320,-23.362,0.000,0.000
24.6303,-0.135,-43.497,-0.320,-23.522,0.000,0.000
24.6656,-0.135,-43.497,-0.320,-23.522,0.000,0.000
24.6931,0.025,-43.522,-0.160,-23.362,0.000,0.000
24.7264,0.025,-43.497,-0.160,-23.522,0.000,0.000
24.7617,0.025,-43.497,-0.160,-23.522,0.000,0.000
24.7930,-0.135,-43.522,-0.320,-23.362,0.000,0.000
24.8257,-0.135,-43.522,-0.320,-23.362,0.000,0.000
24.8609,0.025,-43.522,-0.160,-23.362,0.000,0.000
24.8923,0.025,-43.522,-0.160,-23.362,0.000,0.000
24.9386,-0.135,-43.522,-0.320,-23.362,0.000,0.000
24.9660,-0.135,-43.497,-0.320,-23.522,0.000,0.000
24.9951,0.025,-43.497,-0.160,-23.522,0.000,0.000
25.0286,0.025,-43.522,-0.160,-23.362,0.000,0.000
25.0628,0.025,-43.522,-0.160,-23.362,0.000,0.000
25.0927,0.025,-43.522,-0.160,-23.362,0.000,0.000
25.1254,0.025,-43.497,-0.160,-23.522,0.000,0.000
25.1626,0.025,-43.522,-0.160,-23.362,0.000,0.000
25.1928,0.025,-43.497,-0.160,-23.522,0.000,0.000
25.2285,-0.135,-43.522,-0.320,-23.362,0.000,0.000
25.2555,0.000,-43.497,0.000,-23.522,0.000,0.000
25.2911,0.025,-43.447,-0.160,-23.842,0.000,0.000
25.3204,-0.135,-43.497,-0.320,-23.522,0.000,0.000
25.3601,0.025,-43.522,-0.160,-23.362,0.000,0.000
25.3901,-0.135,-43.497,-0.320,-23.522,0.000,0.000
25.4207,-0.135,-43.497,-0.320,-23.522,0.000,0.000
25.4566,-0.135,-43.522,-0.320,-23.362,0.000,0.000
25.4895,-0.135,-43.522,-0.320,-23.362,0.000,0.000
25.5240,0.025,-43.497,-0.160,-23.522,0.000,0.000
25.5539,-0.135,-43.497,-0.320,-23.522,0.000,0.000
25.5902,-0.135,-43.497,-0.320,-23.522,0.000,0.000
25.6231,-0.135,-43.497,-0.320,-23.522,0.000,0.000
25.6565,-0.160,-43.472,-0.160,-23.682,0.000,0.000
25.6917,-0.135,-43.522,-0.320,-23.362,0.000,0.000
25.7261,-0.110,-43.522,-0.480,-23.362,0.000,0.000
25.7588,-0.135,-43.522,-0.320,-23.362,0.000,0.000
25.7920,-0.135,-43.497,-0.320,-23.522,0.000,0.000
25.8246,-0.135,-43.497,-0.320,-23.522,0.000,0.000
25.8587,-0.135,-43.497,-0.320,-23.522,0.000,0.000
25.8905,-0.135,-43.497,-0.320,-23.522,0.000,0.000
25.9237,0.025,-43.522,-0.160,-23.362,0.000,0.000
25.9588,0.025,-43.497,-0.160,-23.522,0.000,0.000
25.9915,0.025,-43.497,-0.160,-23.522,0.000,0.000
26.0238,0.025,-43.522,-0.160,-23.362,0.000,0.000
26.0567,-0.135,-43.522,-0.320,-23.362,0.000,0.000
26.0881,0.025,-43.522,-0.160,-23.362,0.000,0.000
26.1232,0.025,-43.497,-0.160,-23.522,0.000,0.000
26.1532,-0.135,-43.522,-0.320,-23.362,0.000,0.000
26.1917,0.025,-43.497,-0.160,-23.522,0.000,0.000
26.2264,-0.135,-43.497,-0.320,-23.522,0.000,0.000
26.2584,-0.160,-43.497,-0.160,-23.522,0.000,0.000
26.2898,-0.160,-43.497,-0.160,-23.522,0.000,0.000
26.3265,-0.135,-43.497,-0.320,-23.522,0.000,0.000
26.3586,-0.135,-43.497,-0.320,-23.522,0.000,0.000
26.3927,-0.135,-43.497,-0.320,-23.522,0.000,0.000
26.4205,-0.135,-43.522,-0.320,-23.362,0.000,0.000
26.4570,-0.135,-43.522,-0.320,-23.362,0.000,0.000
26.4909,-0.135,-43.522,-0.320,-23.362,0.000,0.000
26.5244,-0.135,-43.522,-0.320,-23.362,0.000,0.000
26.5562,-0.135,-43.522,-0.320,-23.362,0.000,0.000
26.5915,-0.135,-43.497,-0.320,-23.522,0.000,0.000
26.6245,-0.135,-43.497,-0.320,-23.522,0.000,0.000
26.6580,-0.135,-43.497,-0.320,-23.522,0.000,0.000
26.6942,-0.135,-43.522,-0.320,-23.362,0.000,0.000
26.7352,-0.135,-43.497,-0.320,-23.522,0.000,0.000
26.7608,0.025,-43.472,-0.160,-23.682,0.000,0.000
26.7922,-0.135,-43.522,-0.320,-23.362,0.000,0.000
26.8230,0.025,-43.497,-0.160,-23.522,0.000,0.000
26.8582,-0.135,-43.522,-0.320,-23.362,0.000,0.000
26.8957,-0.135,-43.497,-0.320,-23.522,0.000,0.000
26.9247,-0.135,-43.497,-0.320,-23.522,0.000,0.000
26.9565,0.025,-43.497,-0.160,-23.522,0.000,0.000
26.9951,-0.135,-43.497,-0.320,-23.522,0.000,0.000
27.0279,-0.135,-43.497,-0.320,-23.522,0.000,0.000
27.0622,-0.135,-43.497,-0.320,-23.522,0.000,0.000
27.0957,-0.135,-43.522,-0.320,-23.362,0.000,0.000
27.1282,-0.135,-43.522,-0.320,-23.362,0.000,0.000
27.1622,-0.135,-43.522,-0.320,-23.362,0.000,0.000
27.1952,-0.135,-43.497,-0.320,-23.522,0.000,0.000
27.2292,-0.135,-43.497,-0.320,-23.522,0.000,0.000
27.2621,-0.135,-43.522,-0.320,-23.362,0.000,0.000
27.2961,0.025,-43.497,-0.160,-23.522,0.000,0.000
27.3298,0.025,-43.522,-0.160,-23.362,0.000,0.000
27.3624,-0.135,-43.522,-0.320,-23.362,0.000,0.000
27.3975,0.025,-43.497,-0.160,-23.522,0.000,0.000
27.4301,-0.135,-43.497,-0.320,-23.522,0.000,0.000
27.4631,-0.135,-43.522,-0.320,-23.362,0.000,0.000
27.4979,-0.135,-43.497,-0.320,-23.522,0.000,0.000
27.5302,0.025,-43.497,-0.160,-23.522,0.000,0.000
27.5705,-0.135,-43.497,-0.320,-23.522,0.000,0.000
27.6002,-0.135,-43.497,-0.320,-23.522,0.000,0.000
27.6255,-0.135,-43.522,-0.320,-23.362,0.000,0.000
27.6554,-0.135,-43.522,-0.320,-23.362,0.000,0.000
27.6924,-0.135,-43.497,-0.320,-23.522,0.000,0.000
27.7243,-0.135,-43.497,-0.320,-23.522,0.000,0.000
27.7562,-0.110,-43.522,-0.480,-23.362,0.000,0.000
27.7913,-0.135,-43.522,-0.320,-23.362,0.000,0.000
27.8237,-0.135,-43.497,-0.320,-23.522,0.000,0.000
27.8646,-0.135,-43.497,-0.320,-23.522,0.000,0.000
27.8969,-0.135,-43.497,-0.320,-23.522,0.000,0.000
27.9250,-0.135,-43.522,-0.320,-23.362,0.000,0.000
27.9567,-0.135,-43.497,-0.320,-23.522,0.000,0.000
27.9944,-0.135,-43.497,-0.320,-23.522,0.000,0.000
28.0260,-0.135,-43.522,-0.320,-23.362,0.000,0.000
28.0573,-0.135,-43.497,-0.320,-23.522,0.000,0.000
28.0918,-0.135,-43.522,-0.320,-23.362,0.000,0.000
28.1240,-0.135,-43.497,-0.320,-23.522,0.000,0.000
28.1602,-0.135,-43.522,-0.320,-23.362,0.000,0.000
28.1941,-0.135,-43.497,-0.320,-23.522,0.000,0.000
28.2238,-0.135,-43.522,-0.320,-23.362,0.000,0.000
28.2580,-0.110,-43.522,-0.480,-23.362,0.000,0.000
28.2982,-0.135,-43.522,-0.320,-23.362,0.000,0.000
28.3249,-0.135,-43.522,-0.320,-23.362,0.000,0.000
28.3597,-0.135,-43.497,-0.320,-23.522,0.000,0.000
28.3921,-0.135,-43.362,-0.320,-23.202,0.000,0.000
28.4239,-0.135,-43.497,-0.320,-23.522,0.000,0.000
28.4580,-0.135,-43.497,-0.320,-23.522,0.000,0.000
28.4922,-0.135,-43.497,-0.320,-23.522,0.000,0.000
28.5217,-0.135,-43.522,-0.320,-23.362,0.000,0.000
28.5576,-0.135,-43.522,-0.320,-23.362,0.000,0.000
28.5951,-0.135,-43.522,-0.320,-23.362,0.000,0.000
28.6262,-0.135,-43.522,-0.320,-23.362,0.000,0.000
28.6612,-0.135,-43.522,-0.320,-23.362,0.000,0.000
28.6918,-0.135,-43.497,-0.320,-23.522,0.000,0.000
28.7246,-0.160,-43.472,-0.160,-23.682,0.000,0.000
28.7612,-0.135,-43.497,-0.320,-23.522,0.000,0.000
28.7939,-0.135,-43.522,-0.320,-23.362,0.000,0.000
28.8293,-0.135,-43.522,-0.320,-23.362,0.000,0.000
28.8590,-0.135,-43.497,-0.320,-23.522,0.000,0.000
28.8950,-0.135,-43.497,-0.320,-23.522,0.000,0.000
28.9268,-0.135,-43.497,-0.320,-23.522,0.000,0.000
28.9600,-0.135,-43.497,-0.320,-23.522,0.000,0.000
28.9932,-0.135,-43.497,-0.320,-23.522,0.000,0.000
29.0259,-0.135,-43.522,-0.320,-23.362,0.000,0.000
29.0686,-0.135,-43.497,-0.320,-23.522,0.000,0.000
29.0932,-0.135,-43.522,-0.320,-23.362,0.000,0.000
29.1263,-0.135,-43.522,-0.320,-23.362,0.000,0.000
29.1592,-0.135,-43.497,-0.320,-23.522,0.000,0.000
29.1936,-0.135,-43.497,-0.320,-23.522,0.000,0.000
29.2276,-0.135,-43.522,-0.320,-23.362,0.000,0.000
29.2578,-0.135,-43.522,-0.320,-23.362,0.000,0.000
29.2931,-0.135,-43.522,-0.320,-23.362,0.000,0.000
29.3263,-0.135,-43.497,-0.320,-23.522,0.000,0.000
29.3587,-0.135,-43.522,-0.320,-23.362,0.000,0.000
29.3969,-0.135,-43.497,-0.320,-23.522,0.000,0.000
29.4286,-0.135,-43.522,-0.320,-23.362,0.000,0.000
29.4636,-0.135,-43.497,-0.320,-23.522,0.000,0.000
29.5066,-0.135,-43.522,-0.320,-23.362,0.000,0.000
29.5347,-0.135,-43.497,-0.320,-23.522,0.000,0.000
29.5619,-0.135,-43.522,-0.320,-23.362,0.000,0.000
29.6016,-0.135,-43.522,-0.320,-23.362,0.000,0.000
29.6302,-0.135,-43.497,-0.320,-23.522,0.000,0.000
29.6627,-0.135,-43.497,-0.320,-23.522,0.000,0.000
29.7040,-0.135,-43.522,-0.320,-23.362,0.000,0.000
29.7308,-0.135,-43.497,-0.320,-23.522,0.000,0.000
29.7631,-0.135,-43.522,-0.320,-23.362,0.000,0.000
29.7994,-0.135,-43.497,-0.320,-23.522,0.000,0.000
29.8297,-0.135,-43.497,-0.320,-23.522,0.000,0.000
29.8631,-0.135,-43.497,-0.320,-23.522,0.000,0.000
29.9032,-0.135,-43.522,-0.320,-23.362,0.000,0.000
29.9303,-0.135,-43.497,-0.320,-23.522,0.000,0.000
29.9663,-0.135,-43.497,-0.320,-23.522,0.000,0.000
30.0030,-0.160,-43.337,-0.160,-23.362,0.000,0.000
30.0325,-0.135,-43.497,-0.320,-23.522,0.000,0.000
30.0588,-0.135,-43.497,-0.320,-23.522,0.000,0.000
30.0927,-0.135,-43.522,-0.320,-23.362,0.000,0.000
30.1256,-0.135,-43.497,-0.320,-23.522,0.000,0.000
30.1611,-0.135,-43.497,-0.320,-23.522,0.000,0.000
30.1954,-0.135,-43.522,-0.320,-23.362,0.000,0.000
30.2277,-0.135,-43.497,-0.320,-23.522,0.000,0.000
30.2598,-0.160,-43.447,-0.160,-23.842,0.000,0.000
30.2963,-0.135,-43.497,-0.320,-23.522,0.000,0.000
30.3287,-0.135,-43.497,-0.320,-23.522,0.000,0.000
30.3602,-0.135,-43.497,-0.320,-23.522,0.000,0.000
30.3953,-0.135,-43.522,-0.320,-23.362,0.000,0.000
30.4290,-0.135,-43.522,-0.320,-23.362,0.000,0.000
30.4618,-0.135,-43.497,-0.320,-23.522,0.000,0.000
30.4943,-0.135,-43.497,-0.320,-23.522,0.000,0.000
30.5307,-0.135,-43.497,-0.320,-23.522,0.000,0.000
30.5589,-0.135,-43.497,-0.320,-23.522,0.000,0.000
30.5963,-0.135,-43.497,-0.320,-23.522,0.000,0.000
30.6282,-0.135,-43.522,-0.320,-23.362,0.000,0.000
30.6631,-0.135,-43.497,-0.320,-23.522,0.000,0.000
30.6946,-0.135,-43.522,-0.320,-23.362,0.000,0.000
30.7273,-0.135,-43.497,-0.320,-23.522,0.000,0.000
30.7595,-0.135,-43.522,-0.320,-23.362,0.000,0.000
30.7928,-0.135,-43.522,-0.320,-23.362,0.000,0.000
30.8293,-0.135,-43.497,-0.320,-23.522,0.000,0.000
30.8612,-0.135,-43.497,-0.320,-23.522,0.000,0.000
30.8967,-0.135,-43.522,-0.320,-23.362,0.000,0.000
30.9274,-0.135,-43.522,-0.320,-23.362,0.000,0.000
30.9616,-0.135,-43.522,-0.320,-23.362,0.000,0.000
30.9980,-0.135,-43.497,-0.320,-23.522,0.000,0.000
31.0281,-0.135,-43.497,-0.320,-23.522,0.000,0.000
31.0626,-0.135,-43.522,-0.320,-23.362,0.000,0.000
31.0941,-0.135,-43.522,-0.320,-23.362,0.000,0.000
31.1283,-0.135,-43.497,-0.320,-23.522,0.000,0.000
31.1615,-0.135,-43.522,-0.320,-23.362,0.000,0.000
31.1955,-0.135,-43.522,-0.320,-23.362,0.000,0.000
31.2280,-0.135,-43.497,-0.320,-23.522,0.000,0.000
31.2598,-0.135,-43.522,-0.320,-23.362,0.000,0.000
31.2966,-0.135,-43.497,-0.320,-23.522,0.000,0.000
31.3314,-0.135,-43.522,-0.320,-23.362,0.000,0.000
31.3627,-0.135,-43.497,-0.320,-23.522,0.000,0.000
31.3967,-0.135,-43.497,-0.320,-23.522,0.000,0.000
31.4314,-0.135,-43.522,-0.320,-23.362,0.000,0.000
31.4626,-0.160,-43.497,-0.160,-23.522,0.000,0.000
31.4931,-0.160,-43.472,-0.160,-23.682,0.000,0.000
31.5272,-0.160,-43.522,-0.160,-23.362,0.000,0.000
31.5598,-0.135,-43.497,-0.320,-23.522,0.000,0.000
31.5965,-0.135,-43.497,-0.320,-23.522,0.000,0.000
31.6290,-0.135,-43.497,-0.320,-23.522,0.000,0.000
31.6763,-0.135,-43.522,-0.320,-23.362,0.000,0.000
31.6995,-0.135,-43.497,-0.320,-23.522,0.000,0.000
31.7294,-0.135,-43.522,-0.320,-23.362,0.000,0.000
31.7602,-0.135,-43.497,-0.320,-23.522,0.000,0.000
31.7975,-0.135,-43.497,-0.320,-23.522,0.000,0.000
31.8327,-0.135,-43.522,-0.320,-23.362,0.000,0.000
31.8655,-0.135,-43.497,-0.320,-23.522,0.000,0.000
31.8974,-0.135,-43.497,-0.320,-23.522,0.000,0.000
31.9304,-0.135,-43.497,-0.320,-23.522,0.000,0.000
31.9643,-0.135,-43.497,-0.320,-23.522,0.000,0.000
32.0047,-0.135,-43.522,-0.320,-23.362,0.000,0.000
32.0354,-0.135,-43.497,-0.320,-23.522,0.000,0.000
32.0648,-0.135,-43.497,-0.320,-23.522,0.000,0.000
32.1046,-0.135,-43.522,-0.320,-23.362,0.000,0.000
32.1319,-0.135,-43.522,-0.320,-23.362,0.000,0.000
32.1680,-0.135,-43.497,-0.320,-23.522,0.000,0.000
32.1968,-0.160,-43.497,-0.160,-23.522,0.000,0.000
32.2336,-0.135,-43.522,-0.320,-23.362,0.000,0.000
32.2648,-0.135,-43.497,-0.320,-23.522,0.000,0.000
32.3069,-0.135,-43.497,-0.320,-23.522,0.000,0.000
32.3399,-0.160,-43.497,-0.160,-23.522,0.000,0.000
32.3689,-0.135,-43.497,-0.320,-23.522,0.000,0.000
32.4034,-0.135,-43.497,-0.320,-23.522,0.000,0.000
32.4358,-0.135,-43.522,-0.320,-23.362,0.000,0.000
32.4655,-0.135,-43.522,-0.320,-23.362,0.000,0.000
32.5051,-0.135,-43.497,-0.320,-23.522,0.000,0.000
32.5301,-0.135,-43.522,-0.320,-23.362,0.000,0.000
32.5681,-0.135,-43.497,-0.320,-23.522,0.000,0.000
32.6045,-0.135,-43.522,-0.320,-23.362,0.000,0.000
32.6323,-0.135,-43.522,-0.320,-23.362,0.000,0.000
32.6619,-0.135,-43.497,-0.320,-23.522,0.000,0.000
32.6957,-0.135,-43.522,-0.320,-23.362,0.000,0.000
32.7308,-0.135,-43.522,-0.320,-23.362,0.000,0.000
32.7623,-0.135,-43.497,-0.320,-23.522,0.000,0.000
32.7980,-0.135,-43.522,-0.320,-23.362,0.000,0.000
32.8304,-0.135,-43.522,-0.320,-23.362,0.000,0.000
32.8628,-0.135,-43.497,-0.320,-23.522,0.000,0.000
32.8951,-0.135,-43.497,-0.320,-23.522,0.000,0.000
32.9295,-0.135,-43.522,-0.320,-23.362,0.000,0.000
32.9638,-0.135,-43.522,-0.320,-23.362,0.000,0.000
32.9958,-0.135,-43.497,-0.320,-23.522,0.000,0.000
33.0311,-0.135,-43.522,-0.320,-23.362,0.000,0.000
33.0629,-0.135,-43.522,-0.320,-23.362,0.000,0.000
33.0964,-0.135,-43.522,-0.320,-23.362,0.000,0.000
33.1301,-0.135,-43.497,-0.320,-23.522,0.000,0.000
33.1620,-0.135,-43.522,-0.320,-23.362,0.000,0.000
33.1950,-0.135,-43.522,-0.320,-23.362,0.000,0.000
33.2300,-0.135,-43.497,-0.320,-23.522,0.000,0.000
33.2650,-0.135,-43.522,-0.320,-23.362,0.000,0.000
33.2960,-0.135,-43.522,-0.320,-23.362,0.000,0.000
33.3301,-0.135,-43.522,-0.320,-23.362,0.000,0.000
33.3646,-0.135,-43.497,-0.320,-23.522,0.000,0.000
33.4056,-0.135,-43.522,-0.320,-23.362,0.000,0.000
33.4300,-0.135,-43.522,-0.320,-23.362,0.000,0.000
33.4638,-0.135,-43.522,-0.320,-23.362,0.000,0.000
33.4993,-0.135,-43.522,-0.320,-23.362,0.000,0.000
33.5290,-0.135,-43.497,-0.320,-23.522,0.000,0.000
33.5653,-0.135,-43.522,-0.320,-23.362,0.000,0.000
33.5998,-0.135,-43.497,-0.320,-23.522,0.000,0.000
33.6292,-0.135,-43.522,-0.320,-23.362,0.000,0.000
33.6677,-0.135,-43.497,-0.320,-23.522,0.000,0.000
33.6962,-0.135,-43.497,-0.320,-23.522,0.000,0.000
33.7296,-0.135,-43.522,-0.320,-23.362,0.000,0.000
33.7670,-0.135,-43.497,-0.320,-23.522,0.000,0.000
33.7977,-0.135,-43.522,-0.320,-23.362,0.000,0.000
33.8399,-0.135,-43.522,-0.320,-23.362,0.000,0.000
33.8650,-0.135,-43.497,-0.320,-23.522,0.000,0.000
33.8962,-0.135,-43.497,-0.320,-23.522,0.000,0.000
33.9310,-0.135,-43.497,-0.320,-23.522,0.000,0.000
33.9654,-0.135,-43.497,-0.320,-23.522,0.000,0.000
33.9999,-0.135,-43.522,-0.320,-23.362,0.000,0.000
34.0331,-0.135,-43.497,-0.320,-23.522,0.000,0.000
34.0647,-0.135,-43.497,-0.320,-23.522,0.000,0.000
34.0965,-0.135,-43.522,-0.320,-23.362,0.000,0.000
34.1308,-0.135,-43.522,-0.320,-23.362,0.000,0.000
34.1648,-0.135,-43.522,-0.320,-23.362,0.000,0.000
34.2047,-0.135,-43.522,-0.320,-23.362,0.000,0.000
34.2299,-0.135,-43.497,-0.320,-23.522,0.000,0.000
34.2641,-0.135,-43.522,-0.320,-23.362,0.000,0.000
34.2961,-0.135,-43.522,-0.320,-23.362,0.000,0.000
34.3330,-0.135,-43.522,-0.320,-23.362,0.000,0.000
34.3616,0.025,-43.522,-0.160,-23.362,0.000,0.000
34.3995,-0.135,-43.522,-0.320,-23.362,0.000,0.000
34.4376,-0.135,-43.497,-0.320,-23.522,0.000,0.000
34.4701,-0.135,-43.497,-0.320,-23.522,0.000,0.000
34.4980,-0.135,-43.522,-0.320,-23.362,0.000,0.000
34.5366,-0.135,-43.522,-0.320,-23.362,0.000,0.000
34.5729,-0.135,-43.522,-0.320,-23.362,0.000,0.000
34.6066,-0.135,-43.522,-0.320,-23.362,0.000,0.000
34.6400,-0.135,-43.497,-0.320,-23.522,0.000,0.000
34.6736,-0.135,-43.497,-0.320,-23.522,0.000,0.000
34.7039,-0.135,-43.497,-0.320,-23.522,0.000,0.000
34.7418,-0.135,-43.497,-0.320,-23.522,0.000,0.000
34.7723,-0.135,-43.497,-0.320,-23.522,0.000,0.000
34.8069,-0.135,-43.497,-0.320,-23.522,0.000,0.000
34.8425,-0.135,-43.522,-0.320,-23.362,0.000,0.000
34.8724,-0.135,-43.522,-0.320,-23.362,0.000,0.000
34.9063,-0.135,-43.522,-0.320,-23.362,0.000,0.000
34.9416,-0.135,-43.522,-0.320,-23.362,0.000,0.000
34.9711,-0.135,-43.522,-0.320,-23.362,0.000,0.000
35.0012,-0.135,-43.497,-0.320,-23.522,0.000,0.000
35.0298,-0.135,-43.497,-0.320,-23.522,0.000,0.000
35.0642,-0.135,-43.497,-0.320,-23.522,0.000,0.000
35.0986,-0.135,-43.497,-0.320,-23.522,0.000,0.000
35.1347,-0.135,-43.522,-0.320,-23.362,0.000,0.000
35.1658,-0.135,-43.522,-0.320,-23.362,0.000,0.000
35.1971,-0.135,-43.497,-0.320,-23.522,0.000,0.000
35.2328,-0.135,-43.522,-0.320,-23.362,0.000,0.000
35.2636,-0.135,-43.522,-0.320,-23.362,0.000,0.000
35.2976,-0.135,-43.522,-0.320,-23.362,0.000,0.000
35.3312,-0.135,-43.522,-0.320,-23.362,0.000,0.000
35.3625,-0.160,-43.497,-0.160,-23.522,0.000,0.000
35.3966,-0.135,-43.522,-0.320,-23.362,0.000,0.000
35.4346,-0.135,-43.497,-0.320,-23.522,0.000,0.000
35.4682,-0.135,-43.522,-0.320,-23.362,0.000,0.000
35.4975,-0.135,-43.497,-0.320,-23.522,0.000,0.000
35.5356,-0.135,-43.497,-0.320,-23.522,0.000,0.000
35.5664,-0.135,-43.522,-0.320,-23.362,0.000,0.000
35.5986,-0.135,-43.522,-0.320,-23.362,0.000,0.000
35.6299,-0.135,-43.522,-0.320,-23.362,0.000,0.000
35.6679,-0.135,-43.522,-0.320,-23.362,0.000,0.000
35.6968,-0.135,-43.522,-0.320,-23.362,0.000,0.000
35.7300,-0.135,-43.522,-0.320,-23.362,0.000,0.000
35.7642,-0.135,-43.497,-0.320,-23.522,0.000,0.000
35.7962,-0.135,-43.497,-0.320,-23.522,0.000,0.000
35.8323,-0.135,-43.522,-0.320,-23.362,0.000,0.000
35.8641,-0.135,-43.497,-0.320,-23.522,0.000,0.000
35.8985,-0.135,-43.522,-0.320,-23.362,0.000,0.000
35.9295,-0.135,-43.522,-0.320,-23.362,0.000,0.000
35.9648,-0.135,-43.497,-0.320,-23.522,0.000,0.000
36.0004,-0.135,-43.522,-0.320,-23.362,0.000,0.000
36.0350,-0.135,-43.522,-0.320,-23.362,0.000,0.000
36.0655,-0.135,-43.522,-0.320,-23.362,0.000,0.000
36.1065,-0.135,-43.522,-0.320,-23.362,0.000,0.000
36.1367,-0.135,-43.522,-0.320,-23.362,0.000,0.000
36.1663,-0.135,-43.522,-0.320,-23.362,0.000,0.000
36.2009,-0.135,-43.522,-0.320,-23.362,0.000,0.000
36.2340,-0.135,-43.522,-0.320,-23.362,0.000,0.000
36.2678,-0.135,-43.497,-0.320,-23.522,0.000,0.000
36.3026,-0.135,-43.522,-0.320,-23.362,0.000,0.000
36.3356,-0.135,-43.497,-0.320,-23.522,0.000,0.000
36.3672,-0.135,-43.522,-0.320,-23.362,0.000,0.000
36.4022,-0.135,-43.497,-0.320,-23.522,0.000,0.000
36.4351,-0.135,-43.522,-0.320,-23.362,0.000,0.000
36.4673,-0.135,-43.497,-0.320,-23.522,0.000,0.000
36.4998,-0.160,-43.497,-0.160,-23.522,0.000,0.000
36.5319,-0.135,-43.522,-0.320,-23.362,0.000,0.000
36.5666,-0.135,-43.522,-0.320,-23.362,0.000,0.000
36.6025,-0.135,-43.522,-0.320,-23.362,0.000,0.000
36.6313,-0.135,-43.522,-0.320,-23.362,0.000,0.000
36.6687,-0.135,-43.522,-0.320,-23.362,0.000,0.000
36.7015,-0.135,-43.522,-0.320,-23.362,0.000,0.000
36.7402,-0.135,-43.522,-0.320,-23.362,0.000,0.000
36.7671,-0.135,-43.522,-0.320,-23.362,0.000,0.000
36.7994,-0.135,-43.522,-0.320,-23.362,0.000,0.000
36.8352,-0.135,-43.522,-0.320,-23.362,0.000,0.000
36.8735,-0.110,-43.547,-0.480,-23.202,0.000,0.000
36.9109,-0.135,-43.522,-0.320,-23.362,0.000,0.000
36.9409,-0.135,-43.522,-0.320,-23.362,0.000,0.000
36.9740,-0.135,-43.522,-0.320,-23.362,0.000,0.000
37.0072,-0.135,-43.522,-0.320,-23.362,0.000,0.000
37.0366,-0.135,-43.522,-0.320,-23.362,0.000,0.000
37.0713,-0.135,-43.522,-0.320,-23.362,0.000,0.000
37.1048,-0.135,-43.522,-0.320,-23.362,0.000,0.000
37.1377,-0.135,-43.522,-0.320,-23.362,0.000,0.000
37.1731,-0.135,-43.522,-0.320,-23.362,0.000,0.000
37.2081,-0.135,-43.522,-0.320,-23.362,0.000,0.000
37.2384,-0.135,-43.522,-0.320,-23.362,0.000,0.000
37.2734,-0.135,-43.522,-0.320,-23.362,0.000,0.000
37.3035,-0.135,-43.522,-0.320,-23.362,0.000,0.000
37.3361,-0.135,-43.522,-0.320,-23.362,0.000,0.000
37.3725,-0.135,-43.497,-0.320,-23.522,0.000,0.000
37.4070,-0.135,-43.522,-0.320,-23.362,0.000,0.000
37.4359,-0.135,-43.522,-0.320,-23.362,0.000,0.000
37.4705,-0.135,-43.522,-0.320,-23.362,0.000,0.000
37.4998,-0.135,-43.522,-0.320,-23.362,0.000,0.000
37.5304,-0.135,-43.522,-0.320,-23.362,0.000,0.000
37.5671,-0.135,-43.522,-0.320,-23.362,0.000,0.000
37.6017,-0.135,-43.522,-0.320,-23.362,0.000,0.000
37.6318,-0.135,-43.522,-0.320,-23.362,0.000,0.000
37.6684,-0.135,-43.522,-0.320,-23.362,0.000,0.000
37.7003,-0.135,-43.522,-0.320,-23.362,0.000,0.000
37.7366,-0.135,-43.522,-0.320,-23.362,0.000,0.000
37.7685,-0.135,-43.497,-0.320,-23.522,0.000,0.000
37.8017,-0.135,-43.522,-0.320,-23.362,0.000,0.000
37.8335,-0.135,-43.497,-0.320,-23.522,0.000,0.000
37.8707,-0.135,-43.497,-0.320,-23.522,0.000,0.000
37.8992,-0.135,-43.497,-0.320,-23.522,0.000,0.000
37.9337,-0.135,-43.522,-0.320,-23.362,0.000,0.000
37.9720,-0.135,-43.497,-0.320,-23.522,0.000,0.000
37.9997,0.025,-43.522,-0.160,-23.362,0.000,0.000
38.0345,-0.135,-43.522,-0.320,-23.362,0.000,0.000
38.0709,-0.135,-43.497,-0.320,-23.522,0.000,0.000
38.1030,-0.135,-43.497,-0.320,-23.522,0.000,0.000
38.1336,0.025,-43.522,-0.160,-23.362,0.000,0.000
38.1713,-0.135,-43.497,-0.320,-23.522,0.000,0.000
38.2001,-0.135,-43.497,-0.320,-23.522,0.000,0.000
38.2358,-0.135,-43.522,-0.320,-23.362,0.000,0.000
38.2674,-0.135,-43.497,-0.320,-23.522,0.000,0.000
38.3007,-0.135,-43.522,-0.320,-23.362,0.000,0.000
38.3340,0.000,-43.497,0.000,-23.522,0.000,0.000
38.3687,-0.135,-43.522,-0.320,-23.362,0.000,0.000
38.4031,-0.135,-43.522,-0.320,-23.362,0.000,0.000
38.4371,-0.110,-43.497,-0.480,-23.522,0.000,0.000
38.4685,-0.135,-43.522,-0.320,-23.362,0.000,0.000
38.5037,-0.135,-43.497,-0.320,-23.522,0.000,0.000
38.5362,-0.135,-43.522,-0.320,-23.362,0.000,0.000
38.5690,-0.135,-43.497,-0.320,-23.522,0.000,0.000
38.6009,-0.135,-43.522,-0.320,-23.362,0.000,0.000
38.6414,-0.135,-43.522,-0.320,-23.362,0.000,0.000
38.6686,-0.135,-43.497,-0.320,-23.522,0.000,0.000
38.7078,-0.135,-43.522,-0.320,-23.362,0.000,0.000
38.7353,0.025,-43.522,-0.160,-23.362,0.000,0.000
38.7678,-0.135,-43.522,-0.320,-23.362,0.000,0.000
38.8029,-0.135,-43.497,-0.320,-23.522,0.000,0.000
38.8371,-0.135,-43.497,-0.320,-23.522,0.000,0.000
38.8685,0.025,-43.522,-0.160,-23.362,0.000,0.000
38.9017,-0.135,-43.522,-0.320,-23.362,0.000,0.000
38.9320,-0.135,-43.497,-0.320,-23.522,0.000,0.000
38.9672,-0.135,-43.497,-0.320,-23.522,0.000,0.000
39.0010,0.025,-43.522,-0.160,-23.362,0.000,0.000
39.0340,-0.135,-43.522,-0.320,-23.362,0.000,0.000
39.0711,0.025,-43.497,-0.160,-23.522,0.000,0.000
39.1030,-0.135,-43.522,-0.320,-23.362,0.000,0.000
39.1369,-0.135,-43.522,-0.320,-23.362,0.000,0.000
39.1675,-0.135,-43.522,-0.320,-23.362,0.000,0.000
39.2030,-0.160,-43.497,-0.160,-23.522,0.000,0.000
39.2415,-0.135,-43.522,-0.320,-23.362,0.000,0.000
39.2736,-0.135,-43.497,-0.320,-23.522,0.000,0.000
39.3082,-0.135,-43.522,-0.320,-23.362,0.000,0.000
39.3385,-0.135,-43.497,-0.320,-23.522,0.000,0.000
39.3754,-0.135,-43.497,-0.320,-23.522,0.000,0.000
39.4093,-0.135,-43.497,-0.320,-23.522,0.000,0.000
39.4422,-0.135,-43.497,-0.320,-23.522,0.000,0.000
39.4745,-0.135,-43.522,-0.320,-23.362,0.000,0.000
39.5135,-0.135,-43.522,-0.320,-23.362,0.000,0.000
39.5472,-0.135,-43.522,-0.320,-23.362,0.000,0.000
39.5788,-0.135,-43.522,-0.320,-23.362,0.000,0.000
39.6098,-0.135,-43.522,-0.320,-23.362,0.000,0.000
39.6391,-0.135,-43.522,-0.320,-23.362,0.000,0.000
39.6807,-0.135,-43.522,-0.320,-23.362,0.000,0.000
39.7100,-0.135,-43.497,-0.320,-23.522,0.000,0.000
39.7445,-0.160,-43.447,-0.160,-23.842,0.000,0.000
39.7746,-0.135,-43.522,-0.320,-23.362,0.000,0.000
39.8049,0.025,-43.522,-0.160,-23.362,0.000,0.000
39.8368,-0.135,-43.497,-0.320,-23.522,0.000,0.000
39.8711,0.025,-43.497,-0.160,-23.522,0.000,0.000
39.9047,0.025,-43.497,-0.160,-23.522,0.000,0.000
39.9377,-0.135,-43.522,-0.320,-23.362,0.000,0.000
39.9707,0.025,-43.522,-0.160,-23.362,0.000,0.000
40.0077,-0.135,-43.522,-0.320,-23.362,0.000,0.000
40.0369,0.025,-43.522,-0.160,-23.362,0.000,0.000
40.0740,0.025,-43.522,-0.160,-23.362,0.000,0.000
40.1031,-0.135,-43.522,-0.320,-23.362,0.000,0.000
40.1370,-0.135,-43.497,-0.320,-23.522,0.000,0.000
40.1732,-0.135,-43.522,-0.320,-23.362,0.000,0.000
40.2046,-0.135,-43.522,-0.320,-23.362,0.000,0.000
40.2353,-0.135,-43.522,-0.320,-23.362,0.000,0.000
40.2704,-0.135,-43.522,-0.320,-23.362,0.000,0.000
40.3049,-0.135,-43.522,-0.320,-23.362,0.000,0.000
40.3379,-0.135,-43.497,-0.320,-23.522,0.000,0.000
40.3689,0.025,-43.522,-0.160,-23.362,0.000,0.000
40.4054,-0.135,-43.497,-0.320,-23.522,0.000,0.000
40.4389,-0.135,-43.497,-0.320,-23.522,0.000,0.000
40.4737,-0.135,-43.497,-0.320,-23.522,0.000,0.000
40.5034,-0.135,-43.522,-0.320,-23.362,0.000,0.000
40.5401,-0.135,-43.497,-0.320,-23.522,0.000,0.000
40.5744,-0.135,-43.497,-0.320,-23.522,0.000,0.000
40.6071,-0.135,-43.522,-0.320,-23.362,0.000,0.000
40.6388,-0.135,-43.497,-0.320,-23.522,0.000,0.000
40.6708,-0.135,-43.522,-0.320,-23.362,0.000,0.000
40.7063,-0.135,-43.497,-0.320,-23.522,0.000,0.000
40.7364,-0.135,-43.522,-0.320,-23.362,0.000,0.000
40.7717,-0.135,-43.497,-0.320,-23.522,0.000,0.000
40.8031,-0.135,-43.472,-0.320,-23.682,0.000,0.000
40.8356,-0.135,-43.497,-0.320,-23.522,0.000,0.000
40.8711,-0.135,-43.522,-0.320,-23.362,0.000,0.000
40.9055,-0.135,-43.522,-0.320,-23.362,0.000,0.000
40.9394,-0.135,-43.497,-0.320,-23.522,0.000,0.000
40.9719,-0.135,-43.497,-0.320,-23.522,0.000,0.000
41.0072,-0.135,-43.522,-0.320,-23.362,0.000,0.000
41.0362,-0.135,-43.522,-0.320,-23.362,0.000,0.000
41.0692,-0.135,-43.497,-0.320,-23.522,0.000,0.000
41.1050,-0.135,-43.497,-0.320,-23.522,0.000,0.000
41.1396,-0.135,-43.522,-0.320,-23.362,0.000,0.000
41.1702,-0.135,-43.522,-0.320,-23.362,0.000,0.000
41.2067,-0.135,-43.522,-0.320,-23.362,0.000,0.000
41.2403,-0.135,-43.497,-0.320,-23.522,0.000,0.000
41.2717,-0.135,-43.522,-0.320,-23.362,0.000,0.000
41.3071,-0.135,-43.522,-0.320,-23.362,0.000,0.000
41.3412,-0.135,-43.522,-0.320,-23.362,0.000,0.000
41.3711,-0.135,-43.497,-0.320,-23.522,0.000,0.000
41.4048,-0.135,-43.522,-0.320,-23.362,0.000,0.000
41.4376,-0.135,-43.522,-0.320,-23.362,0.000,0.000
41.4701,-0.135,-43.522,-0.320,-23.362,0.000,0.000
41.5090,-0.135,-43.522,-0.320,-23.362,0.000,0.000
41.5376,-0.110,-43.522,-0.480,-23.362,0.000,0.000
41.5694,-0.135,-43.522,-0.320,-23.362,0.000,0.000
41.6117,-0.135,-43.497,-0.320,-23.522,0.000,0.000
41.6424,-0.135,-43.522,-0.320,-23.362,0.000,0.000
41.6797,-0.135,-43.522,-0.320,-23.362,0.000,0.000
41.7131,-0.135,-43.497,-0.320,-23.522,0.000,0.000
41.7445,-0.135,-43.522,-0.320,-23.362,0.000,0.000
41.7771,-0.135,-43.497,-0.320,-23.522,0.000,0.000
41.8123,-0.135,-43.497,-0.320,-23.522,0.000,0.000
41.8459,-0.135,-43.497,-0.320,-23.522,0.000,0.000
41.8766,-0.135,-43.497,-0.320,-23.522,0.000,0.000
41.9140,-0.135,-43.522,-0.320,-23.362,0.000,0.000
41.9489,-0.135,-43.497,-0.320,-23.522,0.000,0.000
41.9776,-0.060,-43.547,-0.800,-23.202,0.000,0.000
42.0138,-0.135,-43.497,-0.320,-23.522,0.000,0.000
42.0454,-0.135,-43.497,-0.320,-23.522,0.000,0.000
42.0794,-0.135,-43.522,-0.320,-23.362,0.000,0.000
42.1127,-0.135,-43.497,-0.320,-23.522,0.000,0.000
42.1472,-0.135,-43.497,-0.320,-23.522,0.000,0.000
42.1791,-0.135,-43.522,-0.320,-23.362,0.000,0.000
42.2122,-0.135,-43.497,-0.320,-23.522,0.000,0.000
42.2405,-0.135,-43.497,-0.320,-23.522,0.000,0.000
42.2726,-0.135,-43.497,-0.320,-23.522,0.000,0.000
42.3045,-0.135,-43.522,-0.320,-23.362,0.000,0.000
42.3378,-0.135,-43.497,-0.320,-23.522,0.000,0.000
42.3740,-0.135,-43.497,-0.320,-23.522,0.000,0.000
42.4081,-0.135,-43.522,-0.320,-23.362,0.000,0.000
42.4379,-0.135,-43.522,-0.320,-23.362,0.000,0.000
42.4718,-0.135,-43.522,-0.320,-23.362,0.000,0.000
42.5046,-0.135,-43.522,-0.320,-23.362,0.000,0.000
42.5388,-0.135,-43.497,-0.320,-23.522,0.000,0.000
42.5744,-0.135,-43.497,-0.320,-23.522,0.000,0.000
42.6084,-0.135,-43.497,-0.320,-23.522,0.000,0.000
42.6396,-0.135,-43.497,-0.320,-23.522,0.000,0.000
42.6744,-0.135,-43.497,-0.320,-23.522,0.000,0.000
42.7085,-0.135,-43.497,-0.320,-23.522,0.000,0.000
42.7418,-0.135,-43.522,-0.320,-23.362,0.000,0.000
42.7721,-0.135,-43.422,-0.320,-24.002,0.000,0.000
42.8085,-0.135,-43.497,-0.320,-23.522,0.000,0.000
42.8396,-0.135,-43.497,-0.320,-23.522,0.000,0.000
42.8768,-0.135,-43.497,-0.320,-23.522,0.000,0.000
42.9126,-0.135,-43.497,-0.320,-23.522,0.000,0.000
42.9396,-0.135,-43.497,-0.320,-23.522,0.000,0.000
42.9711,-0.135,-43.522,-0.320,-23.362,0.000,0.000
43.0091,-0.135,-43.497,-0.320,-23.522,0.000,0.000
43.0401,-0.135,-43.522,-0.320,-23.362,0.000,0.000
43.0743,-0.135,-43.522,-0.320,-23.362,0.000,0.000
43.1067,-0.135,-43.522,-0.320,-23.362,0.000,0.000
43.1401,-0.135,-43.522,-0.320,-23.362,0.000,0.000
43.1710,-0.135,-43.497,-0.320,-23.522,0.000,0.000
43.2100,-0.135,-43.522,-0.320,-23.362,0.000,0.000
43.2415,-0.135,-43.497,-0.320,-23.522,0.000,0.000
43.2729,-0.135,-43.522,-0.320,-23.362,0.000,0.000
43.3097,-0.135,-43.522,-0.320,-23.362,0.000,0.000
43.3395,-0.135,-43.522,-0.320,-23.362,0.000,0.000
43.3722,-0.135,-43.522,-0.320,-23.362,0.000,0.000
43.4167,-0.135,-43.522,-0.320,-23.362,0.000,0.000
43.4456,-0.135,-43.522,-0.320,-23.362,0.000,0.000
43.4737,-0.135,-43.497,-0.320,-23.522,0.000,0.000
43.5067,-0.135,-43.522,-0.320,-23.362,0.000,0.000
43.5426,-0.135,-43.497,-0.320,-23.522,0.000,0.000
43.5728,-0.135,-43.497,-0.320,-23.522,0.000,0.000
43.6081,-0.135,-43.497,-0.320,-23.522,0.000,0.000
43.6395,-0.135,-43.497,-0.320,-23.522,0.000,0.000
43.6722,-0.135,-43.522,-0.320,-23.362,0.000,0.000
43.7079,-0.135,-43.522,-0.320,-23.362,0.000,0.000
43.7401,-0.135,-43.522,-0.320,-23.362,0.000,0.000
43.7720,-0.135,-43.522,-0.320,-23.362,0.000,0.000
43.8072,-0.135,-43.497,-0.320,-23.522,0.000,0.000
43.8390,-0.135,-43.497,-0.320,-23.522,0.000,0.000
43.8785,-0.135,-43.497,-0.320,-23.522,0.000,0.000
43.9092,-0.135,-43.522,-0.320,-23.362,0.000,0.000
43.9328,-0.135,-43.522,-0.320,-23.362,0.000,0.000
43.9750,-0.135,-43.497,-0.320,-23.522,0.000,0.000
44.0069,-0.135,-43.522,-0.320,-23.362,0.000,0.000
44.0476,-0.135,-43.522,-0.320,-23.362,0.000,0.000
44.0806,-0.160,-43.497,-0.160,-23.522,0.000,0.000
44.1181,-0.135,-43.522,-0.320,-23.362,0.000,0.000
44.1507,-0.135,-43.522,-0.320,-23.362,0.000,0.000
44.1830,-0.135,-43.497,-0.320,-23.522,0.000,0.000
44.2172,-0.135,-43.522,-0.320,-23.362,0.000,0.000
44.2489,-0.135,-43.522,-0.320,-23.362,0.000,0.000
44.2819,-0.135,-43.522,-0.320,-23.362,0.000,0.000
44.3164,-0.135,-43.497,-0.320,-23.522,0.000,0.000
44.3535,-0.135,-43.497,-0.320,-23.522,0.000,0.000
44.3852,-0.135,-43.522,-0.320,-23.362,0.000,0.000
44.4133,-0.135,-43.522,-0.320,-23.362,0.000,0.000
44.4457,-0.135,-43.522,-0.320,-23.362,0.000,0.000
44.4814,-0.135,-43.497,-0.320,-23.522,0.000,0.000
44.5126,-0.135,-43.522,-0.320,-23.362,0.000,0.000
44.5481,-0.135,-43.497,-0.320,-23.522,0.000,0.000
44.5826,-0.135,-43.522,-0.320,-23.362,0.000,0.000
44.6148,-0.135,-43.497,-0.320,-23.522,0.000,0.000
44.6381,-0.135,-43.522,-0.320,-23.362,0.000,0.000
44.6760,-0.135,-43.522,-0.320,-23.362,0.000,0.000
44.7090,-0.135,-43.522,-0.320,-23.362,0.000,0.000
44.7419,-0.135,-43.522,-0.320,-23.362,0.000,0.000
44.7731,-0.135,-43.522,-0.320,-23.362,0.000,0.000
44.8095,-0.135,-43.497,-0.320,-23.522,0.000,0.000
44.8427,-0.135,-43.497,-0.320,-23.522,0.000,0.000
44.8741,-0.135,-43.497,-0.320,-23.522,0.000,0.000
44.9098,-0.135,-43.522,-0.320,-23.362,0.000,0.000
44.9402,-0.135,-43.522,-0.320,-23.362,0.000,0.000
44.9733,-0.135,-43.497,-0.320,-23.522,0.000,0.000
45.0090,-0.135,-43.522,-0.320,-23.362,0.000,0.000
45.0402,-0.135,-43.522,-0.320,-23.362,0.000,0.000
45.0739,-0.135,-43.497,-0.320,-23.522,0.000,0.000
45.1101,-0.135,-43.522,-0.320,-23.362,0.000,0.000
45.1426,-0.135,-43.522,-0.320,-23.362,0.000,0.000
45.1723,-0.135,-43.497,-0.320,-23.522,0.000,0.000
45.2077,-0.135,-43.522,-0.320,-23.362,0.000,0.000
45.2401,-0.135,-43.522,-0.320,-23.362,0.000,0.000
45.2754,-0.135,-43.497,-0.320,-23.522,0.000,0.000
45.3091,-0.135,-43.497,-0.320,-23.522,0.000,0.000
45.3417,-0.135,-43.497,-0.320,-23.522,0.000,0.000
45.3778,-0.135,-43.497,-0.320,-23.522,0.000,0.000
45.4101,-0.135,-43.522,-0.320,-23.362,0.000,0.000
45.4437,-0.135,-43.522,-0.320,-23.362,0.000,0.000
45.4676,-0.135,-43.522,-0.320,-23.362,0.000,0.000
45.5109,-0.135,-43.497,-0.320,-23.522,0.000,0.000
45.5394,-0.135,-43.522,-0.320,-23.362,0.000,0.000
45.5744,-0.135,-43.522,-0.320,-23.362,0.000,0.000
45.6134,-0.135,-43.522,-0.320,-23.362,0.000,0.000
45.6427,-0.135,-43.522,-0.320,-23.362,0.000,0.000
45.6663,-0.135,-43.522,-0.320,-23.362,0.000,0.000
45.7113,-0.135,-43.522,-0.320,-23.362,0.000,0.000
45.7385,-0.135,-43.522,-0.320,-23.362,0.000,0.000
45.7742,-0.160,-43.472,-0.160,-23.682,0.000,0.000
45.8111,-0.135,-43.522,-0.320,-23.362,0.000,0.000
45.8433,-0.135,-43.497,-0.320,-23.522,0.000,0.000
45.8776,-0.135,-43.497,-0.320,-23.522,0.000,0.000
45.9108,-0.135,-43.497,-0.320,-23.522,0.000,0.000
45.9446,-0.135,-43.522,-0.320,-23.362,0.000,0.000
45.9777,-0.135,-43.497,-0.320,-23.522,0.000,0.000
46.0089,-0.160,-43.522,-0.160,-23.362,0.000,0.000
46.0475,-0.135,-43.497,-0.320,-23.522,0.000,0.000
46.0789,-0.135,-43.497,-0.320,-23.522,0.000,0.000
46.1019,-0.135,-43.497,-0.320,-23.522,0.000,0.000
46.1264,-0.135,-43.522,-0.320,-23.362,0.000,0.000
46.1783,-0.135,-43.497,-0.320,-23.522,0.000,0.000
46.2101,-0.135,-43.497,-0.320,-23.522,0.000,0.000
46.2435,-0.160,-43.447,-0.160,-23.842,0.000,0.000
46.2783,-0.135,-43.522,-0.320,-23.362,0.000,0.000
46.3093,-0.135,-43.522,-0.320,-23.362,0.000,0.000
46.3443,-0.135,-43.522,-0.320,-23.362,0.000,0.000
46.3831,-0.135,-43.497,-0.320,-23.522,0.000,0.000
46.4096,-0.135,-43.522,-0.320,-23.362,0.000,0.000
46.4467,-0.135,-43.522,-0.320,-23.362,0.000,0.000
46.4807,-0.135,-43.497,-0.320,-23.522,0.000,0.000
46.5127,-0.135,-43.497,-0.320,-23.522,0.000,0.000
46.5462,-0.135,-43.522,-0.320,-23.362,0.000,0.000
46.5847,-0.135,-43.522,-0.320,-23.362,0.000,0.000
46.6187,-0.135,-43.522,-0.320,-23.362,0.000,0.000
46.6476,-0.135,-43.522,-0.320,-23.362,0.000,0.000
46.6848,-0.135,-43.497,-0.320,-23.522,0.000,0.000
46.7195,-0.135,-43.497,-0.320,-23.522,0.000,0.000
46.7479,-0.135,-43.522,-0.320,-23.362,0.000,0.000
46.7769,-0.135,-43.522,-0.320,-23.362,0.000,0.000
46.8134,-0.135,-43.497,-0.320,-23.522,0.000,0.000
46.8471,-0.135,-43.522,-0.320,-23.362,0.000,0.000
46.8847,-0.135,-43.497,-0.320,-23.522,0.000,0.000
46.9154,-0.135,-43.522,-0.320,-23.362,0.000,0.000
46.9458,-0.135,-43.522,-0.320,-23.362,0.000,0.000
46.9775,-0.135,-43.497,-0.320,-23.522,0.000,0.000
47.0107,-0.135,-43.522,-0.320,-23.362,0.000,0.000
47.0415,-0.135,-43.497,-0.320,-23.522,0.000,0.000
47.0658,-0.135,-43.497,-0.320,-23.522,0.000,0.000
47.1142,-0.135,-43.522,-0.320,-23.362,0.000,0.000
47.1454,-0.135,-43.497,-0.320,-23.522,0.000,0.000
47.1686,-0.135,-43.497,-0.320,-23.522,0.000,0.000
47.2192,-0.135,-43.497,-0.320,-23.522,0.000,0.000
47.2477,-0.135,-43.497,-0.320,-23.522,0.000,0.000
47.2701,-0.135,-43.522,-0.320,-23.362,0.000,0.000
47.2960,-0.135,-43.522,-0.320,-23.362,0.000,0.000
47.3200,-0.135,-43.497,-0.320,-23.522,0.000,0.000
47.3458,-0.135,-43.497,-0.320,-23.522,0.000,0.000
47.3763,-0.135,-43.497,-0.320,-23.522,0.000,0.000
47.4133,-0.135,-43.497,-0.320,-23.522,0.000,0.000
47.4468,-0.135,-43.522,-0.320,-23.362,0.000,0.000
47.4786,-0.135,-43.497,-0.320,-23.522,0.000,0.000
47.5144,-0.135,-43.522,-0.320,-23.362,0.000,0.000
47.5458,-0.135,-43.522,-0.320,-23.362,0.000,0.000
47.6144,-0.135,-43.522,-0.320,-23.362,0.000,0.000
47.6411,-0.135,-43.522,-0.320,-23.362,0.000,0.000
47.6676,-0.135,-43.522,-0.320,-23.362,0.000,0.000
47.6948,-0.135,-43.497,-0.320,-23.522,0.000,0.000
47.7172,-0.135,-43.497,-0.320,-23.522,0.000,0.000
47.7440,-0.135,-43.522,-0.320,-23.362,0.000,0.000
47.8124,-0.135,-43.522,-0.320,-23.362,0.000,0.000
47.8443,-0.135,-43.522,-0.320,-23.362,0.000,0.000
47.8696,-0.135,-43.522,-0.320,-23.362,0.000,0.000
47.9130,-0.135,-43.522,-0.320,-23.362,0.000,0.000
47.9405,-0.135,-43.522,-0.320,-23.362,0.000,0.000
47.9685,-0.135,-43.497,-0.320,-23.522,0.000,0.000
48.0214,-0.135,-43.497,-0.320,-23.522,0.000,0.000
48.0411,-0.135,-43.497,-0.320,-23.522,0.000,0.000
48.0661,-0.135,-43.522,-0.320,-23.362,0.000,0.000
48.0894,-0.135,-43.497,-0.320,-23.522,0.000,0.000
48.1444,-0.135,-43.522,-0.320,-23.362,0.000,0.000
48.1672,-0.135,-43.522,-0.320,-23.362,0.000,0.000
48.1896,-0.135,-43.497,-0.320,-23.522,0.000,0.000
48.2149,-0.135,-43.497,-0.320,-23.522,0.000,0.000
48.2473,-0.160,-43.497,-0.160,-23.522,0.000,0.000
48.2778,-0.135,-43.522,-0.320,-23.362,0.000,0.000
48.3104,-0.135,-43.522,-0.320,-23.362,0.000,0.000
48.3466,-0.135,-43.522,-0.320,-23.362,0.000,0.000
48.3794,-0.135,-43.497,-0.320,-23.522,0.000,0.000
48.4134,-0.135,-43.522,-0.320,-23.362,0.000,0.000
48.4453,-0.135,-43.497,-0.320,-23.522,0.000,0.000
48.4792,-0.135,-43.497,-0.320,-23.522,0.000,0.000
48.5115,-0.135,-43.522,-0.320,-23.362,0.000,0.000
48.5450,-0.160,-43.497,-0.160,-23.522,0.000,0.000
48.5808,0.025,-43.497,-0.160,-23.522,0.000,0.000
48.6154,-0.160,-43.497,-0.160,-23.522,0.000,0.000
48.6483,-0.135,-43.497,-0.320,-23.522,0.000,0.000
48.6814,-0.160,-43.547,-0.160,-23.202,0.000,0.000
48.7139,-0.135,-43.497,-0.320,-23.522,0.000,0.000
48.7461,-0.135,-43.522,-0.320,-23.362,0.000,0.000
48.7807,-0.135,-43.522,-0.320,-23.362,0.000,0.000
48.8166,-0.135,-43.522,-0.320,-23.362,0.000,0.000
48.8517,-0.135,-43.522,-0.320,-23.362,0.000,0.000
48.8855,-0.135,-43.497,-0.320,-23.522,0.000,0.000
48.9195,-0.135,-43.497,-0.320,-23.522,0.000,0.000
48.9518,-0.135,-43.497,-0.320,-23.522,0.000,0.000
48.9835,-0.135,-43.522,-0.320,-23.362,0.000,0.000
49.0187,-0.135,-43.522,-0.320,-23.362,0.000,0.000
49.0514,-0.135,-43.522,-0.320,-23.362,0.000,0.000
49.0846,-0.135,-43.522,-0.320,-23.362,0.000,0.000
49.1175,-0.135,-43.522,-0.320,-23.362,0.000,0.000
49.1519,-0.135,-43.497,-0.320,-23.522,0.000,0.000
49.1846,-0.135,-43.522,-0.320,-23.362,0.000,0.000
49.2221,-0.135,-43.522,-0.320,-23.362,0.000,0.000
49.2569,-0.135,-43.522,-0.320,-23.362,0.000,0.000
49.2861,-0.135,-43.522,-0.320,-23.362,0.000,0.000
49.3192,-0.135,-43.522,-0.320,-23.362,0.000,0.000
49.3526,-0.110,-43.497,-0.480,-23.522,0.000,0.000
49.3854,-0.135,-43.497,-0.320,-23.522,0.000,0.000
49.4224,-0.135,-43.522,-0.320,-23.362,0.000,0.000
49.4472,0.025,-43.522,-0.160,-23.362,0.000,0.000
49.4780,-0.135,-43.522,-0.320,-23.362,0.000,0.000
49.5127,-0.135,-43.522,-0.320,-23.362,0.000,0.000
49.5471,-0.135,-43.522,-0.320,-23.362,0.000,0.000
49.5804,-0.135,-43.497,-0.320,-23.522,0.000,0.000
49.6170,-0.135,-43.522,-0.320,-23.362,0.000,0.000
49.6452,0.025,-43.497,-0.160,-23.522,0.000,0.000
49.6799,-0.135,-43.522,-0.320,-23.362,0.000,0.000
49.7122,-0.135,-43.522,-0.320,-23.362,0.000,0.000
49.7466,-0.135,-43.522,-0.320,-23.362,0.000,0.000
49.7779,0.025,-43.522,-0.160,-23.362,0.000,0.000
49.8131,0.025,-43.522,-0.160,-23.362,0.000,0.000
49.8487,0.025,-43.522,-0.160,-23.362,0.000,0.000
49.8811,-0.135,-43.522,-0.320,-23.362,0.000,0.000
49.9144,-0.135,-43.522,-0.320,-23.362,0.000,0.000
49.9486,0.025,-43.522,-0.160,-23.362,0.000,0.000
49.9798,-0.135,-43.522,-0.320,-23.362,0.000,0.000
50.0130,0.025,-43.522,-0.160,-23.362,0.000,0.000
50.0469,0.025,-43.522,-0.160,-23.362,0.000,0.000
50.0887,-0.135,-43.522,-0.320,-23.362,0.000,0.000
50.1179,-0.135,-43.497,-0.320,-23.522,0.000,0.000
50.1460,0.025,-43.497,-0.160,-23.522,0.000,0.000
50.1798,-0.135,-43.522,-0.320,-23.362,0.000,0.000
50.2132,-0.135,-43.497,-0.320,-23.522,0.000,0.000
50.2461,-0.135,-43.522,-0.320,-23.362,0.000,0.000
50.2784,-0.135,-43.522,-0.320,-23.362,0.000,0.000
50.3139,-0.135,-43.497,-0.320,-23.522,0.000,0.000
50.3461,-0.135,-43.522,-0.320,-23.362,0.000,0.000
50.3785,-0.135,-43.522,-0.320,-23.362,0.000,0.000
50.4131,-0.135,-43.497,-0.320,-23.522,0.000,0.000
50.4467,-0.135,-43.522,-0.320,-23.362,0.000,0.000
50.4804,-0.135,-43.522,-0.320,-23.362,0.000,0.000
50.5148,-0.135,-43.522,-0.320,-23.362,0.000,0.000
50.5464,-0.135,-43.522,-0.320,-23.362,0.000,0.000
50.5815,-0.135,-43.497,-0.320,-23.522,0.000,0.000
50.6137,-0.135,-43.522,-0.320,-23.362,0.000,0.000
50.6465,-0.135,-43.497,-0.320,-23.522,0.000,0.000
50.6803,-0.135,-43.522,-0.320,-23.362,0.000,0.000
50.7164,-0.135,-43.522,-0.320,-23.362,0.000,0.000
50.7535,-0.135,-43.497,-0.320,-23.522,0.000,0.000
50.7820,-0.135,-43.522,-0.320,-23.362,0.000,0.000
50.8155,-0.135,-43.522,-0.320,-23.362,0.000,0.000
50.8495,-0.135,-43.522,-0.320,-23.362,0.000,0.000
50.8844,-0.135,-43.522,-0.320,-23.362,0.000,0.000
50.9134,-0.135,-43.622,-0.320,-22.722,0.000,0.000
50.9489,-0.135,-43.522,-0.320,-23.362,0.000,0.000
50.9822,-0.135,-43.522,-0.320,-23.362,0.000,0.000
51.0155,-0.135,-43.522,-0.320,-23.362,0.000,0.000
51.0463,-0.135,-43.497,-0.320,-23.522,0.000,0.000
51.0828,-0.135,-43.497,-0.320,-23.522,0.000,0.000
51.1170,-0.135,-43.522,-0.320,-23.362,0.000,0.000
51.1458,-0.135,-43.522,-0.320,-23.362,0.000,0.000
51.1834,-0.135,-43.522,-0.320,-23.362,0.000,0.000
51.2187,0.025,-43.522,-0.160,-23.362,0.000,0.000
51.2528,-0.135,-43.497,-0.320,-23.522,0.000,0.000
51.2837,-0.135,-43.522,-0.320,-23.362,0.000,0.000
51.3234,-0.135,-43.522,-0.320,-23.362,0.000,0.000
51.3558,-0.135,-43.522,-0.320,-23.362,0.000,0.000
51.3874,-0.135,-43.497,-0.320,-23.522,0.000,0.000
51.4228,-0.135,-43.497,-0.320,-23.522,0.000,0.000
51.4569,-0.135,-43.522,-0.320,-23.362,0.000,0.000
51.4871,-0.135,-43.497,-0.320,-23.522,0.000,0.000
51.5240,-0.135,-43.522,-0.320,-23.362,0.000,0.000
51.5539,-0.135,-43.497,-0.320,-23.522,0.000,0.000
51.5882,-0.110,-43.397,-0.480,-24.162,0.000,0.000
51.6215,-0.135,-43.522,-0.320,-23.362,0.000,0.000
51.6548,-0.135,-43.522,-0.320,-23.362,0.000,0.000
51.6873,-0.135,-43.522,-0.320,-23.362,0.000,0.000
51.7206,-0.135,-43.497,-0.320,-23.522,0.000,0.000
51.7515,-0.135,-43.522,-0.320,-23.362,0.000,0.000
51.7878,-0.135,-43.497,-0.320,-23.522,0.000,0.000
51.8189,-0.135,-43.522,-0.320,-23.362,0.000,0.000
51.8473,-0.135,-43.522,-0.320,-23.362,0.000,0.000
51.8833,-0.135,-43.497,-0.320,-23.522,0.000,0.000
51.9135,-0.135,-43.522,-0.320,-23.362,0.000,0.000
51.9499,-0.135,-43.522,-0.320,-23.362,0.000,0.000
51.9828,-0.135,-43.497,-0.320,-23.522,0.000,0.000
52.0164,-0.135,-43.522,-0.320,-23.362,0.000,0.000
52.0479,-0.135,-43.497,-0.320,-23.522,0.000,0.000
52.0846,0.025,-43.522,-0.160,-23.362,0.000,0.000
52.1186,0.025,-43.522,-0.160,-23.362,0.000,0.000
52.1497,0.025,-43.497,-0.160,-23.522,0.000,0.000
52.1830,0.025,-43.522,-0.160,-23.362,0.000,0.000
52.2160,-0.135,-43.522,-0.320,-23.362,0.000,0.000
52.2488,-0.135,-43.522,-0.320,-23.362,0.000,0.000
52.2844,-0.135,-43.522,-0.320,-23.362,0.000,0.000
52.3180,-0.135,-43.522,-0.320,-23.362,0.000,0.000
52.3488,-0.185,-43.397,0.000,-24.162,0.000,0.000
52.3855,0.025,-43.522,-0.160,-23.362,0.000,0.000
52.4151,-0.135,-43.497,-0.320,-23.522,0.000,0.000
52.4491,-0.135,-43.497,-0.320,-23.522,0.000,0.000
52.4846,0.025,-43.522,-0.160,-23.362,0.000,0.000
52.5159,-0.135,-43.497,-0.320,-23.522,0.000,0.000
52.5506,-0.135,-43.497,-0.320,-23.522,0.000,0.000
52.5870,-0.135,-43.522,-0.320,-23.362,0.000,0.000
52.6158,0.025,-43.497,-0.160,-23.522,0.000,0.000
52.6487,-0.135,-43.522,-0.320,-23.362,0.000,0.000
52.6846,-0.135,-43.522,-0.320,-23.362,0.000,0.000
52.7188,-0.135,-43.522,-0.320,-23.362,0.000,0.000
52.7508,-0.135,-43.522,-0.320,-23.362,0.000,0.000
52.7860,-0.135,-43.522,-0.320,-23.362,0.000,0.000
52.8148,-0.135,-43.522,-0.320,-23.362,0.000,0.000
52.8509,-0.135,-43.497,-0.320,-23.522,0.000,0.000
52.8802,-0.135,-43.497,-0.320,-23.522,0.000,0.000
52.9146,-0.135,-43.522,-0.320,-23.362,0.000,0.000
52.9524,-0.135,-43.497,-0.320,-23.522,0.000,0.000
52.9806,-0.135,-43.497,-0.320,-23.522,0.000,0.000
53.0185,-0.135,-43.497,-0.320,-23.522,0.000,0.000
53.0507,-0.160,-43.497,-0.160,-23.522,0.000,0.000
53.0836,-0.135,-43.497,-0.320,-23.522,0.000,0.000
53.1166,-0.135,-43.522,-0.320,-23.362,0.000,0.000
53.1482,-0.135,-43.522,-0.320,-23.362,0.000,0.000
53.1836,-0.110,-43.497,-0.480,-23.522,0.000,0.000
53.2186,-0.135,-43.522,-0.320,-23.362,0.000,0.000
53.2475,-0.135,-43.522,-0.320,-23.362,0.000,0.000
53.2823,-0.135,-43.522,-0.320,-23.362,0.000,0.000
53.3183,-0.135,-43.522,-0.320,-23.362,0.000,0.000
53.3476,-0.135,-43.522,-0.320,-23.362,0.000,0.000
53.3823,-0.135,-43.497,-0.320,-23.522,0.000,0.000
53.4157,-0.135,-43.522,-0.320,-23.362,0.000,0.000
53.4511,-0.135,-43.497,-0.320,-23.522,0.000,0.000
53.4834,0.025,-43.522,-0.160,-23.362,0.000,0.000
53.5169,-0.135,-43.522,-0.320,-23.362,0.000,0.000
53.5477,-0.135,-43.522,-0.320,-23.362,0.000,0.000
53.5827,-0.135,-43.522,-0.320,-23.362,0.000,0.000
53.6219,-0.135,-43.522,-0.320,-23.362,0.000,0.000
53.6520,-0.135,-43.522,-0.320,-23.362,0.000,0.000
53.6857,-0.135,-43.522,-0.320,-23.362,0.000,0.000
53.7219,-0.135,-43.522,-0.320,-23.362,0.000,0.000
53.7547,-0.110,-43.497,-0.480,-23.522,0.000,0.000
53.7888,-0.135,-43.522,-0.320,-23.362,0.000,0.000
53.8211,-0.135,-43.497,-0.320,-23.522,0.000,0.000
53.8537,-0.135,-43.522,-0.320,-23.362,0.000,0.000
53.8880,-0.135,-43.497,-0.320,-23.522,0.000,0.000
53.9206,-0.135,-43.497,-0.320,-23.522,0.000,0.000
53.9543,-0.135,-43.497,-0.320,-23.522,0.000,0.000
53.9874,-0.160,-43.522,-0.160,-23.362,0.000,0.000
54.0217,-0.135,-43.497,-0.320,-23.522,0.000,0.000
54.0553,-0.135,-43.522,-0.320,-23.362,0.000,0.000
54.0885,-0.135,-43.497,-0.320,-23.522,0.000,0.000
54.1224,-0.135,-43.497,-0.320,-23.522,0.000,0.000
54.1546,-0.135,-43.522,-0.320,-23.362,0.000,0.000
54.1883,-0.135,-43.497,-0.320,-23.522,0.000,0.000
54.2307,-0.135,-43.497,-0.320,-23.522,0.000,0.000
54.2614,-0.135,-43.522,-0.320,-23.362,0.000,0.000
54.2895,-0.135,-43.522,-0.320,-23.362,0.000,0.000
54.3215,0.025,-43.497,-0.160,-23.522,0.000,0.000
54.3548,0.050,-43.522,-0.320,-23.362,0.000,0.000
54.3884,-0.135,-43.522,-0.320,-23.362,0.000,0.000
54.4192,-0.135,-43.472,-0.320,-23.682,0.000,0.000
54.4486,-0.135,-43.497,-0.320,-23.522,0.000,0.000
54.4825,-0.185,-43.497,0.000,-23.522,0.000,0.000
54.5170,-0.135,-43.522,-0.320,-23.362,0.000,0.000
54.5497,-0.135,-43.522,-0.320,-23.362,0.000,0.000
54.5821,0.000,-43.472,0.000,-23.682,0.000,0.000
54.6185,-0.135,-43.497,-0.320,-23.522,0.000,0.000
54.6500,-0.135,-43.522,-0.320,-23.362,0.000,0.000
54.6836,-0.135,-43.497,-0.320,-23.522,0.000,0.000
54.7178,-0.135,-43.497,-0.320,-23.522,0.000,0.000
54.7509,-0.135,-43.522,-0.320,-23.362,0.000,0.000
54.7834,-0.135,-43.522,-0.320,-23.362,0.000,0.000
54.8175,-0.160,-43.497,-0.160,-23.522,0.000,0.000
54.8497,-0.160,-43.522,-0.160,-23.362,0.000,0.000
54.8884,0.025,-43.522,-0.160,-23.362,0.000,0.000
54.9185,-0.135,-43.522,-0.320,-23.362,0.000,0.000
54.9523,-0.135,-43.497,-0.320,-23.522,0.000,0.000
54.9823,-0.135,-43.522,-0.320,-23.362,0.000,0.000
55.0184,-0.135,-43.522,-0.320,-23.362,0.000,0.000
55.0488,-0.135,-43.522,-0.320,-23.362,0.000,0.000
55.0867,-0.135,-43.522,-0.320,-23.362,0.000,0.000
55.1202,-0.135,-43.497,-0.320,-23.522,0.000,0.000
55.1509,-0.135,-43.522,-0.320,-23.362,0.000,0.000
55.1827,-0.135,-43.522,-0.320,-23.362,0.000,0.000
55.2171,-0.110,-43.522,-0.480,-23.362,0.000,0.000
55.2540,-0.135,-43.522,-0.320,-23.362,0.000,0.000
55.2842,-0.135,-43.522,-0.320,-23.362,0.000,0.000
55.3180,-0.135,-43.497,-0.320,-23.522,0.000,0.000
55.3515,-0.135,-43.522,-0.320,-23.362,0.000,0.000
55.3856,0.025,-43.497,-0.160,-23.522,0.000,0.000
55.4185,-0.135,-43.497,-0.320,-23.522,0.000,0.000
55.4516,-0.135,-43.522,-0.320,-23.362,0.000,0.000
55.4846,-0.135,-43.497,-0.320,-23.522,0.000,0.000
55.6482,-0.135,-43.522,-0.320,-23.362,0.000,0.000
55.6707,-0.135,-43.522,-0.320,-23.362,0.000,0.000
55.6940,-0.135,-43.522,-0.320,-23.362,0.000,0.000
55.7192,-0.135,-43.497,-0.320,-23.522,0.000,0.000
55.7508,-0.135,-43.522,-0.320,-23.362,0.000,0.000
55.7840,-0.135,-43.497,-0.320,-23.522,0.000,0.000
55.8187,-0.135,-43.522,-0.320,-23.362,0.000,0.000
55.8555,-0.135,-43.447,-0.320,-23.842,0.000,0.000
55.8847,-0.135,-43.522,-0.320,-23.362,0.000,0.000
55.9201,-0.135,-43.522,-0.320,-23.362,0.000,0.000
55.9528,-0.135,-43.522,-0.320,-23.362,0.000,0.000
55.9871,-0.135,-43.522,-0.320,-23.362,0.000,0.000
56.0185,-0.135,-43.497,-0.320,-23.522,0.000,0.000
56.0617,-0.135,-43.522,-0.320,-23.362,0.000,0.000
56.0854,-0.135,-43.522,-0.320,-23.362,0.000,0.000
56.1217,-0.135,-43.497,-0.320,-23.522,0.000,0.000
56.1548,-0.135,-43.522,-0.320,-23.362,0.000,0.000
56.1871,0.025,-43.472,-0.160,-23.682,0.000,0.000
56.2230,-0.135,-43.522,-0.320,-23.362,0.000,0.000
56.2559,0.025,-43.497,-0.160,-23.522,0.000,0.000
56.2889,-0.135,-43.497,-0.320,-23.522,0.000,0.000
56.3227,-0.135,-43.522,-0.320,-23.362,0.000,0.000
56.3559,-0.135,-43.522,-0.320,-23.362,0.000,0.000
56.3887,-0.135,-43.522,-0.320,-23.362,0.000,0.000
56.4217,-0.135,-43.522,-0.320,-23.362,0.000,0.000
56.4555,-0.135,-43.522,-0.320,-23.362,0.000,0.000
56.4925,0.025,-43.522,-0.160,-23.362,0.000,0.000
56.5265,0.025,-43.497,-0.160,-23.522,0.000,0.000
56.5570,-0.135,-43.497,-0.320,-23.522,0.000,0.000
56.5894,-0.110,-43.522,-0.480,-23.362,0.000,0.000
56.6257,0.025,-43.522,-0.160,-23.362,0.000,0.000
56.6556,-0.135,-43.522,-0.320,-23.362,0.000,0.000
56.6922,-0.135,-43.497,-0.320,-23.522,0.000,0.000
56.7227,-0.135,-43.497,-0.320,-23.522,0.000,0.000
56.7593,0.025,-43.497,-0.160,-23.522,0.000,0.000
56.7899,-0.135,-43.497,-0.320,-23.522,0.000,0.000
56.8323,-0.135,-43.497,-0.320,-23.522,0.000,0.000
56.8552,-0.135,-43.522,-0.320,-23.362,0.000,0.000
56.8850,0.025,-43.522,-0.160,-23.362,0.000,0.000
56.9241,0.025,-43.497,-0.160,-23.522,0.000,0.000
56.9517,-0.135,-43.522,-0.320,-23.362,0.000,0.000
56.9866,0.025,-43.522,-0.160,-23.362,0.000,0.000
57.0242,-0.135,-43.522,-0.320,-23.362,0.000,0.000
57.0528,-0.160,-43.522,-0.160,-23.362,0.000,0.000
57.0853,-0.135,-43.472,-0.320,-23.682,0.000,0.000
57.1226,-0.135,-43.497,-0.320,-23.522,0.000,0.000
57.1531,-0.135,-43.522,-0.320,-23.362,0.000,0.000
57.1854,-0.135,-43.497,-0.320,-23.522,0.000,0.000
57.2237,0.025,-43.522,-0.160,-23.362,0.000,0.000
57.2578,-0.135,-43.447,-0.320,-23.842,0.000,0.000
57.2875,-0.135,-43.522,-0.320,-23.362,0.000,0.000
57.3178,-0.135,-43.522,-0.320,-23.362,0.000,0.000
57.3532,-0.135,-43.522,-0.320,-23.362,0.000,0.000
57.3866,-0.135,-43.522,-0.320,-23.362,0.000,0.000
57.4227,-0.135,-43.522,-0.320,-23.362,0.000,0.000
57.4550,-0.135,-43.497,-0.320,-23.522,0.000,0.000
57.4875,-0.135,-43.522,-0.320,-23.362,0.000,0.000
57.5211,-0.135,-43.522,-0.320,-23.362,0.000,0.000
57.5535,-0.135,-43.522,-0.320,-23.362,0.000,0.000
57.5867,0.025,-43.497,-0.160,-23.522,0.000,0.000
57.6188,-0.135,-43.497,-0.320,-23.522,0.000,0.000
57.6523,-0.135,-43.522,-0.320,-23.362,0.000,0.000
57.6874,-0.135,-43.497,-0.320,-23.522,0.000,0.000
57.7214,-0.135,-43.522,-0.320,-23.362,0.000,0.000
57.7530,-0.135,-43.497,-0.320,-23.522,0.000,0.000
57.7876,-0.135,-43.522,-0.320,-23.362,0.000,0.000
57.8194,-0.135,-43.522,-0.320,-23.362,0.000,0.000
57.8535,-0.135,-43.497,-0.320,-23.522,0.000,0.000
57.8853,-0.135,-43.522,-0.320,-23.362,0.000,0.000
57.9200,-0.135,-43.497,-0.320,-23.522,0.000,0.000
57.9542,-0.135,-43.497,-0.320,-23.522,0.000,0.000
57.9864,-0.135,-43.522,-0.320,-23.362,0.000,0.000
58.0215,-0.135,-43.497,-0.320,-23.522,0.000,0.000
58.0541,0.025,-43.522,-0.160,-23.362,0.000,0.000
58.0863,0.025,-43.497,-0.160,-23.522,0.000,0.000
58.1198,-0.135,-43.337,-0.320,-23.362,0.000,0.000
58.1556,-0.135,-43.497,-0.320,-23.522,0.000,0.000
58.1857,0.025,-43.522,-0.160,-23.362,0.000,0.000
58.2224,0.025,-43.497,-0.160,-23.522,0.000,0.000
58.2528,-0.135,-43.522,-0.320,-23.362,0.000,0.000
58.2876,-0.135,-43.497,-0.320,-23.522,0.000,0.000
58.3224,0.025,-43.522,-0.160,-23.362,0.000,0.000
58.3548,-0.135,-43.497,-0.320,-23.522,0.000,0.000
58.3885,0.025,-43.522,-0.160,-23.362,0.000,0.000
58.4217,0.025,-43.522,-0.160,-23.362,0.000,0.000
58.4535,-0.135,-43.497,-0.320,-23.522,0.000,0.000
58.4856,-0.135,-43.522,-0.320,-23.362,0.000,0.000
58.5244,0.025,-43.522,-0.160,-23.362,0.000,0.000
58.5544,-0.135,-43.522,-0.320,-23.362,0.000,0.000
58.5870,-0.135,-43.522,-0.320,-23.362,0.000,0.000
58.6260,-0.135,-43.497,-0.320,-23.522,0.000,0.000
58.6591,-0.135,-43.497,-0.320,-23.522,0.000,0.000
58.6944,-0.135,-43.522,-0.320,-23.362,0.000,0.000
58.7288,-0.135,-43.497,-0.320,-23.522,0.000,0.000
58.7609,-0.135,-43.522,-0.320,-23.362,0.000,0.000
58.7931,-0.135,-43.497,-0.320,-23.522,0.000,0.000
58.8290,-0.135,-43.522,-0.320,-23.362,0.000,0.000
60.0624,-0.135,-43.497,-0.320,-23.522,0.000,0.000
60.0938,-0.135,-43.497,-0.320,-23.522,0.000,0.000
60.1270,-0.135,-43.497,-0.320,-23.522,0.000,0.000
60.1651,-0.135,-43.497,-0.320,-23.522,0.000,0.000
60.1980,-0.135,-43.522,-0.320,-23.362,0.000,0.000
60.2306,-0.135,-43.522,-0.320,-23.362,0.000,0.000
60.2607,-0.135,-43.522,-0.320,-23.362,0.000,0.000
60.2913,-0.135,-43.497,-0.320,-23.522,0.000,0.000
60.3228,-0.135,-43.497,-0.320,-23.522,0.000,0.000
60.3600,0.025,-43.522,-0.160,-23.362,0.000,0.000
60.3912,-0.160,-43.472,-0.160,-23.682,0.000,0.000
60.4192,-0.135,-43.522,-0.320,-23.362,0.000,0.000
60.4435,-0.135,-43.497,-0.320,-23.522,0.000,0.000
60.4690,-0.135,-43.497,-0.320,-23.522,0.000,0.000
60.4889,-0.135,-43.522,-0.320,-23.362,0.000,0.000
60.5196,0.025,-43.522,-0.160,-23.362,0.000,0.000
60.5453,0.025,-43.497,-0.160,-23.522,0.000,0.000
60.5719,-0.135,-43.497,-0.320,-23.522,0.000,0.000
60.5958,-0.135,-43.497,-0.320,-23.522,0.000,0.000
60.6277,-0.135,-43.497,-0.320,-23.522,0.000,0.000
60.6546,0.025,-43.497,-0.160,-23.522,0.000,0.000
60.6788,-0.135,-43.522,-0.320,-23.362,0.000,0.000
60.7029,0.025,-43.497,-0.160,-23.522,0.000,0.000
60.7283,-0.135,-43.497,-0.320,-23.522,0.000,0.000
60.7555,-0.135,-43.522,-0.320,-23.362,0.000,0.000
60.7893,-0.135,-43.522,-0.320,-23.362,0.000,0.000
60.8226,0.025,-43.522,-0.160,-23.362,0.000,0.000
60.8555,-0.110,-43.472,-0.480,-23.682,0.000,0.000
60.8908,-0.135,-43.522,-0.320,-23.362,0.000,0.000
60.9234,-0.135,-43.522,-0.320,-23.362,0.000,0.000
60.9553,-0.135,-43.497,-0.320,-23.522,0.000,0.000
60.9884,0.025,-43.522,-0.160,-23.362,0.000,0.000
61.0259,0.025,-43.522,-0.160,-23.362,0.000,0.000
61.0595,0.000,-43.497,0.000,-23.522,0.000,0.000
61.0926,-0.135,-43.497,-0.320,-23.522,0.000,0.000
61.1278,-0.135,-43.497,-0.320,-23.522,0.000,0.000
61.1593,-0.135,-43.497,-0.320,-23.522,0.000,0.000
61.1912,-0.135,-43.522,-0.320,-23.362,0.000,0.000
61.2261,-0.135,-43.497,-0.320,-23.522,0.000,0.000
61.2613,-0.135,-43.522,-0.320,-23.362,0.000,0.000
61.2889,-0.135,-43.522,-0.320,-23.362,0.000,0.000
61.3254,-0.135,-43.522,-0.320,-23.362,0.000,0.000
61.3571,0.025,-43.522,-0.160,-23.362,0.000,0.000
61.3914,-0.135,-43.497,-0.320,-23.522,0.000,0.000
61.4276,-0.135,-43.497,-0.320,-23.522,0.000,0.000
61.4600,-0.135,-43.522,-0.320,-23.362,0.000,0.000
61.4894,0.025,-43.522,-0.160,-23.362,0.000,0.000
61.5236,-0.135,-43.522,-0.320,-23.362,0.000,0.000
61.5560,-0.135,-43.522,-0.320,-23.362,0.000,0.000
61.5893,-0.135,-43.522,-0.320,-23.362,0.000,0.000
61.6246,-0.135,-43.522,-0.320,-23.362,0.000,0.000
61.6571,-0.135,-43.522,-0.320,-23.362,0.000,0.000
61.6924,0.025,-43.522,-0.160,-23.362,0.000,0.000
61.7258,-0.135,-43.497,-0.320,-23.522,0.000,0.000
61.7583,0.025,-43.522,-0.160,-23.362,0.000,0.000
61.7905,0.025,-43.497,-0.160,-23.522,0.000,0.000
61.8300,-0.135,-43.522,-0.320,-23.362,0.000,0.000
61.8576,0.025,-43.522,-0.160,-23.362,0.000,0.000
61.8920,-0.135,-43.522,-0.320,-23.362,0.000,0.000
61.9254,0.025,-43.522,-0.160,-23.362,0.000,0.000
61.9602,-0.135,-43.497,-0.320,-23.522,0.000,0.000
61.9919,0.025,-43.497,-0.160,-23.522,0.000,0.000
62.0265,-0.135,-43.522,-0.320,-23.362,0.000,0.000
62.0587,0.025,-43.522,-0.160,-23.362,0.000,0.000
62.0926,-0.135,-43.522,-0.320,-23.362,0.000,0.000
62.1258,0.025,-43.522,-0.160,-23.362,0.000,0.000
62.1591,0.025,-43.522,-0.160,-23.362,0.000,0.000
62.1948,-0.135,-43.522,-0.320,-23.362,0.000,0.000
62.2304,-0.135,-43.522,-0.320,-23.362,0.000,0.000
62.2628,-0.135,-43.522,-0.320,-23.362,0.000,0.000
62.2974,-0.135,-43.522,-0.320,-23.362,0.000,0.000
62.3318,-0.135,-43.497,-0.320,-23.522,0.000,0.000
62.3656,0.025,-43.522,-0.160,-23.362,0.000,0.000
62.3982,-0.135,-43.497,-0.320,-23.522,0.000,0.000
62.4304,-0.135,-43.522,-0.320,-23.362,0.000,0.000
62.4665,-0.135,-43.497,-0.320,-23.522,0.000,0.000
62.5020,-0.135,-43.522,-0.320,-23.362,0.000,0.000
62.5388,-0.135,-43.522,-0.320,-23.362,0.000,0.000
62.5680,0.025,-43.522,-0.160,-23.362,0.000,0.000
62.5993,0.025,-43.522,-0.160,-23.362,0.000,0.000
62.6357,0.025,-43.497,-0.160,-23.522,0.000,0.000
62.6658,0.025,-43.522,-0.160,-23.362,0.000,0.000
62.7040,0.025,-43.522,-0.160,-23.362,0.000,0.000
62.7367,-0.135,-43.497,-0.320,-23.522,0.000,0.000
62.7658,0.025,-43.497,-0.160,-23.522,0.000,0.000
62.8133,0.025,-43.497,-0.160,-23.522,0.000,0.000
62.8373,0.025,-43.472,-0.160,-23.682,0.000,0.000
62.8605,-0.135,-43.497,-0.320,-23.522,0.000,0.000
62.8939,-0.135,-43.497,-0.320,-23.522,0.000,0.000
62.9250,-0.135,-43.522,-0.320,-23.362,0.000,0.000
62.9611,-0.135,-43.497,-0.320,-23.522,0.000,0.000
62.9978,-0.135,-43.497,-0.320,-23.522,0.000,0.000
63.0278,-0.135,-43.497,-0.320,-23.522,0.000,0.000
63.0560,-0.135,-43.497,-0.320,-23.522,0.000,0.000
63.0964,-0.135,-43.497,-0.320,-23.522,0.000,0.000
63.1284,-0.135,-43.522,-0.320,-23.362,0.000,0.000
63.1599,-0.135,-43.497,-0.320,-23.522,0.000,0.000
63.1940,-0.135,-43.497,-0.320,-23.522,0.000,0.000
63.2301,-0.135,-43.497,-0.320,-23.522,0.000,0.000
63.2577,0.025,-43.497,-0.160,-23.522,0.000,0.000
63.2895,-0.135,-43.522,-0.320,-23.362,0.000,0.000
63.3277,0.050,-43.522,-0.320,-23.362,0.000,0.000
63.3583,-0.135,-43.522,-0.320,-23.362,0.000,0.000
